index,d__Bacteria;p__Pseudomonadota;c__Gammaproteobacteria;o__Enterobacterales;f__Enterobacteriaceae;g__Escherichia-Shigella,d__Bacteria;p__Bacillota;c__Bacilli;o__Lactobacillales;f__Streptococcaceae;g__Streptococcus,d__Bacteria;p__Fusobacteriota;c__Fusobacteriia;o__Fusobacteriales;f__Fusobacteriaceae;g__Fusobacterium,d__Bacteria;p__Actinomycetota;c__Actinobacteria;o__Bifidobacteriales;f__Bifidobacteriaceae;g__Bifidobacterium,d__Bacteria;p__Bacillota;c__Bacilli;o__Lactobacillales;f__Enterococcaceae;g__Enterococcus,d__Bacteria;p__Bacillota;c__Negativicutes;o__Veillonellales-Selenomonadales;f__Selenomonadaceae;g__Megamonas,d__Bacteria;p__Bacillota;c__Negativicutes;o__Veillonellales-Selenomonadales;f__Veillonellaceae;g__Veillonella,d__Bacteria;p__Bacillota;c__Negativicutes;o__Veillonellales-Selenomonadales;f__Veillonellaceae;g__Megasphaera,d__Bacteria;p__Bacteroidota;c__Bacteroidia;o__Bacteroidales;f__Bacteroidaceae;g__Bacteroides,d__Bacteria;p__Bacillota;c__Negativicutes;o__Acidaminococcales;f__Acidaminococcaceae;g__Acidaminococcus,d__Bacteria;p__Bacillota;c__Negativicutes;o__Acidaminococcales;f__Acidaminococcaceae;g__Phascolarctobacterium,d__Bacteria;p__Pseudomonadota;c__Gammaproteobacteria;o__Burkholderiales;f__Sutterellaceae;g__Sutterella,d__Bacteria;p__Verrucomicrobiota;c__Verrucomicrobiia;o__Verrucomicrobiales;f__Akkermansiaceae;g__Akkermansia,d__Bacteria;p__Pseudomonadota;c__Gammaproteobacteria;o__Burkholderiales;f__Sutterellaceae;g__Incertae_Sedis,d__Bacteria;p__Bacillota;c__Bacilli;o__Erysipelotrichales;f__Erysipelotrichaceae;g__[Clostridium]_innocuum_group,d__Bacteria;p__Bacteroidota;c__Bacteroidia;o__Bacteroidales;f__Tannerellaceae;g__Parabacteroides,d__Bacteria;p__Bacillota;c__Clostridia;o__Lachnospirales;f__Lachnospiraceae;g__Lachnoclostridium,d__Bacteria;p__Bacillota;c__Bacilli;o__Lactobacillales;f__Lactobacillaceae;g__Ligilactobacillus,d__Bacteria;p__Bacillota;c__Clostridia;o__Lachnospirales;f__Lachnospiraceae;g__Enterocloster,d__Bacteria;p__Bacillota;c__Bacilli;o__Lactobacillales;f__Lactobacillaceae;g__Limosilactobacillus,d__Bacteria;p__Bacillota;c__Clostridia;o__Lachnospirales;f__Lachnospiraceae;g__Blautia,d__Bacteria;p__Bacteroidota;c__Bacteroidia;o__Bacteroidales;f__Prevotellaceae;g__Segatella,d__Bacteria;p__Actinomycetota;c__Coriobacteriia;o__Coriobacteriales;f__Coriobacteriaceae;g__Collinsella,d__Bacteria;p__Bacillota;c__Clostridia;o__Oscillospirales;f__Ruminococcaceae;g__Faecalibacterium,d__Bacteria;p__Bacillota;c__Clostridia;o__Peptostreptococcales-Tissierellales;f__Peptostreptococcaceae;g__Paraclostridium,d__Bacteria;p__Bacillota;c__Bacilli;o__Lactobacillales;f__Lactobacillaceae;g__Lactobacillus,d__Bacteria;p__Bacillota;c__Bacilli;o__Erysipelotrichales;f__Erysipelatoclostridiaceae;g__Thomasclavelia,d__Bacteria;p__Actinomycetota;c__Coriobacteriia;o__Coriobacteriales;f__Eggerthellaceae;g__Eggerthella,d__Bacteria;p__Bacillota;c__Clostridia;o__Oscillospirales;f__Oscillospiraceae;g__Flavonifractor,d__Bacteria;p__Bacillota;c__Clostridia;o__Lachnospirales;f__Lachnospiraceae;g__Dorea,d__Bacteria;p__Thermodesulfobacteriota;c__Desulfovibrionia;o__Desulfovibrionales;f__Desulfovibrionaceae;g__Bilophila,d__Bacteria;p__Bacillota;c__Clostridia;o__Lachnospirales;f__Lachnospiraceae;g__Agathobacter,d__Bacteria;p__Bacillota;c__Negativicutes;o__Veillonellales-Selenomonadales;f__Veillonellaceae;g__Dialister,d__Bacteria;p__Bacillota;c__Clostridia;o__Lachnospirales;f__Lachnospiraceae;g__Anaerostipes,d__Bacteria;p__Bacillota;c__Clostridia;o__Lachnospirales;f__Lachnospiraceae;__,d__Bacteria;p__Bacillota;c__Clostridia;o__Clostridiales;f__Clostridiaceae;g__Clostridium,d__Bacteria;p__Bacillota;c__Bacilli;o__Lactobacillales;f__Lactobacillaceae;g__Lactiplantibacillus,d__Bacteria;p__Bacillota;c__Clostridia;o__Eubacteriales;f__Eubacteriaceae;g__Eubacterium,d__Bacteria;p__Bacillota;c__Clostridia;o__Lachnospirales;f__Lachnospiraceae;g__Mediterraneibacter,d__Bacteria;p__Bacillota;c__Bacilli;o__Erysipelotrichales;f__Erysipelotrichaceae;g__Faecalicoccus,d__Bacteria;p__Bacillota;c__Clostridia;o__Lachnospirales;f__Lachnospiraceae;g__Sellimonas,d__Bacteria;p__Bacillota;c__Clostridia;o__Lachnospirales;f__Lachnospiraceae;g__[Ruminococcus]_gnavus_group,d__Bacteria;p__Bacillota;c__Clostridia;o__Lachnospirales;f__Lachnospiraceae;g__Hungatella,d__Bacteria;p__Bacillota;c__Negativicutes;o__Veillonellales-Selenomonadales;f__Veillonellaceae;g__Allisonella,d__Bacteria;p__Bacteroidota;c__Bacteroidia;o__Bacteroidales;f__Prevotellaceae;g__Prevotellaceae_NK3B31_group,d__Bacteria;p__Bacillota;c__Clostridia;o__Lachnospirales;f__Lachnospiraceae;g__Fusicatenibacter,d__Bacteria;p__Bacillota;c__Clostridia;o__Peptostreptococcales-Tissierellales;f__Peptostreptococcaceae;g__Peptostreptococcus,d__Bacteria;p__Bacillota;c__Bacilli;o__Erysipelotrichales;f__Erysipelotrichaceae;g__Amedibacillus,d__Bacteria;p__Bacillota;c__Bacilli;o__Erysipelotrichales;f__Erysipelotrichaceae;g__Holdemanella,d__Bacteria;p__Bacillota;c__Clostridia;o__Lachnospirales;f__Lachnospiraceae;g__Roseburia,d__Bacteria;p__Bacillota;c__Clostridia;o__Oscillospirales;f__Ruminococcaceae;g__Negativibacillus,d__Bacteria;p__Bacillota;c__Negativicutes;o__Veillonellales-Selenomonadales;f__Selenomonadaceae;g__Mitsuokella,d__Bacteria;p__Bacillota;c__Clostridia;o__Peptostreptococcales-Tissierellales;f__Family_XI;g__Peptoniphilus,d__Bacteria;p__Bacillota;c__Clostridia;o__Oscillospirales;f__Ruminococcaceae;g__Gemmiger,d__Bacteria;p__Bacillota;c__Clostridia;o__Lachnospirales;f__Lachnospiraceae;g__Anaerobutyricum,d__Bacteria;p__Pseudomonadota;c__Gammaproteobacteria;o__Burkholderiales;f__Sutterellaceae;__,d__Bacteria;p__Bacillota;c__Clostridia;o__Lachnospirales;f__Lachnospiraceae;g__Lachnospira,d__Bacteria;p__Bacteroidota;c__Bacteroidia;o__Bacteroidales;f__Rikenellaceae;g__Alistipes,d__Bacteria;p__Bacillota;c__Bacilli;o__Lactobacillales;f__Streptococcaceae;g__Lactococcus,d__Bacteria;p__Thermodesulfobacteriota;c__Desulfovibrionia;o__Desulfovibrionales;f__Desulfovibrionaceae;g__Desulfovibrio,d__Bacteria;p__Bacillota;c__Clostridia;o__Oscillospirales;f__Ruminococcaceae;g__Ruminococcus,d__Bacteria;p__Bacillota;c__Clostridia;o__Lachnospirales;f__Lachnospiraceae;g__Lachnospiraceae_UCG-004,d__Bacteria;p__Bacillota;c__Bacilli;o__Erysipelotrichales;f__Erysipelatoclostridiaceae;g__Erysipelotrichaceae_UCG-003,d__Bacteria;p__Pseudomonadota;c__Gammaproteobacteria;o__Burkholderiales;f__Sutterellaceae;g__Parasutterella,d__Bacteria;p__Bacillota;c__Clostridia;o__Oscillospirales;f__Butyricicoccaceae;g__Agathobaculum,d__Bacteria;p__Bacillota;c__Clostridia;o__Oscillospirales;f__Oscillospiraceae;g__Oscillibacter,d__Bacteria;p__Bacillota;c__Clostridia;o__Oscillospirales;f__Oscillospiraceae;g__UCG-002,d__Bacteria;p__Bacillota;c__Clostridia;o__Clostridia_UCG-014;f__Incertae_Sedis;g__Incertae_Sedis,d__Bacteria;p__Pseudomonadota;c__Gammaproteobacteria;o__Enterobacterales;f__Succinivibrionaceae;g__Succinatimonas,d__Bacteria;p__Bacillota;c__Bacilli;o__Lactobacillales;f__Lactobacillaceae;g__Lacticaseibacillus,d__Bacteria;p__Bacillota;c__Clostridia;o__Oscillospirales;f__Ruminococcaceae;g__Acutalibacter,d__Bacteria;p__Bacillota;c__Clostridia;o__Lachnospirales;f__Lachnospiraceae;g__Lachnospiraceae_NK4A136_group,d__Bacteria;p__Bacteroidota;c__Bacteroidia;o__Bacteroidales;f__Barnesiellaceae;g__Barnesiella,d__Bacteria;p__Bacillota;c__Bacilli;o__Erysipelotrichales;f__Erysipelotrichaceae;g__Faecalitalea,d__Bacteria;p__Bacillota;c__Clostridia;o__Lachnospirales;f__Lachnospiraceae;g__Coprococcus,d__Bacteria;p__Bacillota;c__Bacilli;o__Erysipelotrichales;f__Erysipelatoclostridiaceae;g__Longibaculum,d__Bacteria;p__Bacillota;c__Clostridia;o__Lachnospirales;f__Lachnospiraceae;g__Faecalimonas,d__Bacteria;p__Bacillota;c__Clostridia;o__Monoglobales;f__Monoglobaceae;g__Monoglobus,d__Bacteria;p__Actinomycetota;c__Coriobacteriia;o__Coriobacteriales;f__Eggerthellaceae;g__Slackia,d__Bacteria;p__Bacillota;c__Clostridia;o__Oscillospirales;f__[Eubacterium]_coprostanoligenes_group;g__Incertae_Sedis,d__Bacteria;p__Bacillota;c__Bacilli;o__Erysipelotrichales;f__Erysipelotrichaceae;g__Holdemania,d__Bacteria;p__Bacillota;c__Bacilli;o__Lactobacillales;f__Lactobacillaceae;g__Pediococcus,d__Bacteria;p__Bacillota;c__Clostridia;o__Oscillospirales;f__Oscillospiraceae;g__UCG-003,d__Bacteria;p__Bacillota;c__Clostridia;o__Lachnospirales;f__Lachnospiraceae;g__[Ruminococcus]_gauvreauii_group,d__Bacteria;p__Bacillota;c__Clostridia;o__Oscillospirales;f__Oscillospiraceae;g__Intestinimonas,d__Bacteria;p__Bacillota;c__Clostridia;o__Peptostreptococcales-Tissierellales;f__Anaerovoracaceae;g__[Eubacterium]_brachy_group,d__Bacteria;p__Pseudomonadota;c__Gammaproteobacteria;o__Enterobacterales;f__Enterobacteriaceae;g__Klebsiella,d__Bacteria;p__Bacteroidota;c__Bacteroidia;o__Bacteroidales;f__Barnesiellaceae;g__Coprobacter,d__Bacteria;p__Bacteroidota;c__Bacteroidia;o__Bacteroidales;f__Marinifilaceae;g__Odoribacter,d__Bacteria;p__Bacillota;c__Clostridia;o__Lachnospirales;f__Lachnospiraceae;g__[Eubacterium]_eligens_group,d__Bacteria;p__Pseudomonadota;c__Gammaproteobacteria;o__Enterobacterales;f__Enterobacteriaceae;g__Enterobacter,d__Bacteria;p__Bacteroidota;c__Bacteroidia;o__Bacteroidales;f__Prevotellaceae;g__Paraprevotella,d__Bacteria;p__Bacillota;c__Clostridia;o__Lachnospirales;f__Lachnospiraceae;g__Lachnospiraceae_ND3007_group,d__Bacteria;p__Bacillota;c__Clostridia;o__Oscillospirales;f__Oscillospiraceae;__,d__Bacteria;p__Bacillota;c__Clostridia;o__Lachnospirales;f__Lachnospiraceae;g__[Eubacterium]_ventriosum_group,d__Bacteria;p__Bacteroidota;c__Bacteroidia;o__Bacteroidales;f__Prevotellaceae;g__Incertae_Sedis,d__Bacteria;p__Bacillota;c__Clostridia;o__Oscillospirales;f__Oscillospiraceae;g__Colidextribacter,d__Bacteria;p__Bacillota;c__Clostridia;o__Oscillospirales;f__Ruminococcaceae;g__Ruthenibacterium,d__Bacteria;p__Pseudomonadota;c__Gammaproteobacteria;o__Burkholderiales;f__Sutterellaceae;g__Turicimonas,d__Bacteria;p__Bacillota;c__Clostridia;o__Peptostreptococcales-Tissierellales;f__Anaerovoracaceae;g__Incertae_Sedis,d__Bacteria;p__Verrucomicrobiota;c__Lentisphaeria;o__Victivallales;f__Victivallaceae;g__Victivallis,d__Bacteria;p__Bacillota;c__Clostridia;o__Peptostreptococcales-Tissierellales;f__Peptostreptococcaceae;g__Intestinibacter,d__Bacteria;p__Bacillota;c__Clostridia;o__Oscillospirales;f__Oscillospiraceae;g__Incertae_Sedis,d__Bacteria;p__Bacillota;c__Bacilli;o__Erysipelotrichales;f__Erysipelotrichaceae;g__Turicibacter,d__Bacteria;p__Actinomycetota;c__Coriobacteriia;o__Coriobacteriales;f__Atopobiaceae;g__Tractidigestivibacter,d__Bacteria;p__Bacillota;c__Clostridia;o__Oscillospirales;f__Ruminococcaceae;__,d__Bacteria;p__Bacillota;c__Clostridia;o__Peptostreptococcales-Tissierellales;f__Peptostreptococcaceae;g__Romboutsia,d__Bacteria;p__Actinomycetota;c__Coriobacteriia;o__Coriobacteriales;f__Eggerthellaceae;g__Senegalimassilia,d__Bacteria;p__Pseudomonadota;c__Alphaproteobacteria;o__Rhodospirillales;f__Incertae_Sedis;g__Incertae_Sedis,d__Bacteria;p__Bacteroidota;c__Bacteroidia;o__Bacteroidales;f__Marinifilaceae;g__Butyricimonas,d__Bacteria;p__Bacillota;c__Clostridia;o__Christensenellales;f__Christensenellaceae;g__Christensenella,d__Bacteria;p__Bacillota;c__Clostridia;o__Oscillospirales;f__Ruminococcaceae;g__DTU089,d__Bacteria;p__Bacillota;c__Clostridia;o__Oscillospirales;f__Ruminococcaceae;g__Anaerotruncus,d__Bacteria;p__Bacillota;c__Clostridia;o__Oscillospirales;f__Ruminococcaceae;g__Candidatus_Soleaferrea,d__Bacteria;p__Actinomycetota;c__Coriobacteriia;o__Coriobacteriales;f__Atopobiaceae;g__Olsenella,d__Bacteria;p__Bacteroidota;c__Bacteroidia;o__Bacteroidales;f__Muribaculaceae;g__Incertae_Sedis,d__Bacteria;p__Bacillota;c__Clostridia;o__Oscillospirales;f__Ethanoligenenaceae;g__Acetanaerobacterium,d__Bacteria;p__Bacillota;c__Clostridia;o__Lachnospirales;f__Lachnospiraceae;g__Extibacter,d__Bacteria;p__Bacillota;c__Bacilli;o__Erysipelotrichales;f__Erysipelotrichaceae;g__Dielma,d__Bacteria;p__Pseudomonadota;c__Gammaproteobacteria;o__Enterobacterales;f__Pasteurellaceae;g__Haemophilus,d__Bacteria;p__Bacillota;c__Clostridia;o__Peptostreptococcales-Tissierellales;f__Family_XI;g__Finegoldia,d__Bacteria;p__Bacillota;c__Bacilli;o__Bacillales;f__Bacillaceae;g__Bacillus,d__Bacteria;p__Bacillota;c__Clostridia;o__Lachnospirales;f__Lachnospiraceae;g__Incertae_Sedis,d__Bacteria;p__Pseudomonadota;c__Gammaproteobacteria;o__Enterobacterales;f__Enterobacteriaceae;g__Citrobacter,d__Bacteria;p__Bacillota;c__Clostridia;o__Lachnospirales;f__Lachnospiraceae;g__Eisenbergiella,d__Bacteria;p__Bacillota;c__Clostridia;o__Oscillospirales;f__Oscillospiraceae;g__UCG-005,d__Bacteria;p__Bacteroidota;c__Bacteroidia;o__Bacteroidales;f__Barnesiellaceae;g__Incertae_Sedis,d__Bacteria;__;__;__;__;__,d__Bacteria;p__Bacillota;c__Clostridia;o__Oscillospirales;f__Oscillospiraceae;g__Pseudoflavonifractor,d__Bacteria;p__Bacillota;c__Clostridia;o__Lachnospirales;f__Lachnospiraceae;g__Lachnospiraceae_FCS020_group,d__Bacteria;p__Bacillota;c__Clostridia;o__Lachnospirales;f__Lachnospiraceae;g__Tyzzerella,d__Bacteria;p__Bacillota;c__Clostridia;o__Christensenellales;f__Christensenellaceae;g__Christensenellaceae_R-7_group,d__Bacteria;p__Bacillota;c__Clostridia;o__Lachnospirales;f__Lachnospiraceae;g__CAG-56,d__Bacteria;p__Bacillota;c__Clostridia;o__Lachnospirales;f__Lachnospiraceae;g__Faecalicatena,d__Bacteria;p__Bacillota;c__Clostridia;o__Lachnospirales;f__Lachnospiraceae;g__Lactonifactor,d__Bacteria;p__Bacillota;c__Clostridia;o__Oscillospirales;f__Oscillospiraceae;g__NK4A214_group,d__Bacteria;p__Bacillota;c__Clostridia;o__Lachnospirales;f__Lachnospiraceae;g__Anaerotignum,d__Bacteria;p__Bacillota;c__Clostridia;o__Oscillospirales;f__Ruminococcaceae;g__Phocea,d__Bacteria;p__Bacillota;c__Clostridia;o__Oscillospirales;f__Ruminococcaceae;g__Incertae_Sedis,d__Bacteria;p__Thermodesulfobacteriota;c__Desulfovibrionia;o__Desulfovibrionales;f__Desulfovibrionaceae;g__Incertae_Sedis,d__Bacteria;p__Bacillota;c__Bacilli;o__Erysipelotrichales;f__Erysipelatoclostridiaceae;g__Massiliomicrobiota,d__Bacteria;p__Bacillota;c__Clostridia;o__Oscillospirales;f__Oscillospiraceae;g__Oscillospira,d__Bacteria;p__Bacteroidota;c__Bacteroidia;o__Flavobacteriales;f__Flavobacteriaceae;g__Incertae_Sedis,d__Bacteria;p__Bacillota;c__Bacilli;o__Erysipelotrichales;f__Erysipelotrichaceae;g__Absiella,d__Bacteria;p__Bacillota;c__Bacilli;o__Erysipelotrichales;f__Erysipelotrichaceae;g__Incertae_Sedis,d__Bacteria;p__Actinomycetota;c__Coriobacteriia;o__Coriobacteriales;f__Eggerthellaceae;g__Adlercreutzia,d__Bacteria;p__Bacillota;c__Clostridia;o__Peptostreptococcales-Tissierellales;f__Anaerovoracaceae;g__Family_XIII_AD3011_group,d__Bacteria;p__Bacillota;c__Clostridia;o__Lachnospirales;f__Lachnospiraceae;g__Lachnospiraceae_UCG-010,d__Bacteria;p__Actinomycetota;c__Coriobacteriia;o__Coriobacteriales;f__Coriobacteriaceae;g__Enorma,d__Bacteria;p__Bacillota;c__Bacilli;o__Erysipelotrichales;f__Erysipelotrichaceae;g__Merdibacter,d__Bacteria;p__Bacillota;c__Clostridia;o__Peptostreptococcales-Tissierellales;f__Peptostreptococcaceae;g__Paeniclostridium,d__Bacteria;p__Bacillota;c__Clostridia;o__Lachnospirales;f__Lachnospiraceae;g__Frisingicoccus,d__Bacteria;p__Bacillota;c__Clostridia;o__Oscillospirales;f__UCG-010;g__Incertae_Sedis,d__Bacteria;p__Bacillota;c__Clostridia;o__Peptostreptococcales-Tissierellales;f__Family_XI;g__Ezakiella,d__Bacteria;p__Bacillota;c__Clostridia;o__Lachnospirales;f__Lachnospiraceae;g__GCA-900066575,d__Bacteria;p__Bacillota;c__Clostridia;o__Clostridia_vadinBB60_group;f__Incertae_Sedis;g__Incertae_Sedis,d__Bacteria;p__Bacillota;c__Clostridia;o__Oscillospirales;f__Ruminococcaceae;g__Fournierella,d__Bacteria;p__Bacillota;c__Clostridia;o__Lachnospirales;f__Lachnospiraceae;g__GCA-900066755,d__Bacteria;p__Bacillota;c__Negativicutes;o__Veillonellales-Selenomonadales;f__Veillonellaceae;g__Negativicoccus,d__Bacteria;p__Bacillota;c__Clostridia;o__Oscillospirales;f__Ruminococcaceae;g__[Clostridium]_methylpentosum_group,d__Bacteria;p__Bacteroidota;c__Bacteroidia;o__Bacteroidales;f__Prevotellaceae;g__Prevotellaceae_UCG-001,d__Bacteria;p__Bacillota;c__Clostridia;o__Lachnospirales;f__Lachnospiraceae;g__Marvinbryantia,d__Bacteria;p__Bacillota;c__Clostridia;o__Peptostreptococcales-Tissierellales;f__Anaerovoracaceae;g__Family_XIII_UCG-001,d__Bacteria;p__Bacillota;c__Clostridia;o__Oscillospirales;f__Ruminococcaceae;g__Anaerofilum,d__Bacteria;p__Bacillota;c__Clostridia;o__Oscillospirales;f__Butyricicoccaceae;g__UCG-009,d__Bacteria;p__Pseudomonadota;c__Gammaproteobacteria;o__Burkholderiales;f__Oxalobacteraceae;g__Oxalobacter,d__Bacteria;p__Actinomycetota;c__Coriobacteriia;o__Coriobacteriales;f__Eggerthellaceae;g__CHKCI002,d__Bacteria;p__Bacillota;c__Clostridia;o__Oscillospirales;f__Butyricicoccaceae;g__Butyricicoccus,d__Bacteria;p__Bacillota;c__Clostridia;o__Christensenellales;f__Christensenellaceae;g__Incertae_Sedis,d__Bacteria;p__Pseudomonadota;c__Gammaproteobacteria;o__Enterobacterales;f__Enterobacteriaceae;__,d__Bacteria;p__Bacillota;c__Clostridia;o__Lachnospirales;f__Lachnospiraceae;g__UC5-1-2E3,d__Bacteria;p__Actinomycetota;c__Coriobacteriia;o__Coriobacteriales;f__Eggerthellaceae;g__Gordonibacter,d__Bacteria;p__Bacillota;c__Bacilli;o__Erysipelotrichales;f__Erysipelatoclostridiaceae;g__Coprobacillus,d__Bacteria;p__Bacillota;c__Clostridia;o__Lachnospirales;f__Lachnospiraceae;g__[Eubacterium]_xylanophilum_group,d__Bacteria;p__Actinomycetota;c__Coriobacteriia;o__Coriobacteriales;f__Coriobacteriales_Incertae_Sedis;g__Incertae_Sedis,d__Bacteria;p__Actinomycetota;c__Actinobacteria;o__Actinomycetales;f__Actinomycetaceae;g__Schaalia,d__Bacteria;p__Bacillota;c__Bacilli;o__Lactobacillales;f__Carnobacteriaceae;g__Granulicatella,d__Bacteria;p__Bacillota;c__Negativicutes;o__Veillonellales-Selenomonadales;f__Veillonellaceae;g__Anaeroglobus,Unassigned;__;__;__;__;__,d__Bacteria;p__Bacillota;c__Bacilli;o__Lactobacillales;f__Lactobacillaceae;g__Lentilactobacillus,d__Bacteria;p__Actinomycetota;c__Coriobacteriia;o__Coriobacteriales;f__Atopobiaceae;g__Atopobium,d__Bacteria;p__Bacillota;c__Clostridia;o__Lachnospirales;f__Lachnospiraceae;g__Shuttleworthia,d__Bacteria;p__Bacillota;c__Clostridia;o__Lachnospirales;f__Defluviitaleaceae;g__Defluviitaleaceae_UCG-011,d__Bacteria;p__Bacillota;c__Bacilli;o__Erysipelotrichales;f__Erysipelotrichaceae;g__Anaerorhabdus,d__Bacteria;p__Actinomycetota;c__Coriobacteriia;o__Coriobacteriales;f__Atopobiaceae;__,d__Bacteria;p__Bacillota;c__Incertae_Sedis;o__DTU014;f__Incertae_Sedis;g__Incertae_Sedis,d__Bacteria;p__Bacillota;c__Clostridia;o__Lachnospirales;f__Lachnospiraceae;g__Lachnospiraceae_FE2018_group,d__Bacteria;p__Bacillota;c__Clostridia;o__Eubacteriales;f__Anaerofustaceae;g__Anaerofustis,d__Bacteria;p__Bacillota;c__Clostridia;o__Lachnospirales;f__Lachnospiraceae;g__Butyribacter,d__Bacteria;p__Actinomycetota;c__Actinobacteria;o__Actinomycetales;f__Actinomycetaceae;g__Actinomyces,d__Bacteria;p__Bacillota;c__Clostridia;o__Peptococcales;f__Peptococcaceae;g__Incertae_Sedis,d__Bacteria;p__Bacillota;c__Bacilli;o__Erysipelotrichales;f__Erysipelotrichaceae;g__Solobacterium,d__Bacteria;p__Bacillota;c__Clostridia;o__Peptostreptococcales-Tissierellales;f__Peptostreptococcaceae;g__Terrisporobacter,d__Bacteria;p__Patescibacteria;c__Saccharimonadia;o__Saccharimonadales;f__Saccharimonadaceae;g__TM7x,d__Bacteria;p__Bacillota;c__Bacilli;o__Staphylococcales;f__Gemellaceae;g__Gemella,d__Bacteria;p__Bacillota;c__Clostridia;o__Lachnospirales;f__Lachnospiraceae;g__Catenibacillus,d__Bacteria;p__Actinomycetota;c__Coriobacteriia;o__Coriobacteriales;f__Eggerthellaceae;g__Incertae_Sedis,d__Bacteria;p__Actinomycetota;c__Coriobacteriia;o__Coriobacteriales;f__Atopobiaceae;g__Lancefieldella,d__Bacteria;p__Bacillota;c__Bacilli;o__Staphylococcales;f__Staphylococcaceae;g__Staphylococcus,d__Bacteria;p__Bacillota;c__Clostridia;o__Oscillospirales;f__Ruminococcaceae;g__Paludicola,d__Bacteria;p__Bacillota;c__Clostridia;o__Oscillospirales;f__Ruminococcaceae;g__Caproiciproducens,d__Bacteria;p__Spirochaetota;c__Brachyspirae;o__Brachyspirales;f__Brachyspiraceae;g__Brachyspira,d__Bacteria;p__Bacillota;c__Clostridia;o__Oscillospirales;f__Ruminococcaceae;g__Harryflintia,d__Bacteria;p__Bacillota;c__Clostridia;o__Peptostreptococcales-Tissierellales;f__Peptostreptococcaceae;g__Peptoclostridium,d__Bacteria;p__Bacillota;c__Bacilli;o__Lactobacillales;__;__,d__Bacteria;p__Bacillota;c__Clostridia;o__Oscillospirales;f__Ruminococcaceae;g__Hydrogenoanaerobacterium,d__Bacteria;p__Bacillota;c__Clostridia;o__Oscillospirales;f__Oscillospiraceae;g__Papillibacter,d__Bacteria;p__Actinomycetota;c__Actinobacteria;o__Micrococcales;f__Micrococcaceae;g__Rothia,d__Bacteria;p__Bacillota;c__Clostridia;o__Oscillospirales;f__Oscillospiraceae;g__UCG-007,d__Bacteria;p__Bacillota;c__Bacilli;__;__;__,d__Bacteria;p__Bacillota;c__Clostridia;o__Lachnospirales;f__Lachnospiraceae;g__Lachnospiraceae_NC2004_group,d__Bacteria;p__Bacillota;c__Clostridia;o__Peptostreptococcales-Tissierellales;f__Anaerovoracaceae;__,d__Bacteria;p__Campylobacterota;c__Campylobacteria;o__Campylobacterales;f__Campylobacteraceae;g__Campylobacter,d__Bacteria;p__Pseudomonadota;c__Gammaproteobacteria;o__Burkholderiales;f__Neisseriaceae;g__Incertae_Sedis,d__Bacteria;p__Acidobacteriota;c__Vicinamibacteria;o__Vicinamibacterales;f__Incertae_Sedis;g__Incertae_Sedis,d__Bacteria;p__Pseudomonadota;c__Gammaproteobacteria;o__Burkholderiales;f__Oxalobacteraceae;__,d__Bacteria;p__Bacillota;c__Bacilli;o__Erysipelotrichales;f__Erysipelotrichaceae;g__Longicatena,d__Bacteria;p__Bacillota;c__Bacilli;o__Lactobacillales;f__Lactobacillaceae;__,d__Bacteria;p__Actinomycetota;c__Actinobacteria;o__Propionibacteriales;f__Propionibacteriaceae;g__Cutibacterium,d__Bacteria;p__Bacillota;c__Clostridia;o__Oscillospirales;f__Incertae_Sedis;g__Incertae_Sedis,d__Bacteria;p__Actinomycetota;c__Coriobacteriia;o__Coriobacteriales;f__Eggerthellaceae;g__Asaccharobacter,d__Bacteria;p__Bacillota;c__Clostridia;__;__;__,d__Bacteria;p__Verrucomicrobiota;c__Lentisphaeria;o__Victivallales;f__vadinBE97;g__Incertae_Sedis,d__Bacteria;p__Bacillota;__;__;__;__,d__Bacteria;p__Bacillota;c__Clostridia;o__Peptostreptococcales-Tissierellales;f__Family_XI;g__Anaerococcus,d__Bacteria;p__Bacillota;c__Negativicutes;o__Veillonellales-Selenomonadales;f__Veillonellaceae;g__Incertae_Sedis,d__Bacteria;p__Bacillota;c__Clostridia;o__Lachnospirales;f__Lachnospiraceae;g__[Eubacterium]_oxidoreducens_group,d__Bacteria;p__Bacteroidota;c__Bacteroidia;o__Bacteroidales;f__Prevotellaceae;g__Hoylesella,BarcodeSequence,LinkerPrimerSequence,Year,Month,Feature,Subject,Cluster,Description
PI-073,50,53,10,2969,0,13,0,1220,28772,7,1807,1905,0,170,0,961,967,0,2338,0,4357,7,448,11650,0,0,5,96,61,711,300,2446,0,2162,1413,15,0,0,2260,0,6,25,0,0,0,1264,0,28,0,3806,15,0,0,410,883,0,1829,514,0,0,0,80,1185,0,1239,87,49,0,6,0,47,286,75,0,628,0,0,440,0,0,23,0,0,0,0,0,0,120,80,1126,0,0,322,0,475,0,147,5,39,0,0,0,117,0,0,605,0,0,0,11,0,0,4,11,0,0,0,0,0,0,0,0,0,0,0,6,15,0,0,34,215,0,0,0,3,89,0,19,57,0,0,0,0,7,0,105,15,32,0,0,10,0,0,0,0,0,0,0,0,0,0,0,0,0,16,0,0,0,0,0,0,0,0,0,23,22,0,0,0,0,0,0,0,0,21,0,0,0,0,2,0,0,0,3,0,0,0,0,0,0,6,0,0,0,5,0,0,0,0,0,0,0,0,0,0,0,0,0,2,0,0,0,0,0,0,0,0,0,GTAGAGGA,CTGTCTCTTATACACATCT,2026,5,FEC,HS-01-0-FEC-01,HS-01,S-KUHIMM
PI-075,37,485,0,1213,0,7395,54,307,4591,0,0,0,7,638,5,200,241,0,52,5,1983,22877,801,7358,0,2,24,35,0,634,23,869,2601,422,725,6,0,0,713,0,28,10,0,200,0,140,0,0,0,1275,52,0,0,964,420,146,65,327,0,0,486,0,0,0,225,29,140,0,0,0,26,22,0,0,0,0,10,6,0,48,0,0,31,0,0,0,0,0,8,0,0,0,48,0,190,0,4,0,0,0,0,0,0,0,0,256,0,0,0,0,0,0,0,0,0,0,0,0,0,10,0,0,0,0,0,0,0,11,0,7,52,0,130,0,0,38,0,0,26,0,0,0,0,0,0,0,3,17,0,0,0,0,0,0,0,0,0,0,0,0,0,0,0,0,0,0,0,0,0,0,0,0,0,0,0,6,5,0,0,0,0,0,0,0,0,0,0,0,11,0,0,0,0,0,0,0,0,0,0,0,4,0,0,0,0,0,0,0,0,0,0,0,0,0,0,0,0,0,0,0,0,0,0,0,0,0,0,0,GCTCATGA,CTGTCTCTTATACACATCT,2026,5,FEC,HS-02-0-FEC-01,HS-02,S-KUHIMM
PI-076,47,1167,65,1137,3,0,4,0,22287,0,2575,0,7245,385,46,2796,347,0,958,0,5929,0,937,3435,0,185,214,25,153,142,329,7644,0,26,202,3,0,0,1933,0,69,172,10,0,6083,0,0,7,0,99,3,0,0,270,1805,0,908,558,8,0,2230,0,0,974,236,394,149,0,0,0,118,1710,0,4,7,0,183,64,0,133,11,0,154,0,14,16,0,50,180,0,0,921,0,11,0,0,246,68,0,0,0,0,202,0,0,0,97,0,0,82,0,3,18,0,0,0,2,11,4,0,0,0,70,0,45,22,0,0,6,48,0,0,0,9,0,0,0,32,54,0,9,7,0,0,0,0,52,204,0,4,0,79,0,0,31,0,0,14,0,0,0,74,6,3,26,0,0,0,0,0,0,0,8,0,0,9,0,0,0,0,0,0,0,17,0,0,0,0,0,0,0,0,0,0,7,0,0,0,0,4,0,0,0,0,0,0,0,0,0,0,0,0,0,0,0,0,0,0,0,2,0,0,0,0,0,0,0,0,GCTCATGA,CTGTCTCTTATACACATCT,2026,5,FEC,HS-03-0-FEC-01,HS-03,S-KUHIMM
PI-077,119,26,0,279,48,2990,0,0,2837,589,0,279,9,0,0,449,18,0,175,0,1485,9767,58,4634,0,0,5,0,40,368,82,627,1022,84,45,44,0,2,22,0,10,51,9,0,0,122,0,0,176,475,84,437,0,1032,289,0,215,551,0,0,3314,46,0,0,167,248,789,0,38,0,524,316,0,0,11,0,16,49,23,217,0,0,64,312,57,0,0,0,39,273,0,170,59,205,194,1016,0,0,0,5,12,0,118,0,21,122,84,0,370,79,0,22,18,0,0,0,0,31,0,0,0,0,29,0,0,226,0,11,0,34,0,21,0,0,0,87,0,6,113,14,0,36,0,0,0,0,26,0,0,0,0,31,20,0,19,0,0,0,0,0,81,0,15,0,0,0,0,0,15,0,0,0,0,12,5,0,0,0,0,0,0,0,0,0,0,18,0,0,0,0,0,0,0,0,0,0,0,0,0,0,0,0,0,0,0,0,0,0,0,0,3,3,0,0,0,0,0,0,0,0,0,0,0,0,0,0,0,0,GCTCATGA,CTGTCTCTTATACACATCT,2026,5,FEC,HS-04-0-FEC-01,HS-04,S-KUHIMM
PI-078,1359,3362,0,12661,11,0,4750,0,21738,4302,1381,0,0,0,0,973,142,0,3514,0,2281,0,1111,637,0,0,5,16,35,966,82,649,0,680,1754,7,0,0,62,0,0,331,0,0,0,945,0,0,0,30,0,0,0,664,567,0,99,0,0,0,0,121,0,0,896,30,0,0,0,0,12,5,0,0,0,0,0,40,0,0,0,0,8,258,0,3,0,46,14,0,0,0,0,0,26,0,0,5,0,0,0,0,8,0,0,0,0,0,0,0,0,0,0,0,0,0,0,0,0,186,0,516,0,0,0,0,0,9,0,0,14,0,0,0,0,0,0,0,0,0,0,0,0,11,0,0,0,0,0,0,0,0,0,0,0,0,4,0,0,0,0,0,0,0,3,0,0,0,0,0,0,0,0,0,0,27,12,0,0,0,0,0,0,0,0,0,0,0,0,0,0,3,0,4,6,0,0,0,0,0,0,0,0,0,0,0,0,2,0,0,0,0,0,0,0,0,0,0,0,0,0,0,0,0,0,0,0,0,GCTCATGA,CTGTCTCTTATACACATCT,2026,5,FEC,HS-05-0-FEC-01,HS-05,S-KUHIMM
PI-079,16,484,162,162,13,0,2,0,23298,0,5066,0,9020,1391,29,0,213,0,1475,0,5495,8,0,1623,0,0,114,77,277,0,176,2599,0,512,196,23,0,0,28,0,88,328,45,0,0,1163,0,0,0,1798,178,0,0,0,44,0,737,302,0,0,805,0,0,2,352,371,0,0,0,0,37,1798,304,0,0,0,297,400,0,459,19,0,0,0,79,14,0,157,90,0,0,0,0,0,127,0,207,83,0,23,0,449,180,0,0,0,37,0,0,0,0,10,11,4,0,0,0,11,0,0,0,0,115,0,83,7,0,0,0,0,148,0,0,0,0,0,0,0,136,0,7,0,0,0,0,0,16,13,0,0,0,0,75,0,8,0,7,0,0,0,0,0,7,0,0,0,0,11,11,0,0,4,0,0,0,0,9,0,0,0,0,37,0,0,0,0,0,0,0,0,0,9,0,0,2,0,0,0,0,0,0,0,0,0,0,5,0,0,0,0,0,0,3,0,0,0,0,0,0,0,0,0,0,0,0,0,0,0,GCTCATGA,CTGTCTCTTATACACATCT,2026,5,FEC,HS-06-0-FEC-01,HS-06,S-KUHIMM
PJ-081,17670,11,22636,3247,2466,0,6,12451,19832,0,3214,4554,0,130,26,2262,938,0,1256,0,434,0,213,2,13,0,215,41,106,1220,12,0,2,1612,138,11,0,11,1243,0,9,208,0,0,0,12,0,46,0,0,0,0,158,0,531,0,0,14,0,0,0,0,365,0,395,0,0,0,19,0,0,0,13,0,0,0,0,0,0,0,0,0,0,0,0,0,0,11,6,0,19,0,0,0,0,0,0,0,76,0,0,0,0,0,0,29,0,0,0,0,0,0,0,6,0,0,0,0,0,0,0,0,0,0,0,0,0,3,0,0,0,0,0,0,0,0,0,0,0,0,0,0,0,11,0,0,0,0,0,0,0,0,0,0,0,0,0,0,0,0,0,0,0,0,0,0,0,0,0,0,0,0,0,0,0,0,0,0,6,0,0,0,0,0,0,0,0,0,0,0,0,0,0,0,0,0,0,0,0,0,0,0,0,0,0,0,0,0,0,0,0,0,0,0,0,0,0,0,0,0,0,0,0,0,0,0,0,0,AAGAGGCA,CTGTCTCTTATACACATCT,2026,5,GAM,HS-01-GAM-48h,HS-01,S-KUHIMM
PJ-082,13739,8,24383,2356,1758,0,1,6067,20711,0,5306,5891,0,177,67,2379,1433,0,1081,0,515,0,575,0,5,0,68,63,417,1474,51,0,0,37,58,0,0,10,902,16,5,29,0,0,0,0,0,120,0,0,0,0,0,0,35,0,4,51,0,0,0,0,794,0,315,0,0,0,20,0,3,0,27,0,0,0,0,0,0,0,21,0,0,0,0,0,0,19,7,0,22,0,0,0,0,0,16,0,100,0,0,0,0,0,0,37,0,0,0,0,4,0,0,7,0,0,6,0,8,0,0,0,0,0,0,0,0,12,0,0,0,0,0,0,0,0,0,0,0,0,0,0,0,31,0,0,0,0,0,0,0,0,0,0,0,0,0,0,0,0,0,0,0,0,0,0,0,0,0,0,0,0,0,0,0,0,0,0,5,0,0,0,0,0,0,0,0,0,0,0,0,0,0,0,0,0,0,0,0,0,0,0,0,0,0,0,0,0,0,0,0,0,0,0,0,0,0,0,0,0,0,0,0,0,0,0,0,0,AAGAGGCA,CTGTCTCTTATACACATCT,2026,5,mGAM,HS-01-modifiedGAM-48h,HS-01,S-KUHIMM
PJ-083,416,118,7,35409,263,44,0,629,13376,0,568,11859,0,80,28,229,10,0,8,0,52,19,1008,126,0,0,0,17,0,23,0,41,6,27,7,6,0,0,102,0,0,0,0,0,0,25,0,68,0,31,0,0,0,0,6,0,30,44,0,0,0,0,186,0,10,2,2,0,0,0,0,0,4,0,16,0,0,9,0,0,0,0,0,0,0,0,0,19,13,15,0,0,0,0,0,0,0,0,24,0,0,0,0,0,0,0,0,0,0,0,0,0,0,0,0,0,0,0,0,0,0,0,0,0,0,0,0,0,0,0,4,0,0,0,0,0,0,0,0,0,0,0,0,25,0,0,0,0,0,0,4,0,0,0,0,0,0,0,0,0,0,0,0,0,0,0,0,0,0,0,0,0,0,0,0,2,0,0,22,0,0,0,0,0,0,0,0,0,0,0,0,0,0,0,0,0,0,0,0,0,0,0,0,0,0,0,0,0,0,0,0,0,0,0,0,0,0,0,0,0,0,0,0,0,0,0,0,0,GTAGAGGA,CTGTCTCTTATACACATCT,2026,5,RCM,HS-01-RCM-48h,HS-01,S-KUHIMM
PJ-084,25424,93,28987,839,1511,0,0,1639,14347,0,4753,3242,0,107,547,560,138,0,677,0,94,0,239,9,0,0,31,138,689,2147,186,6,0,52,2624,4,0,21,193,0,30,0,353,0,12,5,0,37,0,0,8,0,7,50,0,0,9,104,0,0,0,490,52,0,55,0,0,0,0,0,3,0,30,0,0,0,0,3,0,0,31,0,5,0,0,0,42,0,6,0,50,0,4,0,0,0,18,0,66,0,0,0,0,0,0,0,0,0,0,0,16,0,0,8,0,0,6,0,46,0,0,0,0,0,0,0,0,8,0,0,0,0,0,0,0,0,0,0,18,0,0,0,0,7,0,0,0,0,0,0,0,0,0,50,0,0,5,0,0,10,0,0,0,0,0,0,0,0,0,0,0,0,0,0,0,0,0,0,2,0,0,0,0,0,0,0,0,0,0,0,0,0,0,0,0,0,0,0,0,0,0,0,0,0,0,0,0,0,0,0,0,0,0,0,0,0,0,0,0,0,0,0,0,0,0,0,0,0,GTAGAGGA,CTGTCTCTTATACACATCT,2026,5,BHI,HS-01-BHI-48h,HS-01,S-KUHIMM
PJ-085,32443,2980,142,8616,4466,50,0,2060,20532,23,1978,1272,0,0,2550,354,0,0,0,0,8,10,70,34,0,0,608,216,0,5,0,8,28,0,4,0,0,19,12,0,0,0,0,0,0,0,0,3285,16,0,0,4,0,0,0,0,19,12,0,0,0,0,10,0,0,0,0,0,0,3,0,0,0,0,0,0,0,0,0,0,0,0,0,0,0,0,0,19,6,7,0,0,0,0,0,0,0,0,0,0,0,0,0,0,0,0,0,0,0,0,0,0,0,0,0,0,0,0,39,0,0,0,0,0,0,0,0,0,0,0,0,0,0,0,0,0,0,0,0,0,0,0,0,0,0,0,0,0,0,0,0,0,0,0,0,0,0,0,0,0,0,0,0,0,0,0,0,0,0,0,0,14,0,0,0,0,0,0,0,0,0,0,0,0,0,0,0,0,0,0,0,0,0,0,0,0,0,0,0,0,0,0,0,0,0,0,0,0,0,0,0,0,0,0,0,0,0,0,0,0,0,0,0,0,2,0,0,0,GTAGAGGA,CTGTCTCTTATACACATCT,2026,5,YCFA,HS-01-YCFA-48h,HS-01,S-KUHIMM
PJ-086,18965,71,20004,1550,1097,0,38,12726,16435,32,3570,4239,0,0,642,1042,620,0,110,0,157,0,150,7,11,0,22,76,347,963,25,0,0,8,1816,4,0,19,33,0,13,0,259,0,0,0,0,502,0,342,25,0,10,0,16,0,7,50,0,0,0,392,31,0,289,3,0,0,66,0,0,0,13,0,24,0,0,0,0,0,29,0,0,0,0,0,0,67,13,0,23,0,0,0,0,0,12,0,81,0,0,0,0,0,0,30,0,0,0,0,24,0,0,11,0,0,0,0,21,0,0,0,0,0,0,0,0,2,0,0,0,0,0,0,0,0,0,0,0,0,0,0,0,0,0,0,0,6,0,0,0,0,0,6,0,0,0,0,0,7,0,0,0,0,2,0,0,0,0,0,0,0,0,0,0,0,0,0,0,0,0,0,0,0,0,0,0,0,0,0,0,0,0,0,0,0,0,0,0,0,0,0,0,0,0,0,0,0,0,0,0,0,0,0,0,0,0,0,0,0,0,0,0,0,0,0,0,0,GTAGAGGA,CTGTCTCTTATACACATCT,2026,5,TSB,HS-01-TSB-48h,HS-01,S-KUHIMM
PJ-087,8452,239,17963,2707,1935,0,45,16200,15076,0,4350,5718,10,7,766,2536,100,0,245,0,224,0,95,0,11,0,35,80,856,850,10,0,0,37,0,2,0,24,13,0,27,40,378,0,0,0,0,45,0,0,59,0,11,28,0,0,0,75,0,0,0,0,47,0,43,0,0,0,171,0,0,0,11,0,0,0,0,0,0,11,53,0,0,0,0,0,0,53,34,0,0,0,0,0,0,0,0,0,130,0,0,0,0,0,0,0,0,0,0,0,6,0,0,10,0,0,14,0,16,0,0,0,0,0,0,0,0,3,2,0,0,0,0,0,0,0,0,0,72,0,0,0,0,22,0,0,0,0,0,0,0,0,0,9,0,0,51,0,0,8,0,0,0,0,0,0,0,0,0,0,0,0,0,0,0,0,0,0,2,0,0,0,0,0,0,0,0,0,0,0,0,0,0,0,0,0,0,0,0,0,0,0,0,0,0,0,0,0,0,0,0,0,0,0,0,0,0,0,0,0,0,0,0,0,0,0,0,0,GTAGAGGA,CTGTCTCTTATACACATCT,2026,5,sTSB,HS-01-supplementedTSB-48h,HS-01,S-KUHIMM
PJ-088,24937,318,23627,1236,2436,7,0,4149,15570,0,3259,3689,0,38,970,1020,117,0,0,0,501,0,46,0,14,0,124,55,282,0,116,0,0,293,0,7,0,139,31,0,816,0,590,0,0,0,0,137,0,0,421,0,0,0,0,0,0,30,0,0,0,0,12,10,0,0,0,0,45,0,0,0,7,0,0,0,0,0,0,0,94,0,0,0,0,0,608,40,10,0,35,0,0,0,0,0,22,8,184,0,0,0,0,0,0,0,0,0,0,0,18,0,0,8,0,0,0,0,26,0,0,0,0,0,0,0,0,0,0,0,0,0,0,0,15,0,0,0,44,0,7,0,0,4,0,0,0,17,0,0,0,0,0,30,0,0,3,0,0,4,0,0,0,0,0,0,0,0,0,0,0,0,0,0,0,0,0,0,0,0,0,0,0,0,0,0,0,7,0,0,0,0,0,0,0,0,0,0,0,0,0,0,0,0,0,0,0,0,0,0,0,0,0,0,0,0,0,0,0,0,0,0,0,0,0,0,0,0,GTAGAGGA,CTGTCTCTTATACACATCT,2026,5,THB,HS-01-Todd-HewittBroth-48h,HS-01,S-KUHIMM
PJ-089,36,1519,4,55560,3471,0,0,18,3335,0,62,2260,0,38,0,29,16,0,18,0,37,4,9,137,0,0,0,6,0,31,6,42,0,15,6,6,0,0,32,0,0,0,0,0,0,7,0,0,0,13,0,0,0,11,0,0,25,20,0,0,0,0,39,0,13,0,0,0,0,89,0,0,0,0,12,0,0,8,0,0,0,1434,0,0,0,0,0,6,5,0,0,0,0,0,4,0,4,0,0,0,0,0,0,0,0,0,0,0,0,0,0,0,0,0,0,0,0,0,0,0,0,0,0,0,0,0,0,5,0,0,0,0,0,0,0,0,0,0,0,0,0,0,0,0,0,4,0,0,0,0,0,0,0,0,0,0,0,0,0,0,0,0,0,0,0,0,0,0,0,0,0,0,0,0,0,0,0,0,0,0,0,0,0,0,0,0,0,0,0,0,0,0,0,0,0,0,0,0,0,0,0,0,0,0,0,0,0,0,0,0,0,0,0,0,0,0,0,0,0,0,0,0,0,0,0,0,0,0,GTAGAGGA,CTGTCTCTTATACACATCT,2026,5,MRS,HS-01-MRS-48h,HS-01,S-KUHIMM
PJ-090,37423,12,4,714,2679,0,3665,5655,4787,0,2463,7,0,8,148,74,0,0,0,0,14,0,35,63,0,0,0,1470,94,0,1317,0,0,34,0,0,0,100,17,0,752,0,0,0,0,17,2,0,0,0,0,0,0,0,0,0,14,35,0,2,0,0,0,0,0,2,0,0,0,0,11,0,4,0,0,0,0,0,0,0,0,0,0,0,0,0,1199,6,0,12,512,0,0,0,0,0,0,12,0,0,0,0,0,0,0,0,0,0,0,0,4,0,0,38,0,0,10,0,0,0,0,0,0,0,0,0,0,0,0,0,0,0,0,0,0,0,0,0,0,0,0,0,0,0,0,2,0,0,0,0,0,0,0,0,0,0,0,0,0,0,0,0,0,0,0,0,0,0,0,0,0,0,0,0,0,0,0,31,0,0,0,0,0,0,0,0,0,0,0,0,0,0,0,0,0,0,0,0,0,0,0,0,0,0,0,0,0,0,0,0,0,0,0,0,0,0,0,0,0,0,0,0,0,0,0,0,0,0,GTAGAGGA,CTGTCTCTTATACACATCT,2026,5,NB,HS-01-NutrientBroth-48h,HS-01,S-KUHIMM
PJ-101,13408,12,0,1379,90,27318,0,9730,12469,0,9,4,0,2411,25,2379,0,0,756,27,483,8917,262,112,0,0,70,10,128,691,22,0,1126,873,765,0,0,0,1984,0,331,588,0,1080,0,143,0,11,0,7,591,0,0,6,172,510,0,38,7,0,0,0,0,0,0,0,0,0,0,0,2,0,0,3,0,0,0,0,0,0,0,0,0,0,0,0,0,0,0,0,0,0,14,0,0,0,0,12,0,0,0,0,0,0,0,0,0,0,0,0,0,58,0,8,0,0,10,0,0,0,6,0,0,0,0,0,0,17,0,0,0,0,0,0,0,0,0,0,0,0,0,0,0,0,0,0,0,0,0,0,0,0,0,0,0,0,0,0,0,0,0,0,0,0,0,0,0,0,0,0,0,0,0,0,0,0,0,0,0,0,0,0,0,0,0,0,0,0,0,0,0,0,0,0,0,0,0,0,0,0,0,0,0,0,0,0,0,0,0,0,0,0,0,0,0,0,0,0,0,0,0,0,0,0,0,0,0,0,ATCTCAGG,CTGTCTCTTATACACATCT,2026,5,GAM,HS-02-GAM-48h,HS-02,S-KUHIMM
PJ-102,8510,6,63,1079,128,25829,6,5219,18205,0,19,13,21,1933,24,2202,1577,0,453,9,266,1998,680,119,0,0,64,63,115,221,43,0,1513,87,1098,0,0,0,4888,0,192,242,0,810,0,234,0,0,0,7,771,0,892,0,53,825,0,98,0,0,0,0,0,0,199,0,0,0,0,0,6,0,0,3,0,0,16,0,0,0,9,0,57,0,0,0,0,0,0,0,0,0,7,0,0,0,0,0,0,0,0,0,0,0,0,0,0,0,0,0,0,0,0,0,0,0,0,0,0,0,0,0,0,0,0,0,0,9,0,0,0,0,0,0,0,0,0,0,0,0,0,0,0,0,0,0,0,0,0,0,0,0,0,0,0,0,0,0,0,0,0,0,0,0,0,0,0,0,0,0,0,0,0,0,0,0,0,0,0,0,0,0,0,0,0,0,0,0,0,0,0,0,0,0,0,0,0,0,0,0,0,0,0,0,0,0,0,0,0,0,0,0,0,0,0,0,3,0,0,0,0,0,0,0,0,0,0,0,ATCTCAGG,CTGTCTCTTATACACATCT,2026,5,mGAM,HS-02-modifiedGAM-48h,HS-02,S-KUHIMM
PJ-103,218,35,37,21234,265,38245,0,170,1689,0,4,6,0,503,0,22,5,0,0,1339,10,6315,714,0,0,0,0,5,0,0,0,9,768,0,0,3,0,0,9,0,0,0,0,2010,0,0,0,0,0,8,0,0,0,16,0,83,0,6,0,0,34,0,0,0,0,0,0,0,0,0,0,0,0,0,0,0,0,0,0,0,0,0,0,0,0,0,0,0,0,0,0,0,0,0,0,0,0,0,0,0,0,0,0,0,0,0,0,0,0,0,0,0,0,0,0,0,0,0,0,0,0,0,0,0,0,0,0,10,0,0,0,0,0,0,0,0,0,0,0,0,0,0,0,0,0,0,0,0,0,0,0,0,0,0,0,0,0,0,0,0,0,0,0,0,0,0,0,0,0,0,0,0,0,0,0,0,0,0,0,0,0,0,0,0,0,0,0,0,0,0,0,0,0,0,0,0,0,0,0,0,0,0,0,0,0,0,0,0,0,0,0,0,0,0,0,0,0,0,0,0,0,0,0,0,0,0,0,0,ATCTCAGG,CTGTCTCTTATACACATCT,2026,5,RCM,HS-02-RCM-48h,HS-02,S-KUHIMM
PJ-104,17190,10,69,384,1224,28625,9,5623,11667,0,271,0,393,1322,1662,807,5770,0,1443,0,98,2340,144,81,0,0,21,39,169,0,185,0,703,139,35,0,0,9,228,0,930,84,0,1125,0,0,0,0,0,8,604,0,1250,0,41,650,0,66,0,0,5,0,0,2,0,8,0,0,0,0,0,0,0,0,0,0,13,0,0,0,43,0,0,0,0,0,0,0,0,0,0,0,0,0,0,0,0,15,0,0,0,0,0,0,0,0,0,0,0,0,0,0,0,4,0,0,6,0,0,0,0,0,0,0,0,0,0,0,0,0,0,0,0,0,0,0,0,0,0,0,0,0,0,0,0,0,0,0,0,0,0,0,0,0,0,0,0,0,0,0,0,0,0,0,0,0,0,0,0,0,0,0,0,0,0,0,0,0,2,0,0,0,0,0,0,0,0,0,0,0,0,0,0,0,0,0,0,0,0,0,0,0,0,0,0,0,0,0,0,0,0,0,0,0,0,0,0,0,0,0,0,0,0,0,0,0,0,0,ATCTCAGG,CTGTCTCTTATACACATCT,2026,5,BHI,HS-02-BHI-48h,HS-02,S-KUHIMM
PJ-105,36408,641,0,8879,15080,19,2,2,12165,0,8,0,0,1200,1435,1413,0,0,0,0,4,36,59,12,0,0,0,226,7,0,3,0,1834,0,0,0,0,0,16,0,0,0,0,1878,0,0,0,0,0,63,0,0,0,5,0,143,0,0,0,0,6,0,0,0,0,0,2,0,0,0,0,0,0,0,0,0,0,0,0,0,0,0,0,0,0,0,0,0,0,0,0,0,0,0,0,0,0,0,0,0,0,0,0,0,0,0,0,0,0,0,0,0,0,0,0,0,0,0,0,0,0,0,0,0,0,0,0,0,0,0,0,0,0,0,0,0,0,0,0,0,0,0,0,0,0,0,0,0,0,0,0,0,0,0,0,0,0,0,0,0,0,0,0,0,0,0,0,0,0,0,0,0,0,0,0,0,0,0,3,0,0,0,0,0,0,0,0,0,0,0,0,0,0,0,0,0,0,0,0,0,0,0,0,0,0,0,0,0,0,0,0,0,0,0,0,0,0,0,0,0,0,0,0,0,0,0,0,0,ATCTCAGG,CTGTCTCTTATACACATCT,2026,5,YCFA,HS-02-YCFA-48h,HS-02,S-KUHIMM
PJ-106,26915,97,0,839,2326,14440,13,13436,16078,0,250,0,717,1776,981,1573,0,0,750,11,51,555,124,6,0,0,0,44,250,0,68,0,901,49,14,4,0,69,0,0,64,0,0,528,0,0,0,0,0,0,1180,0,0,8,0,281,0,53,0,0,2,0,0,0,0,0,0,0,0,0,2,0,0,0,0,0,0,0,0,0,112,0,0,0,0,0,0,0,0,0,0,0,0,0,0,0,0,19,0,0,0,0,0,0,0,0,0,0,0,0,0,0,0,23,0,0,0,0,0,0,8,0,0,0,0,0,0,17,0,0,0,0,0,0,0,0,0,0,0,0,0,0,0,0,0,0,0,0,0,0,0,0,0,0,0,0,0,0,0,0,0,0,0,0,0,0,0,0,0,0,0,0,0,0,0,0,0,0,0,0,0,0,0,0,0,0,0,0,0,0,0,0,0,0,0,0,0,0,0,0,0,0,0,0,0,0,0,0,0,0,0,0,0,0,0,0,0,0,0,0,0,0,0,0,0,0,0,0,ATCTCAGG,CTGTCTCTTATACACATCT,2026,5,TSB,HS-02-TSB-48h,HS-02,S-KUHIMM
PJ-107,13669,48,0,2339,627,16375,27,10082,10323,0,17,0,165,1969,24,1464,6284,0,879,108,591,2163,377,480,11,0,56,30,384,424,27,16,925,965,437,0,0,0,283,0,45,258,0,1102,0,67,0,0,0,93,2069,0,64,154,348,166,0,149,0,0,37,2,0,0,401,33,215,0,0,0,3,30,0,8,0,0,263,0,0,0,72,0,187,0,0,0,0,0,0,0,0,0,6,0,0,0,144,0,0,2,0,0,0,0,0,10,0,0,0,0,0,0,0,25,0,0,17,0,0,0,0,0,903,0,0,0,0,24,0,83,0,3,0,0,0,0,0,12,0,0,0,0,0,0,0,0,19,13,0,0,0,0,0,0,0,0,0,0,0,0,0,0,0,0,0,0,0,0,0,0,0,0,0,0,0,0,0,0,0,0,0,0,0,0,0,0,0,0,0,0,0,0,0,0,0,0,0,0,0,0,0,0,0,0,0,0,0,0,0,0,0,0,0,0,0,0,0,0,0,0,0,0,0,0,0,0,0,0,GTAGAGGA,CTGTCTCTTATACACATCT,2026,5,sTSB,HS-02-supplementedTSB-48h,HS-02,S-KUHIMM
PJ-108,37547,854,3,1804,5393,2362,56,0,14775,0,221,0,639,2528,424,1418,0,0,426,23,280,0,115,5,0,0,0,60,0,0,127,0,3297,0,273,4,0,1412,0,0,0,0,0,1531,0,0,0,0,0,0,0,0,3635,2,0,234,0,44,0,0,8,0,0,0,0,0,0,0,0,0,0,0,0,0,0,0,0,0,0,0,0,0,0,0,0,0,0,0,0,0,0,0,0,0,0,0,0,0,0,0,0,0,0,0,0,0,0,0,0,0,0,0,0,0,0,0,0,0,0,0,0,0,0,291,0,0,0,2,0,0,0,0,0,0,0,0,0,0,0,0,0,0,0,0,0,0,0,0,0,0,4,0,0,0,0,0,0,0,0,0,0,0,0,0,0,0,0,0,0,111,0,0,0,0,0,0,0,0,0,0,0,0,0,0,0,0,0,0,0,0,0,0,0,0,0,0,0,0,0,0,0,0,0,0,0,0,0,0,0,0,0,0,0,0,0,0,0,0,0,0,0,0,0,0,0,0,0,0,GTAGAGGA,CTGTCTCTTATACACATCT,2026,5,THB,HS-02-Todd-HewittBroth-48h,HS-02,S-KUHIMM
PJ-109,71,2614,0,17673,7974,8,0,0,554,0,0,0,0,63,0,0,0,0,0,25165,6,22,0,12,0,3285,0,4,0,0,0,0,4448,0,4,0,0,0,0,0,0,0,0,5947,0,0,0,0,0,0,0,0,0,12,0,22,0,6,0,0,8,0,0,0,0,0,0,0,0,0,0,0,0,0,0,0,0,0,0,0,0,0,0,0,0,0,0,0,0,0,0,0,0,0,0,0,0,0,0,0,0,0,0,0,0,0,0,0,0,0,0,0,0,0,0,0,0,0,0,0,0,0,0,0,0,0,0,0,0,0,0,0,0,0,0,0,0,0,0,0,0,0,0,0,0,0,0,0,0,0,0,0,0,0,0,0,0,0,0,0,0,0,0,0,0,0,0,0,0,0,0,0,0,0,0,0,0,0,3,0,0,0,0,0,0,0,0,0,0,0,0,0,0,0,0,0,0,0,0,0,0,0,0,0,0,0,0,0,0,0,0,0,0,0,0,0,0,0,0,0,0,0,0,0,0,0,0,0,GCTCATGA,CTGTCTCTTATACACATCT,2026,5,MRS,HS-02-MRS-48h,HS-02,S-KUHIMM
PJ-110,21993,40,32,538,7117,14304,30,15026,2906,0,154,0,15,7,2959,199,0,0,2296,22,17,1860,418,0,0,0,0,973,0,0,1187,5,451,0,0,6,0,14,10,0,621,5,0,1274,0,0,0,0,0,0,0,0,0,0,0,0,0,67,0,0,8,0,0,0,256,0,0,0,0,0,12,0,0,5,0,0,0,0,0,0,0,0,0,0,0,0,0,0,0,0,0,0,0,0,0,0,0,0,0,0,0,0,0,0,0,5,0,0,0,0,0,0,0,44,0,0,0,0,0,0,0,0,0,0,0,0,0,0,0,0,0,0,3,0,0,0,0,0,0,0,0,0,0,0,0,0,0,0,0,0,0,0,0,0,0,0,0,0,0,0,0,0,0,0,0,0,0,0,0,0,0,0,0,0,0,0,0,33,0,0,0,0,0,0,0,0,0,0,0,0,0,0,0,0,0,0,0,0,0,0,0,0,0,0,0,0,0,0,0,5,0,0,0,0,0,0,0,0,0,0,0,0,0,0,0,0,0,0,GCTCATGA,CTGTCTCTTATACACATCT,2026,5,NB,HS-02-NutrientBroth-48h,HS-02,S-KUHIMM
PJ-111,10571,15394,344,5009,1897,0,18,0,10623,0,4139,0,298,2418,128,4770,153,0,743,523,1529,0,1107,4146,0,0,751,20,181,1227,7,41,1940,803,6320,5,0,0,12,0,67,105,4,0,4224,0,0,19,0,0,0,0,2,10,846,0,0,6,0,0,9,1326,0,108,7,12,0,2,0,0,5,748,0,10,0,0,0,0,0,3,0,0,0,0,0,0,0,6,5,0,0,30,0,0,0,0,46,4,0,0,0,0,0,0,0,0,0,0,0,0,0,3,0,0,0,0,0,0,0,0,15,0,0,0,0,0,0,6,0,10,0,0,0,0,0,0,0,0,0,0,0,0,0,0,0,0,0,0,0,0,0,0,0,0,0,0,0,0,0,0,0,0,0,0,0,0,0,0,0,0,0,5,0,0,0,0,0,0,8,0,0,0,0,0,0,0,0,0,0,0,0,0,0,0,0,0,0,0,0,0,0,0,0,0,0,0,0,0,0,0,0,0,0,0,0,0,0,0,0,0,0,0,0,0,0,0,0,0,GCTCATGA,CTGTCTCTTATACACATCT,2026,5,GAM,HS-03-GAM-48h,HS-03,S-KUHIMM
PJ-112,5510,7660,13836,2876,188,0,17,0,19701,0,5917,0,1276,3388,39,5506,460,0,1420,0,2522,0,359,131,20,0,1009,33,354,2477,90,0,59,100,1754,4,0,0,23,0,279,207,41,0,244,0,6659,30,0,0,0,0,55,13,542,0,9,87,0,0,8,382,0,204,106,50,3,0,0,0,4,0,0,4,18,0,11,0,0,0,0,0,0,0,10,0,0,10,12,0,0,25,0,0,0,0,34,4,0,0,0,0,19,0,0,0,0,0,0,0,2,0,13,10,0,0,2,0,6,0,0,0,67,0,0,0,0,7,0,0,0,0,0,0,9,0,0,70,0,0,0,0,0,0,0,0,0,0,0,0,0,0,0,0,0,0,0,7,0,0,0,6,4,0,0,0,0,0,0,0,0,0,0,0,0,0,0,0,0,0,0,0,0,6,0,0,0,0,0,0,0,0,0,0,0,0,0,0,0,0,0,0,0,0,0,0,0,0,0,0,0,0,0,0,0,0,0,0,0,0,0,0,0,0,0,0,0,0,GCTCATGA,CTGTCTCTTATACACATCT,2026,5,mGAM,HS-03-modifiedGAM-48h,HS-03,S-KUHIMM
PJ-113,8748,26118,17208,340,584,0,53,0,13157,0,4376,0,134,729,1807,1889,2166,0,2718,106,177,0,187,14,0,0,203,89,811,570,350,37,0,588,2444,7,0,0,15,5,475,59,131,0,85,0,0,313,0,0,0,0,10,8,0,0,8,119,0,0,57,525,0,79,21,63,0,0,0,0,2,10,0,0,49,0,0,0,0,0,0,0,0,0,0,0,0,33,17,0,0,38,0,0,0,0,82,18,0,0,0,0,5,0,0,0,0,0,0,8,4,0,0,14,0,0,0,14,30,0,0,0,0,0,0,0,0,0,0,0,0,0,0,6,9,0,0,0,0,0,0,0,0,0,0,0,8,0,0,0,0,0,0,0,0,0,0,3,0,0,0,0,0,0,0,0,0,0,0,0,0,0,0,0,0,0,0,0,0,0,0,0,0,0,0,0,0,0,0,0,0,0,0,0,0,0,0,0,0,0,0,0,0,0,0,0,0,0,0,0,0,0,0,0,0,0,0,0,0,0,0,0,0,0,0,0,0,0,GCTCATGA,CTGTCTCTTATACACATCT,2026,5,RCM,HS-03-RCM-48h,HS-03,S-KUHIMM
PJ-114,9789,31088,18660,367,893,0,28,4,14108,0,5594,0,135,745,2128,2045,2374,0,3039,88,319,0,373,15,0,0,235,190,913,772,431,52,0,795,2932,0,0,0,22,0,692,56,127,0,98,0,0,313,0,0,0,0,14,0,0,0,7,139,0,0,35,552,0,94,30,78,5,0,0,0,3,20,0,0,74,0,0,0,0,0,0,0,0,0,0,0,0,42,11,0,0,37,0,0,0,0,81,21,0,0,0,0,0,0,0,0,0,0,0,6,6,0,0,38,0,0,0,20,23,0,0,0,0,0,0,0,0,17,0,0,0,0,0,0,9,0,0,0,0,0,0,0,0,0,0,0,3,0,0,0,0,0,0,0,0,0,0,0,0,0,0,0,0,0,0,0,0,0,0,0,0,0,0,0,0,0,0,0,0,0,0,0,0,0,0,0,0,0,0,0,0,0,0,0,0,0,0,0,0,0,0,0,0,0,0,0,0,0,0,0,0,0,0,0,0,0,0,0,0,0,0,0,0,0,0,0,0,0,GCTCATGA,CTGTCTCTTATACACATCT,2026,5,BHI,HS-03-BHI-48h,HS-03,S-KUHIMM
PJ-115,687,63907,6,7014,50,3,0,0,638,0,120,0,311,0,0,30,5,0,6,1836,101,6,21,49,0,0,5,0,0,0,10,237,0,0,0,3,0,0,11,0,0,0,0,0,0,0,0,0,0,0,0,0,0,7,0,6,31,10,0,0,45,0,0,2,0,5,0,0,0,1084,0,12,0,0,0,0,0,0,0,0,0,0,0,0,0,0,0,4,5,0,0,17,0,0,0,0,6,5,0,0,0,0,0,0,0,0,0,0,0,4,0,0,0,0,0,0,0,0,0,0,0,0,0,0,0,0,0,0,0,0,0,0,0,0,0,0,0,0,0,0,0,0,0,0,0,0,0,4,0,0,3,3,0,0,0,0,0,0,0,0,0,0,0,0,0,0,0,0,0,0,0,0,0,0,0,0,0,0,0,0,0,0,0,0,0,0,0,0,0,0,0,0,0,0,0,0,0,0,0,0,0,0,0,0,0,0,0,0,0,0,0,0,0,0,0,0,0,0,0,0,0,0,0,0,0,0,0,0,GCTCATGA,CTGTCTCTTATACACATCT,2026,5,YCFA,HS-03-YCFA-48h,HS-03,S-KUHIMM
PJ-116,6618,25948,19180,849,3964,0,66,4,12589,0,3226,0,281,41,1425,3626,60,0,655,0,51,0,934,14,0,0,256,186,1474,0,128,92,220,0,0,7,0,0,10,0,14,0,274,0,87,0,0,16,0,0,0,0,1855,0,0,0,16,22,0,0,21,0,0,1180,0,3,0,0,0,22,6,11,0,0,0,0,0,0,0,0,0,0,4,0,0,0,0,17,5,0,0,15,0,4,0,0,5,26,0,0,0,0,5,0,0,0,0,0,0,0,32,0,0,0,0,0,0,0,0,0,5,0,0,0,0,0,0,0,0,0,0,0,0,0,0,0,0,0,0,0,0,0,0,0,0,0,0,0,0,0,0,0,0,0,0,0,0,0,0,0,0,0,0,0,0,0,0,0,0,0,0,9,0,0,0,0,0,0,0,0,0,0,0,0,0,0,0,0,0,0,0,0,0,0,0,0,0,0,0,0,0,0,0,0,0,0,0,0,0,0,0,0,0,0,0,0,0,0,0,0,0,0,0,0,0,0,0,0,GCTCATGA,CTGTCTCTTATACACATCT,2026,5,TSB,HS-03-TSB-48h,HS-03,S-KUHIMM
PJ-117,4232,126239,0,5070,2008,59,4,7,2337,0,293,0,1590,121,0,186,15,0,17,4428,184,22,1531,129,0,774,5,75,15,0,30,152,5,5,0,7,0,0,99,0,3,0,0,0,297,0,0,0,0,0,0,0,0,17,0,0,62,62,0,0,176,0,0,0,0,7,10,0,0,2181,9,59,0,0,0,0,0,0,0,10,0,0,4,0,0,0,0,12,13,0,0,38,0,0,0,0,0,14,0,0,0,0,3,0,0,0,8,0,0,7,0,0,0,0,0,0,0,0,0,0,0,0,0,0,0,0,0,0,0,0,0,0,0,0,0,0,0,0,3,0,0,0,0,0,0,0,0,0,0,0,0,0,0,0,0,0,0,0,0,0,0,0,0,0,0,0,0,0,0,0,0,0,0,0,0,0,0,0,0,0,0,0,0,0,0,0,0,0,0,0,0,0,0,0,0,0,0,0,0,0,0,0,0,0,0,0,0,0,0,0,0,0,0,0,0,0,0,0,0,0,0,0,0,0,0,0,0,0,ATCTCAGG,CTGTCTCTTATACACATCT,2026,5,sTSB,HS-03-supplementedTSB-48h,HS-03,S-KUHIMM
PJ-118,13254,37212,0,1078,6834,52,3,10,10492,0,8983,0,182,58,240,4462,8,0,4,0,34,0,418,5,0,0,355,228,0,0,111,66,4415,0,0,0,0,0,0,0,0,0,0,0,0,0,0,0,0,0,0,0,0,0,0,0,10,9,0,0,22,0,0,25,0,3,0,0,0,22,0,0,0,0,0,0,0,5,0,2,0,0,0,0,0,0,0,7,10,0,0,7,0,0,0,0,0,0,0,0,0,0,0,0,0,0,0,0,0,0,0,0,0,0,0,0,0,0,0,0,0,0,0,0,0,0,0,0,0,0,0,0,0,0,0,0,0,0,0,0,0,0,0,0,0,0,0,0,0,0,0,3,0,0,0,0,0,0,0,0,0,0,0,0,0,0,0,0,0,0,0,11,0,0,0,0,0,0,0,0,0,0,0,0,0,0,0,0,0,0,0,0,0,0,0,0,0,0,0,0,0,0,0,0,0,0,0,0,0,0,0,0,0,0,0,0,0,0,0,0,0,0,0,0,0,2,0,0,ATCTCAGG,CTGTCTCTTATACACATCT,2026,5,THB,HS-03-Todd-HewittBroth-48h,HS-03,S-KUHIMM
PJ-119,6,58278,0,516,0,93,0,2,165,0,24,0,118,0,0,21,0,0,0,8622,72,21,6,28,0,13761,0,0,2,0,7,16,0,0,0,4,0,0,10,0,0,0,0,0,0,0,0,0,0,0,0,0,0,4,0,0,8,0,0,0,20,0,0,0,0,2,0,0,0,0,0,0,0,0,0,0,0,0,0,0,0,0,0,0,0,0,0,4,0,0,0,0,0,0,0,0,0,0,0,0,0,0,0,0,0,0,3,0,0,0,0,0,0,0,0,0,0,0,0,0,0,0,0,0,0,0,0,0,0,0,0,0,0,0,0,0,0,0,0,0,0,0,0,0,0,0,0,0,0,0,0,0,0,0,0,0,0,0,0,0,0,0,0,0,0,0,0,0,0,0,0,0,0,0,0,0,0,0,3,0,0,0,0,0,0,0,0,0,0,0,0,0,0,0,0,0,0,0,0,0,0,0,0,0,0,0,0,0,0,0,0,0,0,0,0,0,0,0,0,0,0,0,0,0,0,0,0,0,ATCTCAGG,CTGTCTCTTATACACATCT,2026,5,MRS,HS-03-MRS-48h,HS-03,S-KUHIMM
PJ-120,24676,745,3,705,4515,65,5,5,10434,0,6597,0,937,12,13551,262,492,0,2850,0,10,0,75,16,0,0,106,1874,469,0,2719,49,0,4461,0,25,0,0,5,0,22,0,79,0,42,0,0,0,0,0,0,0,0,6,0,0,11,22,0,0,75,0,0,0,0,104,0,0,0,0,5,18,0,14,95,0,0,2,0,0,0,0,0,0,7,0,0,10,0,0,0,9,0,0,0,0,0,43,0,0,0,0,0,0,0,0,10,0,0,0,19,0,73,0,0,0,0,269,0,0,0,0,0,0,0,0,0,3,0,0,0,0,0,0,0,0,0,0,0,0,0,0,0,0,0,0,0,0,0,0,0,0,0,0,0,0,0,0,0,0,0,0,0,0,0,0,0,0,0,0,0,0,0,0,0,0,0,0,14,0,0,0,0,0,0,0,0,0,0,0,0,0,0,0,0,0,0,0,0,0,0,0,0,0,0,0,0,0,0,0,0,0,0,0,0,0,0,0,0,0,0,0,0,0,0,0,0,0,ATCTCAGG,CTGTCTCTTATACACATCT,2026,5,NB,HS-03-NutrientBroth-48h,HS-03,S-KUHIMM
PJ-121,3944,0,0,1520,9511,22480,7,0,6148,16274,0,1255,0,0,21,1852,9,8,391,0,432,4344,171,16,2,0,95,0,66,2150,7,0,531,181,0,0,0,45,0,0,62,47,13,0,0,34,0,0,271,0,0,315,0,51,203,0,0,84,4,0,0,0,0,0,215,0,0,0,137,0,0,0,0,0,0,0,0,0,31,0,0,0,0,0,85,92,0,0,11,0,0,0,0,106,0,0,0,0,0,3,0,0,0,0,61,0,0,28,0,6,0,0,0,3,0,0,0,0,0,0,0,0,0,0,0,0,0,13,0,24,0,0,0,0,0,0,0,0,0,0,0,0,0,0,0,0,0,0,0,0,0,0,0,0,0,0,0,0,2,0,0,0,0,0,0,0,0,0,0,0,0,0,0,0,0,0,0,0,0,0,0,0,0,0,0,0,0,0,0,0,0,0,0,0,0,0,0,0,0,0,0,0,0,0,0,0,0,0,0,0,0,0,0,0,0,0,0,0,0,0,0,0,0,0,0,0,0,0,ATCTCAGG,CTGTCTCTTATACACATCT,2026,5,GAM,HS-04-GAM-48h,HS-04,S-KUHIMM
PJ-122,3384,5,0,1204,8744,16709,13,12,8071,10999,0,2346,61,0,8,2413,29,0,434,0,196,247,90,22,155,0,137,4,163,1254,24,0,482,96,0,6,0,45,0,0,31,21,21,0,0,77,0,0,199,0,2,136,5,66,79,0,10,109,0,0,0,595,0,0,144,25,15,0,142,0,8,9,0,0,0,0,15,0,64,0,24,0,460,11,46,456,0,0,8,0,0,0,0,36,0,0,37,0,0,24,0,0,4,0,14,2,0,35,3,13,0,6,0,6,0,0,3,0,0,0,0,0,0,0,0,0,0,0,0,5,0,2,0,0,26,0,0,63,0,0,0,9,0,0,0,0,24,0,0,0,0,0,0,0,4,0,0,11,0,0,0,0,0,0,0,0,0,0,0,0,0,0,0,0,0,0,0,0,0,0,0,0,0,0,0,0,0,0,0,0,0,0,0,0,0,0,0,0,0,4,0,0,0,0,0,0,0,0,0,0,0,0,0,0,0,0,0,0,0,0,0,0,0,0,0,0,0,0,ATCTCAGG,CTGTCTCTTATACACATCT,2026,5,mGAM,HS-04-modifiedGAM-48h,HS-04,S-KUHIMM
PJ-123,163,14,0,11600,9891,20742,0,8,1547,6041,0,1059,0,0,0,136,0,177,0,87,53,7596,299,43,0,29,6,3,0,0,0,12,209,0,0,0,0,0,0,0,0,0,0,0,0,7,0,0,354,0,3,3236,0,33,0,3,0,22,0,0,16,0,0,0,5,0,3,0,4,0,26,0,0,0,0,0,0,0,147,5,0,0,0,0,0,6,0,0,7,10,0,0,0,4,0,15,0,0,0,0,0,0,8,0,7,0,2,50,9,17,0,0,0,0,0,0,0,0,0,0,0,0,0,0,0,3,0,16,0,0,0,0,0,0,0,0,0,0,0,0,0,0,0,0,0,0,3,0,0,0,0,0,0,0,0,0,0,0,0,0,0,0,0,0,0,0,0,0,0,0,0,0,0,0,4,0,0,0,3,0,0,0,0,0,0,2,0,0,0,0,0,0,0,0,0,0,0,0,0,0,0,0,0,0,0,0,0,0,0,0,0,0,0,0,0,0,0,0,0,0,0,0,0,0,0,0,0,0,ATCTCAGG,CTGTCTCTTATACACATCT,2026,5,RCM,HS-04-RCM-48h,HS-04,S-KUHIMM
PJ-124,8935,8,0,164,6840,21366,223,0,11591,10362,0,2238,0,7,54,1243,1700,0,710,0,58,485,58,37,8,0,21,0,423,773,167,0,438,37,78,0,0,148,24,0,112,34,150,6,0,0,0,0,353,0,165,233,0,79,48,0,0,268,0,0,4,0,0,0,11,743,82,0,153,0,16,0,0,0,36,0,383,0,132,0,17,0,85,0,140,27,0,0,0,0,0,0,0,112,0,6,15,0,0,4,0,0,0,6,8,2,0,26,9,22,0,0,0,10,0,0,0,0,10,0,0,0,0,0,0,0,0,5,29,0,0,0,0,0,7,0,0,0,11,0,0,17,0,0,0,0,55,0,0,0,0,0,0,0,0,0,0,0,0,0,0,0,0,0,4,0,0,0,0,0,0,0,9,0,0,0,0,0,0,0,0,0,0,0,0,0,0,0,0,0,0,0,0,0,0,0,0,0,0,0,0,0,0,0,0,0,0,0,0,0,0,0,0,0,0,0,0,0,0,0,0,0,0,0,0,0,0,0,ATCTCAGG,CTGTCTCTTATACACATCT,2026,5,BHI,HS-04-BHI-48h,HS-04,S-KUHIMM
PJ-125,9858,1529,0,7931,48694,26,0,0,3306,9,0,1949,0,0,0,371,0,205,0,245,16,51,178,32,0,20,112,180,0,4,5,26,1392,0,0,7,0,469,0,0,0,0,0,6,0,6,0,0,5,10,0,1235,0,33,0,0,0,60,0,0,21,0,0,0,2,0,5,0,33,0,48,0,0,0,0,0,0,3,0,0,0,0,0,9,2,0,0,0,0,11,0,12,0,0,0,12,0,0,0,0,0,0,0,0,90,4,5,0,15,8,0,0,0,0,0,0,0,0,0,0,0,0,0,7,0,0,0,0,0,0,0,0,0,0,0,0,0,0,2,0,0,0,0,0,0,0,0,0,0,0,0,4,0,0,0,0,0,0,0,0,0,0,0,0,0,0,0,0,0,0,0,0,0,0,0,0,0,0,0,0,0,0,0,0,0,0,0,0,0,0,0,0,0,0,0,0,0,0,0,0,0,0,0,0,0,0,0,0,0,0,0,0,0,0,0,0,0,0,0,0,0,0,0,0,0,0,0,0,TAAGGCGA,CTGTCTCTTATACACATCT,2026,5,YCFA,HS-04-YCFA-48h,HS-04,S-KUHIMM
PJ-126,10473,12,0,416,12272,9163,3201,0,12756,19581,0,1838,0,0,133,1278,389,0,649,0,146,85,150,0,157,0,12,22,315,299,17,7,81,11,44,31,0,1145,20,0,9,0,175,0,0,0,0,0,535,0,8,197,0,41,0,0,0,306,0,0,3,0,0,0,19,277,0,0,149,0,5,0,0,6,0,0,0,0,54,0,22,0,0,0,23,12,0,0,4,0,0,0,0,61,0,0,0,12,0,7,244,0,0,5,13,0,0,8,6,4,0,6,0,0,0,0,0,0,12,0,0,0,0,11,0,0,0,9,18,0,0,0,0,0,0,0,0,0,0,2,7,0,0,0,0,0,0,8,0,22,0,0,0,0,0,0,0,0,0,0,6,0,0,0,0,0,0,0,0,0,0,0,11,0,0,0,0,0,0,0,0,0,0,0,0,0,0,0,0,0,0,0,0,0,0,0,0,0,0,0,0,0,0,0,0,0,0,0,0,0,0,0,0,0,0,0,0,0,0,0,0,0,0,0,0,0,0,0,TAAGGCGA,CTGTCTCTTATACACATCT,2026,5,TSB,HS-04-TSB-48h,HS-04,S-KUHIMM
PJ-127,6718,32,0,600,9847,9793,2940,0,10438,17182,6,2340,0,0,37,1947,266,0,307,0,320,367,128,22,98,0,79,19,329,926,16,0,746,32,15,9,0,956,33,0,6,25,408,0,0,4,0,0,162,0,42,238,0,63,0,0,0,406,0,0,0,0,0,0,91,300,0,0,183,0,8,0,0,0,0,0,711,0,44,0,70,0,285,0,28,16,0,0,11,0,0,0,0,123,0,3,34,4,0,23,271,0,0,0,50,0,0,8,0,3,0,13,7,15,0,0,14,0,0,0,0,0,0,11,0,0,0,0,31,0,0,0,0,0,17,0,0,0,0,0,0,11,0,0,0,0,8,0,0,0,0,0,0,0,0,0,0,7,0,0,7,0,0,0,6,0,0,0,0,0,0,0,0,0,0,0,0,0,0,0,0,0,0,0,0,0,0,0,0,0,0,0,0,0,0,0,0,0,0,0,0,0,0,0,0,0,0,0,0,0,0,0,0,0,0,0,0,0,0,0,0,0,0,0,0,0,0,0,TAAGGCGA,CTGTCTCTTATACACATCT,2026,5,sTSB,HS-04-supplementedTSB-48h,HS-04,S-KUHIMM
PJ-128,14837,41,28,585,16155,0,16,0,21002,3865,0,3390,0,9,27,1591,74,11,452,0,9,5,57,0,4085,0,59,49,496,229,99,0,3861,0,0,38,0,2931,0,0,7,22,495,0,0,0,0,0,0,0,0,546,0,4,0,0,0,608,0,0,4,0,0,2,0,0,0,0,89,0,12,0,0,0,0,0,0,0,46,0,134,0,0,0,149,0,0,0,0,0,0,0,0,0,0,0,0,12,0,0,0,0,0,0,11,0,0,0,4,11,0,0,0,11,0,0,0,0,11,0,0,0,0,23,0,0,0,0,0,0,0,0,0,0,0,0,0,0,0,0,8,0,0,0,0,0,0,0,0,0,0,0,0,0,0,0,0,0,0,0,0,0,0,0,0,0,0,0,0,0,0,0,0,0,0,0,0,0,2,0,0,0,0,0,0,0,0,9,0,0,0,0,0,0,0,0,0,0,0,3,0,0,0,0,0,0,0,0,0,0,0,0,0,0,0,0,0,0,0,0,0,0,0,0,0,0,0,0,TAAGGCGA,CTGTCTCTTATACACATCT,2026,5,THB,HS-04-Todd-HewittBroth-48h,HS-04,S-KUHIMM
PJ-129,45,149,0,3094,33360,26,11,0,101,8,0,27,6,0,0,17,0,30933,0,8522,18,33,3,31,0,1390,0,0,0,0,4,0,27,0,0,4,11,3,0,0,0,0,0,0,0,0,0,0,0,0,0,319,0,11,0,0,4,42,0,0,0,0,0,0,0,0,0,0,0,0,22,0,0,0,0,0,0,0,0,0,0,0,0,0,0,0,0,0,0,0,0,0,0,0,0,3,0,0,0,0,0,0,5,0,0,0,10,0,0,4,0,0,0,0,0,0,0,0,0,0,0,0,0,0,0,0,0,0,0,0,0,0,0,0,0,0,0,0,0,0,0,2,0,0,0,0,0,0,0,0,0,0,0,0,0,0,0,0,0,0,0,0,0,0,0,0,0,0,0,0,0,0,0,0,0,0,0,0,4,0,0,0,0,0,0,0,0,0,0,0,0,0,0,0,0,0,0,0,0,0,0,0,0,0,0,0,0,0,0,0,0,0,0,0,0,0,0,2,0,0,0,0,0,0,0,0,0,0,TAAGGCGA,CTGTCTCTTATACACATCT,2026,5,MRS,HS-04-MRS-48h,HS-04,S-KUHIMM
PJ-130,22878,44,71,464,3956,12804,36,0,4141,16782,10,50,0,0,46,411,270,0,1146,0,1258,281,287,60,0,0,0,585,120,5565,1132,13,815,36,0,9,0,150,16,0,382,0,124,0,0,27,0,0,37,9,32,502,0,126,169,0,21,521,0,0,87,0,0,0,96,82,436,0,2,0,78,0,0,0,35,0,136,4,182,15,0,0,150,44,406,654,0,0,7,0,0,4,0,193,0,0,0,9,0,409,0,0,771,0,15,0,23,166,10,21,0,6,24,16,0,0,9,234,0,0,0,0,0,4,0,13,0,2,10,7,0,3,0,0,0,14,0,0,10,0,0,40,0,0,0,0,99,0,0,0,0,0,0,0,0,0,0,52,0,17,17,0,17,0,0,0,0,0,4,0,0,0,0,0,35,0,0,0,0,0,0,0,0,0,0,0,0,9,0,0,0,0,0,0,0,0,0,0,0,0,0,0,0,0,0,0,0,0,0,0,2,0,0,0,0,0,0,0,0,0,0,0,0,0,0,0,0,0,TAAGGCGA,CTGTCTCTTATACACATCT,2026,5,NB,HS-04-NutrientBroth-48h,HS-04,S-KUHIMM
PJ-131,11162,14282,59,3115,241,0,23328,4,13511,14433,0,0,0,0,0,4328,0,0,0,0,0,0,803,0,0,0,0,21,0,0,0,0,0,0,0,0,0,0,0,0,0,0,0,0,0,0,0,0,0,0,0,0,0,0,0,0,0,0,0,0,0,0,0,0,0,0,0,0,0,0,0,0,0,0,0,0,0,0,0,0,0,0,0,0,0,0,0,0,0,0,0,0,0,0,0,0,0,0,0,0,0,0,0,0,0,0,0,0,0,0,0,0,0,0,0,0,0,0,0,0,0,0,0,0,0,0,0,0,0,0,0,0,0,0,0,0,0,0,0,0,0,0,0,0,0,0,0,0,0,0,0,0,0,0,0,0,0,0,0,0,0,0,0,0,0,0,0,0,0,0,0,0,0,0,0,0,0,0,0,0,0,0,0,0,0,0,0,0,0,0,0,0,0,0,0,0,0,0,0,0,0,0,0,0,0,0,0,0,0,0,0,0,0,0,0,0,0,0,0,0,0,0,0,0,0,0,0,0,TAAGGCGA,CTGTCTCTTATACACATCT,2026,5,GAM,HS-05-GAM-48h,HS-05,S-KUHIMM
PJ-132,10247,9695,1138,4296,1749,0,20307,0,14346,19382,6,0,0,0,0,5138,0,0,0,0,0,0,2290,0,0,0,0,105,0,0,102,0,0,0,0,0,0,0,0,0,0,0,0,0,0,0,0,0,0,0,0,0,0,0,0,0,0,0,0,0,0,0,0,0,0,0,0,0,0,0,5,0,0,0,0,0,0,0,0,0,0,0,0,0,0,0,0,24,5,0,0,0,0,0,0,0,0,0,0,0,0,0,0,0,0,0,0,0,0,0,0,0,0,0,0,0,0,0,0,0,0,0,0,0,0,0,0,0,0,0,0,0,0,0,0,0,0,0,0,0,0,0,0,0,0,0,0,0,0,0,0,0,0,0,0,0,0,0,0,0,0,0,0,0,0,0,0,0,0,0,0,0,0,0,0,0,0,0,0,0,0,0,0,0,0,0,0,0,0,0,0,0,0,0,0,0,0,0,0,0,0,0,0,0,0,0,0,0,0,0,0,0,0,0,0,0,0,0,0,0,0,0,0,0,0,0,0,0,TAAGGCGA,CTGTCTCTTATACACATCT,2026,5,mGAM,HS-05-modifiedGAM-48h,HS-05,S-KUHIMM
PJ-133,3858,51913,0,12748,4,0,8743,0,424,14,11,0,0,0,0,0,0,0,0,346,10,0,0,8,0,10,0,0,0,0,0,0,0,0,0,5,277,0,0,0,0,0,0,0,0,0,0,0,0,0,0,0,0,0,0,0,0,0,0,0,0,0,0,0,0,0,0,0,0,0,0,0,0,0,0,0,0,0,0,0,0,0,0,0,0,0,0,0,0,0,0,0,0,0,0,0,0,0,0,0,0,0,0,0,0,0,0,0,0,0,0,0,0,0,0,0,0,0,0,0,0,8,0,0,0,0,0,0,0,0,0,0,0,0,0,0,0,0,0,0,0,0,0,0,0,0,0,0,0,0,6,0,0,0,0,0,0,0,0,0,0,0,0,0,0,0,0,0,0,0,0,0,0,0,0,0,0,0,0,0,0,0,0,0,0,0,0,0,0,0,0,0,0,0,0,0,0,0,0,0,0,0,0,0,0,0,0,0,0,0,0,0,0,0,0,0,0,0,0,0,0,0,0,0,0,0,0,0,CGTACTAG,CTGTCTCTTATACACATCT,2026,5,RCM,HS-05-RCM-48h,HS-05,S-KUHIMM
PJ-134,18921,10485,6581,270,1516,0,23021,0,12609,10784,0,0,0,0,0,438,0,0,0,0,4,0,410,2,0,0,0,29,0,0,218,0,0,0,0,0,0,0,0,0,0,0,0,0,0,0,0,0,0,0,0,0,0,0,0,0,0,0,0,0,0,0,0,0,0,0,0,0,0,0,0,0,0,0,0,0,0,0,0,0,0,0,0,0,0,0,0,7,6,0,0,0,0,0,0,0,0,0,0,0,0,0,0,0,0,0,0,0,0,0,0,0,0,0,0,0,0,0,0,0,0,0,0,0,0,0,0,7,0,0,0,0,0,0,0,0,0,0,0,0,0,0,0,0,0,0,0,0,0,0,0,0,0,0,0,0,0,0,0,5,0,0,0,0,0,0,0,0,0,0,0,0,0,0,0,0,0,0,2,0,0,0,0,0,0,0,0,0,0,0,0,0,0,0,0,0,0,0,0,0,0,0,0,0,0,0,0,0,0,0,0,0,0,0,0,0,0,0,0,0,0,0,0,0,0,0,0,0,CGTACTAG,CTGTCTCTTATACACATCT,2026,5,BHI,HS-05-BHI-48h,HS-05,S-KUHIMM
PJ-135,12787,32617,0,1807,0,0,38411,0,185,294,0,0,0,0,0,3,0,0,0,0,6,6,2,0,0,0,0,0,0,0,0,0,0,0,0,0,0,0,0,0,0,0,0,0,0,5,0,0,0,0,0,0,0,0,0,0,0,0,0,0,0,0,0,0,0,0,0,0,0,0,0,0,0,0,0,0,0,0,0,0,0,0,0,0,0,0,0,0,0,0,0,0,0,0,0,0,0,0,0,0,0,0,0,0,0,0,0,0,0,0,0,0,0,0,0,0,0,0,0,0,0,0,0,0,0,0,0,0,0,0,0,0,0,0,0,0,0,0,0,0,0,0,0,0,0,0,0,0,0,0,3,0,0,0,0,0,0,0,0,0,0,0,0,0,0,0,0,0,0,0,0,0,0,0,0,0,0,0,0,0,0,0,0,0,0,0,0,0,0,0,0,0,0,0,0,0,0,0,0,0,0,0,0,0,0,0,0,0,0,0,0,0,0,0,0,0,0,0,0,0,0,0,0,0,0,0,0,0,CGTACTAG,CTGTCTCTTATACACATCT,2026,5,YCFA,HS-05-YCFA-48h,HS-05,S-KUHIMM
PJ-136,16572,14674,2432,627,1401,3,24733,0,9246,16119,9,0,0,0,61,923,0,0,0,0,0,3,277,0,0,0,0,0,0,0,195,0,0,0,0,0,0,0,0,0,0,0,0,0,0,0,0,0,0,0,0,0,0,0,0,0,0,0,0,0,0,0,0,0,0,0,0,0,0,0,0,0,0,0,0,0,0,0,0,0,0,0,0,0,0,0,0,7,8,0,0,0,0,0,0,0,0,0,0,0,0,0,0,0,0,0,0,0,0,0,0,0,0,0,0,0,0,0,0,0,0,0,0,0,0,0,0,2,0,0,0,0,0,0,0,0,0,0,0,0,0,0,0,0,0,0,0,0,0,0,0,0,0,0,0,0,0,0,0,0,0,0,0,0,0,0,0,0,0,0,0,0,0,0,0,0,0,0,3,0,0,0,0,0,0,0,0,0,0,0,0,0,0,0,0,0,0,0,0,0,0,0,0,0,0,0,0,0,0,0,0,0,0,0,0,0,0,0,0,0,0,0,0,0,0,0,0,0,CGTACTAG,CTGTCTCTTATACACATCT,2026,5,TSB,HS-05-TSB-48h,HS-05,S-KUHIMM
PJ-137,12968,18692,6029,700,1491,41,24794,0,9466,15720,0,7,2,0,0,1617,0,0,0,0,0,19,137,0,0,0,0,0,0,0,89,0,0,0,0,0,0,0,0,0,0,0,0,0,0,0,2,0,0,0,0,0,0,0,0,0,0,0,0,0,0,0,0,0,0,0,0,0,0,0,0,0,0,0,0,0,0,0,0,0,0,0,0,0,0,0,0,14,18,0,0,0,0,0,0,0,0,0,0,0,0,0,0,0,0,0,0,0,0,0,0,0,0,0,0,0,0,0,0,0,0,0,0,0,0,0,0,0,0,0,0,0,0,0,0,0,0,0,0,0,0,0,0,0,0,0,0,0,0,0,0,0,0,0,0,0,0,0,0,0,0,0,0,0,0,0,0,0,0,0,0,0,0,0,0,0,0,0,0,0,0,0,0,0,0,0,0,0,0,0,0,0,0,0,0,0,0,0,0,0,0,0,0,0,0,0,0,0,0,0,0,0,0,0,0,0,0,0,0,0,0,0,0,0,0,0,0,0,CGTACTAG,CTGTCTCTTATACACATCT,2026,5,sTSB,HS-05-supplementedTSB-48h,HS-05,S-KUHIMM
PJ-138,14956,22110,5672,422,1238,35,26996,0,11741,19,0,6,0,0,0,1215,0,0,0,0,0,0,167,0,0,0,0,62,0,0,242,0,0,0,0,0,0,0,0,0,0,0,0,0,0,0,0,0,0,0,0,0,0,0,2,0,0,0,0,0,0,0,0,0,0,0,0,0,0,0,0,0,0,0,0,0,0,0,0,0,0,0,0,2,0,0,0,0,11,0,0,0,0,0,0,0,0,0,0,0,0,0,0,0,0,0,0,0,0,0,0,0,0,0,0,0,0,0,0,0,0,0,0,0,0,0,0,0,0,0,0,0,0,0,0,0,0,0,0,0,0,0,0,0,0,0,0,0,0,0,0,0,0,0,0,0,0,0,0,0,0,0,0,0,0,0,0,0,0,0,0,0,0,0,0,0,0,0,0,0,0,0,0,0,0,0,0,0,0,0,0,0,0,0,0,0,0,0,0,0,0,0,0,0,0,0,0,0,0,0,0,0,0,0,0,0,0,0,0,0,0,0,0,0,0,0,0,0,CGTACTAG,CTGTCTCTTATACACATCT,2026,5,THB,HS-05-Todd-HewittBroth-48h,HS-05,S-KUHIMM
PJ-139,316,47970,0,6568,16,79,1088,0,53,22,7,4,0,0,0,0,0,0,0,5552,18,28,0,6,0,1527,0,0,0,0,0,0,0,0,7,7,15985,0,0,0,0,0,0,0,0,0,0,0,0,0,0,11,0,0,0,0,0,0,0,0,0,0,2,0,0,0,0,0,0,0,0,0,0,0,0,0,0,0,0,0,0,0,0,0,0,0,0,0,0,0,0,0,0,0,0,0,0,0,0,0,0,0,0,0,0,0,0,0,0,0,0,0,0,0,0,0,0,0,0,2,0,2,0,0,0,0,0,0,0,0,0,0,0,0,0,0,0,0,0,0,0,0,0,0,0,0,0,0,0,0,0,0,0,0,0,0,0,0,0,0,0,0,0,0,0,0,0,0,0,0,0,0,0,0,0,0,0,0,0,0,0,0,0,0,0,0,0,0,0,0,0,0,0,0,0,0,0,0,0,0,0,0,0,0,0,0,0,0,0,0,0,0,0,0,0,0,0,3,0,0,0,0,0,0,0,0,0,0,CGTACTAG,CTGTCTCTTATACACATCT,2026,5,MRS,HS-05-MRS-48h,HS-05,S-KUHIMM
PJ-140,23982,4096,0,830,1063,39,39120,0,4778,14993,5,0,2,0,0,0,4,0,0,0,0,0,39,0,2,0,0,0,0,3,1183,0,0,0,0,3,0,0,0,0,0,0,0,0,0,0,0,0,0,0,0,0,0,0,0,0,0,0,0,0,0,0,0,0,0,0,0,0,0,0,0,0,0,0,0,0,0,0,0,0,0,0,0,0,0,0,0,0,0,0,0,0,0,0,0,0,0,0,0,0,0,0,0,0,0,0,0,0,0,0,0,0,0,0,0,0,0,0,0,0,0,0,0,0,0,0,0,0,0,0,0,0,0,0,0,0,0,0,0,0,0,0,0,0,0,0,0,0,0,0,0,0,0,0,0,0,0,0,0,0,0,0,0,0,0,0,0,0,0,0,0,0,0,0,0,0,0,0,0,0,0,0,0,0,0,0,0,0,0,0,0,0,0,0,0,0,0,0,0,0,0,0,0,0,0,0,0,0,0,0,0,0,0,0,0,0,0,0,0,0,0,0,0,0,0,0,0,0,CGTACTAG,CTGTCTCTTATACACATCT,2026,5,NB,HS-05-NutrientBroth-48h,HS-05,S-KUHIMM
PJ-141,15634,21245,8032,209,1207,15,0,0,27649,0,3677,0,1546,4821,39,0,2320,0,2501,0,638,0,0,0,0,0,189,242,537,0,21,0,0,0,0,0,0,0,0,0,27,2050,111,0,0,354,0,0,0,0,0,6,0,0,0,0,0,34,0,0,0,0,0,2,0,6,0,0,0,0,14,0,55,0,0,0,0,0,0,0,0,0,0,0,94,0,0,71,0,0,0,0,0,0,0,0,0,0,0,0,0,0,139,0,0,0,0,0,0,0,2,0,0,0,0,0,0,0,0,0,0,0,0,0,0,0,0,15,0,0,0,0,0,0,0,0,0,0,0,0,0,0,0,0,0,0,0,0,0,0,0,0,0,0,0,0,0,0,17,0,0,0,0,0,0,0,0,0,0,0,0,0,0,0,0,0,0,0,0,0,0,0,0,0,0,0,0,0,0,0,0,0,0,0,0,0,0,0,0,0,0,0,0,0,0,0,0,0,0,0,0,0,0,0,0,0,0,0,0,0,0,0,0,0,0,0,0,0,AGGCAGAA,CTGTCTCTTATACACATCT,2026,5,GAM,HS-06-GAM-48h,HS-06,S-KUHIMM
PJ-142,9951,14233,17249,146,743,42,14446,0,13059,33,2630,7,1058,6425,90,0,2775,0,3347,0,692,0,0,0,0,0,418,2638,272,0,125,0,0,109,2,0,0,0,0,0,47,1007,742,0,0,143,0,0,0,61,0,0,0,0,0,0,2,423,134,0,0,0,0,4,7,0,0,0,0,0,20,0,111,0,0,0,0,0,0,0,9,0,0,0,46,0,0,54,52,0,0,0,0,0,0,0,0,24,0,0,0,0,130,0,0,0,3,0,0,0,3,0,0,2,0,0,0,0,0,0,0,0,0,0,7,0,0,6,0,0,0,0,0,0,0,0,0,0,7,0,9,0,0,0,0,0,0,0,0,0,0,0,0,0,0,0,0,0,0,0,0,0,0,0,0,0,0,0,0,0,0,15,0,0,0,0,0,0,0,0,0,0,0,0,0,0,0,0,0,0,0,0,0,0,0,0,0,0,0,0,0,0,0,0,0,0,0,0,0,0,0,0,0,0,0,0,0,0,0,0,0,0,0,0,0,0,2,0,AGGCAGAA,CTGTCTCTTATACACATCT,2026,5,mGAM,HS-06-modifiedGAM-48h,HS-06,S-KUHIMM
PJ-143,624,51745,39,5029,21,38,7,0,15439,18,2070,0,4582,4810,0,0,13,0,20,0,106,3,0,10,0,0,7,39,7,0,32,51,0,4,0,0,0,0,0,0,0,0,6,0,0,11,0,0,0,10,3,0,0,0,0,0,8,70,5,0,0,0,0,0,0,13,0,0,0,0,0,15,59,0,0,0,11,17,0,0,0,0,0,0,0,0,0,64,5,0,0,0,0,0,0,0,0,3,0,3,0,0,0,0,0,0,3,0,0,0,0,0,0,0,0,0,0,0,0,0,0,0,0,0,0,0,0,0,0,0,0,0,0,0,0,0,0,0,0,0,0,0,0,0,0,0,0,0,0,0,0,0,0,0,0,0,0,0,0,0,0,0,0,0,0,0,0,0,0,0,0,0,0,0,0,0,0,0,0,0,0,0,0,0,0,0,0,0,0,0,0,0,0,0,0,0,0,0,0,0,0,0,0,0,0,0,0,0,0,0,0,0,0,0,0,0,0,0,0,0,0,0,0,0,0,0,0,0,AGGCAGAA,CTGTCTCTTATACACATCT,2026,5,RCM,HS-06-RCM-48h,HS-06,S-KUHIMM
PJ-144,9492,15034,14765,26,1612,0,13573,5,5523,0,5735,6,277,3159,71,3,3698,0,3891,0,527,0,0,14,0,0,43,224,119,0,282,6,5,10,0,0,0,3,0,0,57,0,766,0,0,9,0,0,0,0,0,6,0,0,0,0,0,227,0,0,0,0,0,0,0,0,0,0,0,0,0,0,73,0,0,0,0,0,0,0,21,0,0,0,26,0,0,55,3,0,131,0,0,0,0,0,0,15,0,0,0,0,6,0,0,0,0,0,0,0,24,0,0,0,0,0,0,0,0,0,0,0,0,0,0,0,0,3,0,0,0,0,0,65,0,0,0,0,4,0,0,0,0,0,0,0,0,0,0,0,0,0,0,0,0,0,0,0,0,0,0,0,0,0,0,0,0,16,0,0,0,0,0,0,0,0,0,0,0,0,0,0,0,0,0,0,0,0,0,0,0,0,0,0,0,0,0,0,0,0,0,0,0,0,0,0,0,0,0,0,0,0,0,0,0,0,0,0,0,0,0,0,0,0,0,0,0,0,AGGCAGAA,CTGTCTCTTATACACATCT,2026,5,BHI,HS-06-BHI-48h,HS-06,S-KUHIMM
PJ-145,6410,67490,74,437,1783,0,10,0,12026,6,840,0,2474,398,0,0,18,76,29,11,96,0,0,12,0,0,4,63,0,0,26,47,0,13,0,0,0,0,0,0,0,0,0,0,0,11,0,0,0,11,4,0,2,0,0,0,8,59,0,0,0,0,0,0,0,0,0,0,0,0,0,23,28,0,0,0,7,14,0,0,0,0,0,0,0,0,0,13,7,0,0,0,0,0,0,0,4,0,0,0,0,0,0,0,0,0,0,0,0,0,0,0,0,0,0,0,0,0,0,0,0,0,0,0,0,0,0,0,0,0,0,0,0,0,0,0,0,0,0,0,0,0,0,0,0,0,0,0,0,0,0,0,0,0,0,0,0,0,0,0,0,0,0,0,0,0,0,0,0,0,0,13,0,0,0,0,0,0,0,0,0,0,0,0,0,0,0,0,0,0,0,0,0,0,0,0,0,0,0,0,0,0,0,0,0,0,0,0,0,0,0,0,0,0,0,0,0,0,0,0,0,0,0,0,0,0,0,0,AGGCAGAA,CTGTCTCTTATACACATCT,2026,5,YCFA,HS-06-YCFA-48h,HS-06,S-KUHIMM
PJ-146,8705,18597,14468,142,973,33,28787,18,10045,11,2797,3,702,2426,81,0,3935,0,1753,0,368,4,0,4,0,0,31,186,418,0,129,13,0,0,0,0,0,0,0,0,96,0,931,0,0,0,0,0,0,0,0,0,0,0,0,0,3,226,368,0,0,0,0,0,4,19,0,0,0,0,4,0,52,0,0,0,0,0,0,0,38,0,0,0,81,0,0,108,11,0,0,0,0,0,0,0,4,22,0,0,0,0,7,0,0,0,0,0,0,0,32,0,0,19,0,0,0,0,0,0,0,0,26,0,17,0,0,0,0,0,0,0,0,67,0,0,0,0,0,0,0,0,0,0,0,0,0,0,0,0,0,0,0,0,0,0,0,0,6,0,0,0,0,0,0,0,0,0,0,0,0,0,0,0,0,0,0,0,0,0,0,0,0,0,0,0,0,0,0,0,0,0,0,0,0,0,0,0,0,0,0,0,0,0,0,0,0,0,0,0,0,0,0,0,0,0,0,0,0,0,0,0,0,0,0,0,0,0,AGGCAGAA,CTGTCTCTTATACACATCT,2026,5,TSB,HS-06-TSB-48h,HS-06,S-KUHIMM
PJ-147,7467,19499,18656,288,127,0,17152,0,11929,22,4151,0,279,1153,450,0,3198,0,2939,0,210,0,0,0,0,0,24,195,303,0,71,5,0,0,0,0,0,0,0,0,24,0,1627,0,0,13,0,0,0,0,5,0,0,0,0,0,25,321,0,0,0,0,0,0,0,0,0,0,0,0,5,0,29,0,0,0,0,0,0,0,25,0,0,0,28,0,0,65,42,0,5,0,0,0,0,0,0,13,0,0,0,0,8,0,0,0,0,0,0,0,20,0,0,0,0,0,0,0,0,0,0,0,0,0,12,0,0,10,0,0,0,0,0,65,0,0,0,0,0,0,0,0,0,0,0,0,0,0,0,0,0,0,0,0,0,0,7,0,0,0,0,0,0,0,0,0,0,0,0,0,0,0,0,0,0,0,0,0,0,0,0,0,0,0,0,0,0,0,0,0,0,0,0,0,0,0,0,0,0,0,0,0,0,0,0,0,0,0,0,0,0,0,0,0,0,0,0,0,0,0,0,0,0,0,0,0,0,0,AGGCAGAA,CTGTCTCTTATACACATCT,2026,5,sTSB,HS-06-supplementedTSB-48h,HS-06,S-KUHIMM
PJ-148,14295,24021,22726,210,3369,0,67,0,12468,37,4428,0,794,2088,162,0,663,0,4332,0,448,0,2,0,0,0,77,240,458,0,402,6,0,0,5,0,0,0,0,0,74,0,1335,0,0,0,0,0,0,0,0,0,0,0,0,0,3,219,812,0,0,0,0,0,0,0,0,0,0,0,0,0,13,0,0,0,0,0,0,0,0,0,0,0,372,0,0,43,0,0,0,0,0,0,0,0,0,59,0,0,0,0,23,0,0,0,0,0,0,0,62,0,0,0,0,0,0,0,0,0,0,0,0,0,46,0,0,15,0,0,0,0,0,14,0,0,0,0,0,0,0,0,0,0,0,0,0,0,0,0,0,0,0,0,0,0,0,0,10,4,0,0,0,0,0,0,0,0,0,0,0,7,0,0,0,0,0,0,0,0,0,0,0,0,0,0,0,0,0,0,0,0,0,0,0,0,0,0,0,0,0,0,0,0,0,0,0,0,0,0,0,0,0,0,0,0,0,0,0,0,0,0,0,0,0,0,0,0,AGGCAGAA,CTGTCTCTTATACACATCT,2026,5,THB,HS-06-Todd-HewittBroth-48h,HS-06,S-KUHIMM
PJ-149,58,85128,8,797,0,0,16,0,1435,0,163,0,942,383,0,0,0,0,29,0,109,0,0,13,0,0,2,5,9,0,8,26,0,9,0,11,0,0,0,0,0,8,0,0,0,7,0,0,0,10,5,0,0,0,0,0,4,8,0,0,0,0,0,0,4,4,0,0,0,0,0,11,19,0,0,0,7,0,0,0,0,0,0,0,0,0,0,9,2,0,0,0,0,0,0,0,0,0,0,0,0,0,0,0,0,0,0,0,0,0,0,0,0,0,0,0,0,0,0,0,0,0,0,0,0,0,0,0,0,0,0,0,0,0,0,0,2,0,0,0,0,0,0,0,0,0,3,0,0,0,0,0,0,0,0,0,0,0,0,0,0,0,0,0,0,0,0,0,0,0,0,0,0,0,0,0,0,0,0,0,0,0,0,0,0,0,0,0,0,0,0,0,0,0,0,0,0,0,0,0,0,0,0,0,0,0,0,0,0,0,0,0,0,0,0,0,0,0,0,0,0,0,0,0,0,0,0,0,TCCTGAGC,CTGTCTCTTATACACATCT,2026,5,MRS,HS-06-MRS-48h,HS-06,S-KUHIMM
PJ-150,28708,8575,5847,48,1088,8,21704,8,4509,0,3249,0,682,18,123,0,2471,0,1408,0,10,0,0,0,0,0,49,1702,69,0,1486,26,0,0,0,5,0,0,0,0,0,0,414,0,0,6,0,0,0,7,0,0,0,0,0,0,0,47,0,0,0,0,0,0,2,0,0,0,0,0,0,15,18,0,0,0,11,0,0,0,0,0,0,0,0,0,0,0,0,0,0,0,0,0,0,0,0,40,0,0,0,0,0,0,0,0,0,0,0,0,83,0,0,0,0,0,0,0,0,0,0,0,0,0,0,0,0,7,0,0,0,0,0,0,0,0,175,0,0,0,0,0,0,0,0,0,0,0,0,0,0,0,0,0,0,0,0,0,4,0,0,0,0,0,0,0,0,0,0,0,0,0,0,0,0,0,0,0,0,0,0,0,0,0,0,0,0,0,0,0,0,0,0,0,0,0,0,0,0,0,0,0,0,0,0,0,0,0,0,0,0,0,0,0,0,0,0,0,0,0,0,0,0,0,0,0,0,0,TCCTGAGC,CTGTCTCTTATACACATCT,2026,5,NB,HS-06-NutrientBroth-48h,HS-06,S-KUHIMM