index,d__Bacteria;p__Pseudomonadota;c__Gammaproteobacteria;o__Enterobacterales;f__Enterobacteriaceae;g__Escherichia-Shigella,d__Bacteria;p__Bacillota;c__Bacilli;o__Lactobacillales;f__Streptococcaceae;g__Streptococcus,d__Bacteria;p__Bacillota;c__Negativicutes;o__Acidaminococcales;f__Acidaminococcaceae;g__Acidaminococcus,d__Bacteria;p__Bacillota;c__Negativicutes;o__Veillonellales-Selenomonadales;f__Selenomonadaceae;g__Megamonas,d__Bacteria;p__Bacteroidota;c__Bacteroidia;o__Bacteroidales;f__Bacteroidaceae;g__Bacteroides,d__Bacteria;p__Actinomycetota;c__Actinobacteria;o__Bifidobacteriales;f__Bifidobacteriaceae;g__Bifidobacterium,d__Bacteria;p__Fusobacteriota;c__Fusobacteriia;o__Fusobacteriales;f__Fusobacteriaceae;g__Fusobacterium,d__Bacteria;p__Bacillota;c__Negativicutes;o__Veillonellales-Selenomonadales;f__Veillonellaceae;g__Megasphaera,d__Bacteria;p__Bacteroidota;c__Bacteroidia;o__Bacteroidales;f__Prevotellaceae;g__Segatella,d__Bacteria;p__Bacillota;c__Bacilli;o__Lactobacillales;f__Enterococcaceae;g__Enterococcus,d__Bacteria;p__Bacillota;c__Clostridia;o__Lachnospirales;f__Lachnospiraceae;g__Mediterraneibacter,d__Bacteria;p__Bacillota;c__Clostridia;o__Peptostreptococcales-Tissierellales;f__Peptostreptococcaceae;g__Paraclostridium,d__Bacteria;p__Pseudomonadota;c__Gammaproteobacteria;o__Burkholderiales;f__Sutterellaceae;g__Sutterella,d__Bacteria;p__Bacteroidota;c__Bacteroidia;o__Bacteroidales;f__Tannerellaceae;g__Parabacteroides,d__Bacteria;p__Bacillota;c__Clostridia;o__Oscillospirales;f__Ruminococcaceae;g__Faecalibacterium,d__Bacteria;p__Actinomycetota;c__Coriobacteriia;o__Coriobacteriales;f__Coriobacteriaceae;g__Collinsella,d__Bacteria;p__Bacillota;c__Negativicutes;o__Acidaminococcales;f__Acidaminococcaceae;g__Phascolarctobacterium,d__Bacteria;p__Bacillota;c__Clostridia;o__Lachnospirales;f__Lachnospiraceae;g__Dorea,d__Bacteria;p__Bacillota;c__Clostridia;o__Lachnospirales;f__Lachnospiraceae;__,d__Bacteria;p__Bacillota;c__Negativicutes;o__Veillonellales-Selenomonadales;f__Veillonellaceae;g__Veillonella,d__Bacteria;p__Pseudomonadota;c__Gammaproteobacteria;o__Burkholderiales;f__Sutterellaceae;g__Incertae_Sedis,d__Bacteria;p__Bacillota;c__Clostridia;o__Lachnospirales;f__Lachnospiraceae;g__Lachnoclostridium,d__Bacteria;p__Bacillota;c__Clostridia;o__Lachnospirales;f__Lachnospiraceae;g__Anaerostipes,d__Bacteria;p__Bacillota;c__Clostridia;o__Lachnospirales;f__Lachnospiraceae;g__Fusicatenibacter,d__Bacteria;p__Bacillota;c__Clostridia;o__Lachnospirales;f__Lachnospiraceae;g__[Ruminococcus]_gnavus_group,d__Bacteria;p__Bacillota;c__Clostridia;o__Lachnospirales;f__Lachnospiraceae;g__Blautia,d__Bacteria;p__Bacillota;c__Clostridia;o__Lachnospirales;f__Lachnospiraceae;g__Enterocloster,d__Bacteria;p__Bacillota;c__Clostridia;o__Clostridiales;f__Clostridiaceae;g__Clostridium,d__Bacteria;p__Bacillota;c__Bacilli;o__Erysipelotrichales;f__Erysipelatoclostridiaceae;g__Erysipelotrichaceae_UCG-003,d__Bacteria;p__Bacillota;c__Bacilli;o__Erysipelotrichales;f__Erysipelatoclostridiaceae;g__Thomasclavelia,d__Bacteria;p__Bacillota;c__Clostridia;o__Oscillospirales;f__Ruminococcaceae;g__Negativibacillus,d__Bacteria;p__Verrucomicrobiota;c__Verrucomicrobiia;o__Verrucomicrobiales;f__Akkermansiaceae;g__Akkermansia,d__Bacteria;p__Bacteroidota;c__Bacteroidia;o__Bacteroidales;f__Prevotellaceae;g__Prevotellaceae_NK3B31_group,d__Bacteria;p__Bacillota;c__Clostridia;o__Lachnospirales;f__Lachnospiraceae;g__Agathobacter,d__Bacteria;p__Bacillota;c__Clostridia;o__Oscillospirales;f__Oscillospiraceae;g__Flavonifractor,d__Bacteria;p__Bacillota;c__Bacilli;o__Erysipelotrichales;f__Erysipelatoclostridiaceae;g__Longibaculum,d__Bacteria;p__Bacillota;c__Clostridia;o__Lachnospirales;f__Lachnospiraceae;g__Tyzzerella,d__Bacteria;p__Bacillota;c__Clostridia;o__Oscillospirales;f__Butyricicoccaceae;g__Agathobaculum,d__Bacteria;p__Bacillota;c__Clostridia;o__Lachnospirales;f__Lachnospiraceae;g__Lachnospira,d__Bacteria;p__Bacillota;c__Negativicutes;o__Veillonellales-Selenomonadales;f__Veillonellaceae;g__Dialister,d__Bacteria;p__Bacillota;c__Bacilli;o__Erysipelotrichales;f__Erysipelotrichaceae;g__Holdemanella,d__Bacteria;p__Bacillota;c__Clostridia;o__Lachnospirales;f__Lachnospiraceae;g__Lachnospiraceae_UCG-004,d__Bacteria;p__Bacillota;c__Clostridia;o__Lachnospirales;f__Lachnospiraceae;g__Anaerobutyricum,d__Bacteria;p__Bacteroidota;c__Bacteroidia;o__Bacteroidales;f__Prevotellaceae;g__Incertae_Sedis,d__Bacteria;p__Bacillota;c__Clostridia;o__Oscillospirales;f__Oscillospiraceae;g__UCG-003,d__Bacteria;p__Bacillota;c__Negativicutes;o__Veillonellales-Selenomonadales;f__Selenomonadaceae;g__Mitsuokella,d__Bacteria;p__Bacillota;c__Clostridia;o__Oscillospirales;f__Ruminococcaceae;g__Gemmiger,d__Bacteria;p__Bacillota;c__Negativicutes;o__Veillonellales-Selenomonadales;f__Veillonellaceae;g__Allisonella,d__Bacteria;p__Bacillota;c__Clostridia;o__Lachnospirales;f__Lachnospiraceae;g__Sellimonas,d__Bacteria;p__Bacillota;c__Clostridia;o__Oscillospirales;f__Oscillospiraceae;g__UCG-002,d__Bacteria;p__Bacteroidota;c__Bacteroidia;o__Bacteroidales;f__Barnesiellaceae;g__Barnesiella,d__Bacteria;p__Bacillota;c__Clostridia;o__Lachnospirales;f__Lachnospiraceae;g__Lachnospiraceae_ND3007_group,d__Bacteria;p__Bacillota;c__Clostridia;o__Oscillospirales;f__Oscillospiraceae;g__Oscillibacter,d__Bacteria;p__Bacillota;c__Bacilli;o__Lactobacillales;f__Lactobacillaceae;g__Limosilactobacillus,d__Bacteria;p__Bacillota;c__Clostridia;o__Oscillospirales;f__Oscillospiraceae;g__Intestinimonas,d__Bacteria;p__Bacillota;c__Clostridia;o__Lachnospirales;f__Lachnospiraceae;g__Faecalimonas,d__Bacteria;p__Bacteroidota;c__Bacteroidia;o__Bacteroidales;f__Rikenellaceae;g__Alistipes,d__Bacteria;p__Bacillota;c__Clostridia;o__Lachnospirales;f__Lachnospiraceae;g__Incertae_Sedis,d__Bacteria;p__Actinomycetota;c__Coriobacteriia;o__Coriobacteriales;f__Eggerthellaceae;g__Eggerthella,d__Bacteria;p__Pseudomonadota;c__Gammaproteobacteria;o__Burkholderiales;f__Sutterellaceae;__,d__Bacteria;p__Bacillota;c__Bacilli;o__Erysipelotrichales;f__Erysipelotrichaceae;g__Faecalicoccus,d__Bacteria;p__Bacillota;c__Clostridia;o__Lachnospirales;f__Lachnospiraceae;g__Roseburia,d__Bacteria;p__Pseudomonadota;c__Gammaproteobacteria;o__Burkholderiales;f__Sutterellaceae;g__Parasutterella,d__Bacteria;p__Pseudomonadota;c__Gammaproteobacteria;o__Enterobacterales;f__Succinivibrionaceae;g__Succinatimonas,d__Bacteria;p__Bacillota;c__Bacilli;o__Erysipelotrichales;f__Erysipelotrichaceae;g__[Clostridium]_innocuum_group,d__Bacteria;p__Thermodesulfobacteriota;c__Desulfovibrionia;o__Desulfovibrionales;f__Desulfovibrionaceae;g__Bilophila,d__Bacteria;p__Bacillota;c__Clostridia;o__Peptostreptococcales-Tissierellales;f__Peptostreptococcaceae;g__Paeniclostridium,d__Bacteria;p__Bacillota;c__Clostridia;o__Lachnospirales;f__Lachnospiraceae;g__Hungatella,d__Bacteria;p__Bacillota;c__Bacilli;o__Lactobacillales;f__Lactobacillaceae;g__Lactiplantibacillus,d__Bacteria;p__Bacillota;c__Clostridia;o__Lachnospirales;f__Lachnospiraceae;g__[Eubacterium]_ventriosum_group,d__Bacteria;p__Bacillota;c__Clostridia;o__Lachnospirales;f__Lachnospiraceae;g__CAG-56,d__Bacteria;p__Bacillota;c__Clostridia;o__Oscillospirales;f__Ruminococcaceae;g__Acutalibacter,d__Bacteria;p__Bacillota;c__Clostridia;o__Oscillospirales;f__Ruminococcaceae;g__Phocea,d__Bacteria;p__Bacillota;c__Clostridia;o__Lachnospirales;f__Lachnospiraceae;g__Coprococcus,d__Bacteria;p__Bacillota;c__Bacilli;o__Erysipelotrichales;f__Erysipelotrichaceae;g__Holdemania,d__Bacteria;p__Pseudomonadota;c__Alphaproteobacteria;o__Rhodospirillales;f__Incertae_Sedis;g__Incertae_Sedis,d__Bacteria;p__Bacillota;c__Clostridia;o__Lachnospirales;f__Lachnospiraceae;g__[Ruminococcus]_gauvreauii_group,d__Bacteria;p__Bacillota;c__Clostridia;o__Oscillospirales;f__Ruminococcaceae;__,d__Bacteria;p__Actinomycetota;c__Coriobacteriia;o__Coriobacteriales;f__Eggerthellaceae;g__Slackia,d__Bacteria;p__Actinomycetota;c__Coriobacteriia;o__Coriobacteriales;f__Atopobiaceae;g__Tractidigestivibacter,d__Bacteria;p__Pseudomonadota;c__Gammaproteobacteria;o__Enterobacterales;f__Enterobacteriaceae;g__Citrobacter,d__Bacteria;p__Bacteroidota;c__Bacteroidia;o__Bacteroidales;f__Barnesiellaceae;g__Coprobacter,d__Bacteria;p__Bacillota;c__Clostridia;o__Oscillospirales;f__Ruminococcaceae;g__Ruminococcus,d__Bacteria;p__Bacillota;c__Clostridia;o__Oscillospirales;f__Oscillospiraceae;g__Colidextribacter,d__Bacteria;p__Bacillota;c__Clostridia;o__Monoglobales;f__Monoglobaceae;g__Monoglobus,d__Bacteria;p__Bacillota;c__Bacilli;o__Lactobacillales;f__Lactobacillaceae;g__Ligilactobacillus,d__Bacteria;p__Thermodesulfobacteriota;c__Desulfovibrionia;o__Desulfovibrionales;f__Desulfovibrionaceae;g__Desulfovibrio,d__Bacteria;p__Bacillota;c__Clostridia;o__Lachnospirales;f__Lachnospiraceae;g__Lachnospiraceae_NK4A136_group,d__Bacteria;p__Bacillota;c__Bacilli;o__Erysipelotrichales;f__Erysipelotrichaceae;g__Absiella,d__Bacteria;p__Bacteroidota;c__Bacteroidia;o__Bacteroidales;f__Marinifilaceae;g__Odoribacter,d__Bacteria;p__Bacillota;c__Bacilli;o__Erysipelotrichales;f__Erysipelotrichaceae;g__Faecalitalea,d__Bacteria;p__Bacillota;c__Clostridia;o__Eubacteriales;f__Eubacteriaceae;g__Eubacterium,d__Bacteria;p__Bacillota;c__Clostridia;o__Peptostreptococcales-Tissierellales;f__Family_XI;g__Peptoniphilus,d__Bacteria;p__Bacillota;c__Clostridia;o__Lachnospirales;f__Lachnospiraceae;g__[Eubacterium]_eligens_group,d__Bacteria;p__Bacillota;c__Clostridia;o__Oscillospirales;f__[Eubacterium]_coprostanoligenes_group;g__Incertae_Sedis,d__Bacteria;p__Bacillota;c__Clostridia;o__Oscillospirales;f__Butyricicoccaceae;g__Butyricicoccus,d__Bacteria;p__Bacillota;c__Clostridia;o__Oscillospirales;f__Oscillospiraceae;g__Incertae_Sedis,d__Bacteria;p__Pseudomonadota;c__Gammaproteobacteria;o__Enterobacterales;f__Hafniaceae;g__Edwardsiella,d__Bacteria;p__Bacillota;c__Clostridia;o__Oscillospirales;f__Ruminococcaceae;g__Fournierella,d__Bacteria;p__Bacillota;c__Clostridia;o__Peptostreptococcales-Tissierellales;f__Peptostreptococcaceae;g__Intestinibacter,d__Bacteria;p__Bacillota;c__Clostridia;o__Oscillospirales;f__Ruminococcaceae;g__Ruthenibacterium,d__Bacteria;p__Actinomycetota;c__Coriobacteriia;o__Coriobacteriales;f__Eggerthellaceae;g__Senegalimassilia,d__Bacteria;p__Actinomycetota;c__Coriobacteriia;o__Coriobacteriales;f__Eggerthellaceae;g__Adlercreutzia,d__Bacteria;p__Bacillota;c__Clostridia;o__Oscillospirales;f__Ruminococcaceae;g__Candidatus_Soleaferrea,d__Bacteria;p__Bacillota;c__Bacilli;o__Lactobacillales;f__Lactobacillaceae;g__Lactobacillus,d__Bacteria;p__Bacillota;c__Clostridia;o__Oscillospirales;f__Ethanoligenenaceae;g__Acetanaerobacterium,d__Bacteria;p__Bacillota;c__Clostridia;o__Peptostreptococcales-Tissierellales;f__Peptostreptococcaceae;g__Romboutsia,d__Bacteria;p__Pseudomonadota;c__Gammaproteobacteria;o__Burkholderiales;f__Sutterellaceae;g__Turicimonas,d__Bacteria;p__Bacteroidota;c__Bacteroidia;o__Bacteroidales;f__Muribaculaceae;g__Incertae_Sedis,d__Bacteria;p__Bacillota;c__Bacilli;o__Erysipelotrichales;f__Erysipelotrichaceae;g__Amedibacillus,d__Bacteria;p__Bacillota;c__Clostridia;o__Lachnospirales;f__Lachnospiraceae;g__Lachnospiraceae_FCS020_group,d__Bacteria;p__Bacillota;c__Bacilli;o__Bacillales;f__Bacillaceae;g__Bacillus,d__Bacteria;__;__;__;__;__,d__Bacteria;p__Bacillota;c__Clostridia;o__Lachnospirales;f__Lachnospiraceae;g__Lachnospiraceae_UCG-010,d__Bacteria;p__Bacillota;c__Clostridia;o__Oscillospirales;f__Oscillospiraceae;g__NK4A214_group,d__Bacteria;p__Bacteroidota;c__Bacteroidia;o__Bacteroidales;f__Prevotellaceae;g__Paraprevotella,d__Bacteria;p__Bacillota;c__Bacilli;o__Lactobacillales;f__Streptococcaceae;g__Lactococcus,d__Bacteria;p__Bacillota;c__Clostridia;o__Oscillospirales;f__Oscillospiraceae;__,d__Bacteria;p__Bacteroidota;c__Bacteroidia;o__Bacteroidales;f__Marinifilaceae;g__Butyricimonas,d__Bacteria;p__Bacillota;c__Negativicutes;o__Veillonellales-Selenomonadales;f__Veillonellaceae;g__Negativicoccus,d__Bacteria;p__Actinomycetota;c__Coriobacteriia;o__Coriobacteriales;f__Atopobiaceae;g__Olsenella,d__Bacteria;p__Bacillota;c__Clostridia;o__Oscillospirales;f__Ruminococcaceae;g__Paludicola,d__Bacteria;p__Bacillota;c__Clostridia;o__Oscillospirales;f__Ruminococcaceae;g__DTU089,d__Bacteria;p__Bacillota;c__Clostridia;o__Peptostreptococcales-Tissierellales;f__Anaerovoracaceae;g__[Eubacterium]_brachy_group,d__Bacteria;p__Bacillota;c__Clostridia;o__Oscillospirales;f__Ruminococcaceae;g__[Clostridium]_methylpentosum_group,d__Bacteria;p__Bacillota;c__Clostridia;o__Peptostreptococcales-Tissierellales;f__Family_XI;g__Finegoldia,d__Bacteria;p__Bacillota;c__Bacilli;o__Lactobacillales;f__Lactobacillaceae;g__Lacticaseibacillus,d__Bacteria;p__Bacillota;c__Bacilli;o__Erysipelotrichales;f__Erysipelatoclostridiaceae;g__Coprobacillus,d__Bacteria;p__Actinomycetota;c__Coriobacteriia;o__Coriobacteriales;f__Atopobiaceae;g__Atopobium,d__Bacteria;p__Actinomycetota;c__Coriobacteriia;o__Coriobacteriales;f__Coriobacteriaceae;g__Enorma,d__Bacteria;p__Bacillota;c__Clostridia;o__Lachnospirales;f__Lachnospiraceae;g__Eisenbergiella,d__Bacteria;p__Actinomycetota;c__Coriobacteriia;o__Coriobacteriales;f__Eggerthellaceae;g__Gordonibacter,d__Bacteria;p__Bacillota;c__Bacilli;o__Erysipelotrichales;f__Erysipelotrichaceae;g__Dielma,d__Bacteria;p__Bacillota;c__Clostridia;o__Peptostreptococcales-Tissierellales;f__Peptostreptococcaceae;g__Peptostreptococcus,d__Bacteria;p__Bacteroidota;c__Bacteroidia;o__Bacteroidales;f__Barnesiellaceae;g__Incertae_Sedis,d__Bacteria;p__Bacillota;c__Clostridia;o__Oscillospirales;f__Oscillospiraceae;g__Oscillospira,d__Bacteria;p__Pseudomonadota;c__Gammaproteobacteria;o__Pseudomonadales;f__Moraxellaceae;g__Acinetobacter,d__Bacteria;p__Bacillota;c__Clostridia;o__Peptostreptococcales-Tissierellales;f__Anaerovoracaceae;g__Family_XIII_AD3011_group,d__Bacteria;p__Bacillota;c__Clostridia;o__Lachnospirales;f__Lachnospiraceae;g__Lactonifactor,d__Bacteria;p__Bacillota;c__Bacilli;o__Erysipelotrichales;f__Erysipelatoclostridiaceae;g__Massiliomicrobiota,d__Bacteria;p__Bacillota;c__Clostridia;o__Oscillospirales;f__Ruminococcaceae;g__Incertae_Sedis,d__Bacteria;p__Bacillota;c__Clostridia;o__Christensenellales;f__Christensenellaceae;g__Christensenellaceae_R-7_group,d__Bacteria;p__Bacillota;c__Clostridia;o__Lachnospirales;f__Lachnospiraceae;g__Faecalicatena,d__Bacteria;p__Bacillota;c__Clostridia;o__Oscillospirales;f__Oscillospiraceae;g__UCG-005,d__Bacteria;p__Bacteroidota;c__Bacteroidia;o__Bacteroidales;f__Prevotellaceae;g__Prevotellaceae_UCG-001,d__Bacteria;p__Thermodesulfobacteriota;c__Desulfovibrionia;o__Desulfovibrionales;f__Desulfovibrionaceae;g__Incertae_Sedis,d__Bacteria;p__Bacillota;c__Clostridia;o__Peptostreptococcales-Tissierellales;f__Anaerovoracaceae;g__Incertae_Sedis,d__Bacteria;p__Pseudomonadota;c__Gammaproteobacteria;o__Enterobacterales;f__Aeromonadaceae;g__Aeromonas,d__Bacteria;p__Bacillota;c__Clostridia;o__Oscillospirales;f__Ruminococcaceae;g__Hydrogenoanaerobacterium,d__Bacteria;p__Bacteroidota;c__Bacteroidia;o__Flavobacteriales;f__Weeksellaceae;g__Chryseobacterium,d__Bacteria;p__Bacillota;c__Clostridia;o__Lachnospirales;f__Lachnospiraceae;g__Extibacter,d__Bacteria;p__Actinomycetota;c__Coriobacteriia;o__Coriobacteriales;f__Eggerthellaceae;g__CHKCI002,d__Bacteria;p__Bacillota;c__Clostridia;o__Peptostreptococcales-Tissierellales;f__Peptostreptococcaceae;g__Terrisporobacter,d__Bacteria;p__Bacillota;c__Clostridia;o__Lachnospirales;f__Lachnospiraceae;g__Anaerotignum,d__Bacteria;p__Bacillota;c__Clostridia;o__Lachnospirales;f__Lachnospiraceae;g__Butyribacter,d__Bacteria;p__Actinomycetota;c__Coriobacteriia;o__Coriobacteriales;f__Coriobacteriales_Incertae_Sedis;g__Incertae_Sedis,d__Bacteria;p__Bacillota;c__Clostridia;o__Lachnospirales;f__Lachnospiraceae;g__GCA-900066575,d__Bacteria;p__Bacillota;c__Clostridia;o__Lachnospirales;f__Lachnospiraceae;g__GCA-900066755,d__Bacteria;p__Actinomycetota;c__Actinobacteria;o__Actinomycetales;f__Actinomycetaceae;g__Schaalia,d__Bacteria;p__Bacillota;c__Clostridia;o__Oscillospirales;f__Ruminococcaceae;g__Anaerotruncus,d__Bacteria;p__Bacillota;c__Clostridia;o__Oscillospirales;f__Butyricicoccaceae;g__UCG-009,d__Bacteria;p__Pseudomonadota;c__Gammaproteobacteria;o__Enterobacterales;f__Pasteurellaceae;g__Haemophilus,d__Bacteria;p__Bacillota;c__Clostridia;o__Christensenellales;f__Christensenellaceae;g__Christensenella,d__Bacteria;p__Bacillota;c__Clostridia;o__Clostridia_UCG-014;f__Incertae_Sedis;g__Incertae_Sedis,d__Bacteria;p__Bacillota;c__Clostridia;o__Eubacteriales;f__Anaerofustaceae;g__Anaerofustis,d__Bacteria;p__Bacillota;c__Bacilli;o__Lactobacillales;f__Carnobacteriaceae;g__Granulicatella,d__Bacteria;p__Bacillota;c__Clostridia;o__Peptostreptococcales-Tissierellales;f__Anaerovoracaceae;g__Family_XIII_UCG-001,d__Bacteria;p__Bacillota;c__Clostridia;o__Christensenellales;f__Christensenellaceae;g__Incertae_Sedis,d__Bacteria;p__Bacillota;c__Clostridia;o__Oscillospirales;f__Ruminococcaceae;g__Anaerofilum,d__Bacteria;p__Bacillota;c__Clostridia;o__Lachnospirales;f__Lachnospiraceae;g__Shuttleworthia,d__Bacteria;p__Pseudomonadota;c__Gammaproteobacteria;o__Enterobacterales;f__Morganellaceae;g__Morganella,d__Bacteria;p__Bacillota;c__Incertae_Sedis;o__DTU014;f__Incertae_Sedis;g__Incertae_Sedis,d__Bacteria;p__Verrucomicrobiota;c__Lentisphaeria;o__Victivallales;f__Victivallaceae;g__Victivallis,d__Bacteria;p__Bacillota;c__Bacilli;o__Erysipelotrichales;f__Erysipelotrichaceae;g__Merdibacter,d__Bacteria;p__Bacteroidota;c__Bacteroidia;o__Bacteroidales;f__Prevotellaceae;g__Prevotella,d__Bacteria;p__Bacillota;c__Bacilli;o__Lactobacillales;f__Lactobacillaceae;g__Levilactobacillus,d__Bacteria;p__Bacillota;c__Bacilli;o__Erysipelotrichales;f__Erysipelotrichaceae;g__Turicibacter,d__Bacteria;p__Bacillota;__;__;__;__,d__Bacteria;p__Bacillota;c__Clostridia;o__Oscillospirales;f__UCG-010;g__Incertae_Sedis,d__Bacteria;p__Bacillota;c__Clostridia;o__Oscillospirales;f__Incertae_Sedis;g__Incertae_Sedis,d__Bacteria;p__Bacillota;c__Clostridia;o__Peptostreptococcales-Tissierellales;f__Family_XI;g__Anaerococcus,d__Bacteria;p__Bacillota;c__Clostridia;o__Lachnospirales;f__Lachnospiraceae;g__UC5-1-2E3,d__Bacteria;p__Pseudomonadota;c__Gammaproteobacteria;o__Enterobacterales;f__Enterobacteriaceae;__,d__Bacteria;p__Pseudomonadota;c__Gammaproteobacteria;o__Burkholderiales;f__Comamonadaceae;g__Delftia,d__Bacteria;p__Bacillota;c__Clostridia;o__Clostridia_vadinBB60_group;f__Incertae_Sedis;g__Incertae_Sedis,Unassigned;__;__;__;__;__,d__Bacteria;p__Bacillota;c__Clostridia;o__Lachnospirales;f__Lachnospiraceae;g__Frisingicoccus,d__Bacteria;p__Bacillota;c__Clostridia;o__Lachnospirales;f__Lachnospiraceae;g__[Eubacterium]_xylanophilum_group,d__Bacteria;p__Bacillota;c__Clostridia;o__Lachnospirales;f__Lachnospiraceae;g__Lachnospiraceae_NC2004_group,d__Bacteria;p__Bacillota;c__Clostridia;o__Oscillospirales;__;__,d__Bacteria;p__Bacillota;c__Bacilli;o__Erysipelotrichales;f__Erysipelatoclostridiaceae;g__Catenibacterium,d__Bacteria;p__Bacillota;c__Clostridia;o__Oscillospirales;f__Ruminococcaceae;g__Angelakisella,d__Bacteria;p__Verrucomicrobiota;c__Lentisphaeria;o__Victivallales;f__vadinBE97;g__Incertae_Sedis,d__Bacteria;p__Bacillota;c__Bacilli;o__Staphylococcales;f__Gemellaceae;g__Gemella,d__Bacteria;p__Pseudomonadota;c__Gammaproteobacteria;o__Enterobacterales;f__Enterobacteriaceae;g__Cronobacter,d__Bacteria;p__Bacillota;c__Clostridia;__;__;__,d__Bacteria;p__Bacillota;c__Clostridia;o__Lachnospirales;f__Lachnospiraceae;g__Catenibacillus,d__Bacteria;p__Bacillota;c__Clostridia;o__Oscillospirales;f__Ruminococcaceae;g__Harryflintia,d__Bacteria;p__Bacillota;c__Clostridia;o__Lachnospirales;f__Lachnospiraceae;g__Marvinbryantia,d__Bacteria;p__Bacillota;c__Bacilli;o__RF39;f__Incertae_Sedis;g__Incertae_Sedis,d__Bacteria;p__Pseudomonadota;c__Gammaproteobacteria;o__Burkholderiales;f__Comamonadaceae;g__Comamonas,d__Bacteria;p__Actinomycetota;c__Coriobacteriia;o__Coriobacteriales;f__Atopobiaceae;g__Lancefieldella,d__Bacteria;p__Actinomycetota;c__Actinobacteria;o__Actinomycetales;f__Actinomycetaceae;g__Actinomyces,d__Bacteria;p__Bacillota;c__Clostridia;o__Oscillospirales;f__Oscillospiraceae;g__UCG-007,d__Bacteria;p__Bacillota;c__Clostridia;o__Peptococcales;f__Peptococcaceae;g__Incertae_Sedis,d__Bacteria;p__Bacillota;c__Bacilli;o__Lactobacillales;f__Lactobacillaceae;__,d__Bacteria;p__Bacillota;c__Bacilli;o__Lactobacillales;f__Carnobacteriaceae;g__Carnobacterium,d__Bacteria;p__Bacillota;c__Clostridia;o__Lachnospirales;f__Lachnospiraceae;g__[Eubacterium]_oxidoreducens_group,d__Bacteria;p__Bacillota;c__Negativicutes;o__Acidaminococcales;f__Acidaminococcaceae;__,d__Bacteria;p__Bacillota;c__Bacilli;o__Erysipelotrichales;f__Erysipelotrichaceae;g__Solobacterium,d__Bacteria;p__Bacillota;c__Clostridia;o__Peptostreptococcales-Tissierellales;f__Peptostreptococcaceae;__,d__Bacteria;p__Bacillota;c__Bacilli;o__Lactobacillales;f__Enterococcaceae;__,d__Bacteria;p__Bacillota;c__Negativicutes;o__Veillonellales-Selenomonadales;f__Veillonellaceae;__,d__Bacteria;p__Bacillota;c__Clostridia;o__Oscillospirales;f__Oscillospiraceae;g__Pseudoflavonifractor,d__Bacteria;p__Bacillota;c__Bacilli;o__Lactobacillales;f__Lactobacillaceae;g__Leuconostoc,d__Bacteria;p__Actinomycetota;c__Coriobacteriia;o__Coriobacteriales;f__Coriobacteriales_Incertae_Sedis;g__Raoultibacter,d__Bacteria;p__Actinomycetota;c__Coriobacteriia;o__Coriobacteriales;f__Atopobiaceae;__,d__Bacteria;p__Pseudomonadota;c__Gammaproteobacteria;o__Burkholderiales;f__Oxalobacteraceae;__,d__Bacteria;p__Bacillota;c__Bacilli;o__Erysipelotrichales;f__Erysipelotrichaceae;__,BarcodeSequence,LinkerPrimerSequence,Year,Month,Feature,Subject,Cluster,Description
PK-001,61,72,7,0,29148,1934,20,2562,0,0,1085,10,1209,5140,8058,519,2412,395,420,12,120,421,1961,1262,78,1860,1224,0,1548,0,14,0,0,4331,95,0,326,380,1816,0,0,0,709,0,0,0,268,0,3,34,290,141,150,0,0,0,1420,0,63,0,0,1978,0,59,9,358,0,8,0,512,0,324,16,428,23,0,0,465,0,0,0,354,0,154,223,0,0,224,12,268,0,2,0,39,6,0,183,0,0,10,14,0,6,6,3,0,0,23,0,10,14,0,0,14,177,0,5,0,77,0,0,0,5,0,0,0,0,0,0,0,11,0,14,0,58,0,0,7,4,0,65,0,0,6,0,0,0,0,0,0,0,0,0,0,0,5,0,0,18,0,3,0,0,0,0,0,0,0,0,0,0,0,0,0,0,0,5,0,0,0,0,0,0,0,0,0,0,0,2,0,7,0,0,5,0,0,0,0,0,0,0,4,2,0,0,0,0,0,0,0,0,0,0,0,2,0,2,0,0,TAGGCATG,CTGTCTCTTATACACATCT,2026,5,Feces,HS-01-FEC,HS-01,S-KUHIMM
PK-002,161,358,0,0,33592,4044,4,0,0,0,295,14,0,3492,15470,0,875,481,804,738,2367,103,2022,0,455,4066,127,3,0,27,0,0,0,1270,286,262,438,487,1401,0,0,101,0,0,0,0,0,3,68,136,7,495,102,3,0,0,185,0,20,0,28,86,756,0,29,199,0,0,0,216,0,1536,12,0,37,0,50,0,0,0,0,0,0,79,349,0,298,0,0,252,61,10,0,1043,3,0,54,0,19,93,7,0,41,4,0,0,54,0,85,0,0,0,3,8,0,0,0,0,24,0,8,0,10,2,0,0,0,0,0,82,6,0,0,0,116,18,0,0,0,16,100,128,6,44,0,67,0,0,0,0,0,8,0,0,0,0,15,0,30,0,15,46,0,5,0,3,0,0,7,0,0,0,11,0,0,0,7,0,0,9,0,0,0,0,0,0,0,0,3,0,0,0,0,0,0,0,0,0,0,0,0,0,0,0,0,0,0,2,0,3,0,0,0,0,0,0,0,0,0,TAGGCATG,CTGTCTCTTATACACATCT,2026,5,Feces,HS-02-FEC,HS-02,S-KUHIMM
PK-003,0,20,0,5746,8419,115,0,931,28234,0,766,0,0,1743,6403,571,21,498,568,0,1307,352,184,223,12,1360,108,16,0,7,324,44,0,399,63,0,165,338,0,1446,0,30,599,0,221,0,1306,19,116,721,0,63,152,2,0,18,1896,54,13,164,0,430,0,0,0,263,0,0,0,315,105,857,16,0,7,0,0,381,0,0,0,0,899,36,173,0,0,62,0,315,8,0,0,0,827,0,96,0,0,0,15,0,10,0,0,4,136,0,0,0,8,0,4,53,199,0,0,0,109,0,0,0,21,0,0,0,0,0,0,0,0,0,0,5,0,0,0,15,5,0,38,0,0,71,0,0,0,0,0,0,0,0,0,0,44,10,0,10,5,5,0,0,0,0,0,15,8,0,0,0,0,0,0,0,0,0,0,0,0,0,0,0,0,0,0,0,0,0,0,0,0,0,0,0,0,2,0,0,0,0,0,0,0,0,0,0,0,0,0,0,0,0,0,0,0,0,0,0,0,TAGGCATG,CTGTCTCTTATACACATCT,2026,5,Feces,HS-03-FEC,HS-03,S-KUHIMM
PK-004,28,644,1733,12185,17107,4860,0,0,0,15,32,7,0,7062,5965,978,1114,195,202,0,1852,150,1344,929,129,2036,435,20,0,9,0,9,9101,455,177,0,14,23,0,0,0,17,597,0,138,0,496,0,49,0,0,0,156,0,0,0,88,19,17,0,24,0,6,0,10,241,0,0,0,245,0,121,0,120,8,0,0,0,0,0,0,0,0,92,99,0,0,79,0,0,0,0,0,151,0,0,48,0,15,56,0,0,9,0,76,0,0,0,0,0,0,0,3,0,0,0,0,0,0,0,0,0,12,0,0,0,0,0,0,0,0,0,0,0,0,0,0,0,0,0,109,0,0,0,0,0,0,0,0,0,0,0,0,0,0,0,0,0,17,0,0,2,0,0,6,8,0,0,0,0,0,0,0,0,0,0,0,0,0,0,0,0,0,0,0,0,0,0,0,0,0,0,0,5,0,0,0,0,0,0,0,0,4,0,0,0,0,0,0,0,0,0,0,0,0,0,0,0,0,TAGGCATG,CTGTCTCTTATACACATCT,2026,5,Feces,HS-04-FEC,HS-04,S-KUHIMM
PK-005,18,157,575,8220,4453,718,0,0,27040,108,10,0,757,1358,5111,291,0,432,110,24,0,25,242,253,8,1417,153,40,83,0,77,18,0,1101,68,0,0,219,188,3057,509,179,550,3577,50,472,1691,0,7,544,0,58,86,0,31,12,991,36,5,0,0,176,0,63,7,162,0,12,0,158,0,133,3,27,0,1717,353,447,21,103,0,0,296,38,186,0,0,366,0,217,9,4,0,327,164,0,169,0,3,88,5,38,0,14,0,0,323,0,0,0,86,0,40,0,38,252,4,25,471,0,0,7,15,38,0,0,0,4,0,0,7,0,5,0,0,27,0,34,4,12,148,156,0,75,63,18,0,0,0,0,20,7,0,0,0,9,30,4,0,5,6,0,0,0,0,0,16,38,6,18,0,22,20,0,0,0,4,0,0,0,0,13,0,0,14,0,16,8,5,0,0,7,7,0,6,6,6,0,5,5,0,0,0,4,6,0,0,0,0,0,0,0,0,0,0,0,0,0,0,TAGGCATG,CTGTCTCTTATACACATCT,2026,5,Feces,HS-05-FEC,HS-05,S-KUHIMM
PK-006,469,934,0,2,26221,119,356,0,11,0,50,0,0,0,3170,0,4500,0,227,0,2454,161,1349,974,659,4066,560,0,0,119,170,11788,0,485,328,0,797,126,484,0,0,0,70,0,0,0,0,0,26,0,1351,0,666,0,62,400,501,76,80,0,0,1232,0,0,43,673,0,55,0,173,0,213,0,0,50,0,0,0,0,0,0,365,124,156,223,0,0,1395,0,253,0,0,0,0,462,8,291,0,12,163,108,0,0,0,3,0,35,0,0,0,0,0,0,0,0,0,0,0,0,0,0,0,25,21,3,0,0,0,0,0,67,4,0,0,0,0,0,7,0,12,241,17,8,12,0,0,6,0,0,0,11,0,0,0,0,0,0,0,11,17,0,0,0,0,0,0,18,5,0,0,0,0,0,0,0,0,14,0,15,0,0,0,0,0,0,0,0,0,0,0,0,0,0,7,0,0,0,0,0,0,0,0,0,0,0,0,0,2,0,0,0,0,0,0,0,0,0,0,0,CTCTCTAC,CTGTCTCTTATACACATCT,2026,5,Feces,HS-06-FEC,HS-06,S-KUHIMM
PK-079,7550,22,0,0,20995,6048,5781,12971,0,4,4590,4,3721,4100,78,651,2527,3499,1693,4,179,3052,1464,1437,129,854,1541,0,3901,72,43,0,0,351,120,0,0,561,0,2,0,248,337,0,0,0,62,0,0,0,86,0,4,2,0,0,94,0,77,0,0,15,0,22,50,20,0,13,0,12,0,6,104,41,59,0,0,0,0,0,0,98,0,11,0,0,0,20,21,16,0,3,11,0,2,0,5,0,0,0,3,0,0,14,0,35,0,15,0,19,0,0,0,0,0,0,0,0,6,0,0,9,0,0,0,0,0,0,0,0,0,0,18,0,0,0,0,0,0,0,0,0,0,0,0,0,0,0,0,0,0,0,0,0,0,0,0,0,0,0,0,0,0,0,0,0,0,0,0,0,0,0,0,0,0,0,0,0,0,0,0,0,0,0,0,0,0,0,0,0,0,0,0,0,0,0,0,0,0,0,0,0,0,0,0,0,0,0,0,0,0,0,0,0,0,0,0,0,0,GTAGAGGA,CTGTCTCTTATACACATCT,2026,5,GAM (KUHIMM),HS-01-CUL-48h,HS-01,S-KUHIMM
PK-080,224,10,0,0,22627,4984,102,13943,0,0,5521,1301,3141,4951,372,532,1354,1840,271,0,420,1929,550,1010,163,1871,692,4029,3636,28,58,0,0,850,501,0,0,542,4,2,0,2,438,0,0,0,108,0,5,13,84,0,38,0,11,0,75,0,19,0,0,18,0,14,41,6,0,12,0,116,0,13,99,158,101,0,0,96,0,0,0,61,0,175,2,0,0,0,513,30,0,3,6,0,0,0,51,0,0,0,47,0,0,19,0,0,0,37,0,43,0,0,0,6,0,0,0,0,43,0,0,11,0,0,18,0,0,0,0,0,0,0,16,0,5,0,13,0,8,0,0,0,0,0,0,0,13,3,0,0,0,0,7,0,0,0,0,0,0,0,0,0,0,0,4,0,0,6,0,0,0,0,0,0,0,0,0,0,0,0,0,0,0,0,0,2,0,0,0,0,0,0,0,0,0,0,0,0,0,0,0,0,0,0,0,0,0,0,0,0,0,0,0,0,0,0,0,0,0,GTAGAGGA,CTGTCTCTTATACACATCT,2026,5,0.4% Mucin,HS-01-B-48h,HS-01,S-KUHIMM
PK-081,223,33,48,0,23509,6405,30,14690,0,0,7816,1754,3039,4204,768,1583,1285,2215,390,0,582,1713,590,1194,223,2409,793,4341,4769,38,51,0,0,898,339,0,0,508,7,48,0,0,644,0,0,0,165,0,0,21,77,0,41,0,8,0,47,0,26,0,0,10,0,21,61,10,0,27,0,99,0,29,82,263,49,0,0,185,0,0,6,45,0,205,6,0,0,0,575,16,0,0,12,0,0,0,36,0,0,0,30,0,0,13,0,8,0,38,0,74,9,0,0,3,3,0,0,0,11,0,0,17,0,0,23,0,0,0,0,0,0,0,13,0,14,0,40,0,11,0,0,4,0,0,0,0,5,14,0,0,0,0,0,0,0,0,0,0,0,0,0,0,0,0,0,0,0,0,0,0,0,0,0,0,0,0,0,18,0,0,0,0,0,0,0,0,0,0,0,0,0,0,0,0,0,0,0,0,0,0,0,0,0,0,0,0,0,0,0,0,0,0,0,0,0,0,0,0,0,GTAGAGGA,CTGTCTCTTATACACATCT,2026,5,0.8% Mucin (S-KUHIMM),HS-01-C-48h,HS-01,S-KUHIMM
PK-082,9536,31,66,0,21256,13643,577,19612,0,0,904,0,2050,2059,721,5264,508,310,0,0,81,0,659,17,68,493,2046,0,382,0,0,0,0,908,7,0,2888,860,9,0,0,0,397,0,0,0,676,0,0,0,16,0,0,0,0,0,34,0,17,0,0,14,0,5,0,11,0,0,0,0,0,16,0,0,0,0,0,1183,0,0,0,58,0,0,0,0,0,0,52,29,0,0,0,0,0,0,5,0,0,0,0,0,0,0,2,0,0,7,0,6,0,0,0,0,0,0,0,0,6,0,0,0,0,0,2,0,0,0,0,0,0,0,0,0,6,0,0,0,0,0,0,0,0,0,0,0,0,0,0,0,0,0,0,0,0,0,0,0,0,0,0,0,0,0,0,0,0,0,0,0,0,0,0,0,0,0,0,0,0,0,0,0,0,0,0,0,0,0,0,0,0,0,0,0,0,0,0,0,0,0,0,0,0,0,0,0,0,0,0,0,0,0,0,0,0,0,0,0,0,GTAGAGGA,CTGTCTCTTATACACATCT,2026,5,0.4% Pectin,HS-01-D-48h,HS-01,S-KUHIMM
PK-083,8816,24,57,4,20544,8173,390,20222,0,0,2410,4,3336,5066,164,1986,1804,2789,1343,0,328,5141,447,209,156,1771,1523,0,377,34,4,0,4,4193,120,0,0,534,0,0,0,205,483,0,0,0,102,0,5,0,55,109,4,3,3,0,96,0,89,0,0,0,0,22,63,14,0,6,0,0,0,5,15,15,34,0,0,112,0,0,0,61,0,4,0,0,0,7,28,23,0,8,0,0,0,0,0,0,0,0,14,0,0,28,0,12,0,23,0,59,0,0,0,0,0,0,12,0,0,0,0,9,0,0,0,0,0,0,0,0,0,0,26,0,2,0,0,0,0,0,0,0,0,0,0,0,0,0,0,0,0,0,0,0,0,0,0,0,0,0,0,0,0,0,0,0,0,0,0,0,0,0,0,0,0,0,0,0,0,0,0,0,0,0,0,0,0,0,0,0,0,0,0,0,0,0,0,0,0,0,0,0,0,0,0,0,4,0,0,0,0,0,0,0,0,0,0,0,0,GTAGAGGA,CTGTCTCTTATACACATCT,2026,5,0.4% Xylan,HS-01-E-48h,HS-01,S-KUHIMM
PK-084,17047,21,95,0,12836,2662,25615,11842,0,5,370,0,3655,110,0,3075,4724,2025,222,0,25,98,188,44,20,173,4436,0,517,34,0,0,0,0,0,0,0,520,0,0,0,3,99,0,0,0,0,0,0,0,0,0,0,4,0,0,128,0,39,0,0,0,0,143,39,48,0,0,0,0,0,0,153,0,0,0,0,4,0,0,0,63,0,0,0,0,0,0,17,17,0,9,0,0,0,0,0,0,0,0,0,0,0,0,0,0,0,151,0,45,0,0,0,0,2,0,0,0,0,0,0,3,0,0,0,0,0,0,0,0,0,0,0,0,0,0,0,0,0,0,0,0,0,0,0,0,0,0,0,0,0,0,0,0,0,0,0,0,0,0,0,0,0,0,2,0,0,0,0,0,0,0,0,0,0,0,0,0,0,0,0,0,0,0,0,0,0,0,0,0,0,0,0,0,0,0,0,0,0,0,0,0,0,0,0,0,0,0,0,0,0,0,0,0,0,0,0,0,0,GTAGAGGA,CTGTCTCTTATACACATCT,2026,5,0.025% Sodium cholate+0.025% Chenodeoxycholic acid,HS-01-F-48h,HS-01,S-KUHIMM
PK-085,2925,39,33,6,17753,7784,5261,16919,0,23,2461,69,4042,4206,14,1476,1491,3226,661,0,245,5111,756,68,122,894,1450,0,426,54,0,0,0,670,43,0,0,561,0,37,0,68,339,0,0,0,0,0,0,0,52,0,0,10,0,0,53,0,54,0,0,8,0,11,30,18,0,0,0,0,0,0,0,5,0,0,0,35,0,0,0,59,0,0,0,0,0,0,9,14,0,0,42,0,0,0,0,0,0,0,0,0,0,8,3,7,0,15,0,6,0,0,0,0,0,0,8,0,0,0,0,0,0,0,0,0,0,0,0,0,0,0,6,0,3,0,0,0,0,0,0,0,0,0,0,0,0,0,0,0,0,0,0,0,0,0,0,0,0,0,0,0,0,0,4,0,0,0,0,0,0,0,0,0,0,0,0,0,0,0,0,0,0,0,0,0,0,0,0,0,0,0,0,0,0,0,0,0,0,0,0,0,0,0,0,0,0,0,0,0,0,0,0,0,0,0,0,0,0,GTAGAGGA,CTGTCTCTTATACACATCT,2026,5,0.3% Sodium acetate,HS-01-G-48h,HS-01,S-KUHIMM
PK-086,6052,4,0,0,16872,6682,8521,13418,32,4,619,3,1011,3917,64,1252,1510,3523,829,2,569,4739,1068,25,142,862,1376,3,782,97,0,0,0,289,24,0,0,502,0,0,0,114,381,0,0,0,23,0,4,0,84,0,0,0,0,0,101,0,72,0,0,0,0,26,59,18,0,10,0,0,0,3,4,0,6,0,0,69,0,0,0,63,0,0,0,0,0,6,10,28,0,6,0,0,0,0,0,0,0,0,0,0,0,19,0,19,0,14,0,39,0,0,0,0,0,0,15,0,4,0,0,4,0,0,0,0,0,0,0,0,0,0,13,0,0,0,0,0,0,0,0,0,0,0,0,0,0,0,0,0,0,0,0,0,0,0,0,0,0,0,0,0,4,0,0,0,0,0,0,0,0,0,0,0,0,0,0,0,0,0,0,0,0,0,0,0,0,0,0,0,0,0,0,0,0,0,0,0,0,0,0,0,0,0,0,0,0,0,0,0,0,0,0,0,0,0,0,0,0,GTAGAGGA,CTGTCTCTTATACACATCT,2026,5,0.1% D-Tryptophan,HS-01-H-48h,HS-01,S-KUHIMM
PK-087,8460,0,12,5,21141,6445,17818,8906,27,26,2537,0,3599,3939,28,852,3599,2537,541,0,176,579,1723,1207,120,612,1277,0,910,86,36,0,0,111,48,0,0,478,0,4,5,2,278,4,0,0,0,0,0,0,70,0,0,0,0,0,88,0,67,0,0,43,0,25,41,25,0,0,0,37,0,8,111,72,25,0,0,30,0,0,0,73,0,26,0,3,0,30,27,0,0,0,35,0,0,0,0,0,0,0,0,0,0,16,0,9,0,26,0,28,0,0,0,0,0,0,3,0,8,0,0,5,0,0,0,0,0,0,0,0,0,0,18,0,7,0,0,0,3,0,0,0,0,0,0,0,7,0,0,0,0,0,0,0,0,0,0,0,0,0,0,0,0,0,0,0,0,0,0,0,0,0,0,0,0,0,0,0,0,0,0,0,0,0,0,0,0,0,0,0,0,0,0,0,0,0,0,0,0,0,0,0,0,0,0,0,0,0,0,0,0,0,0,0,0,0,0,0,0,GCTCATGA,CTGTCTCTTATACACATCT,2026,5,0.1% L-Arginine,HS-01-I-48h,HS-01,S-KUHIMM
PK-088,2681,0,13,0,21925,20368,4,173,35,5,11745,0,4774,852,394,9219,22,408,58,0,95,10,8,352,489,288,528,3,8541,3,0,0,0,44,0,0,0,83,9,0,0,0,10,0,0,0,17,0,0,0,12,0,0,0,0,0,65,0,37,0,0,11,0,0,7,21,0,0,0,3,0,23,3,35,0,0,0,32,0,0,0,54,0,0,4,0,0,0,28,6,0,0,0,0,0,0,0,0,0,0,0,0,0,0,0,0,0,11,0,14,0,0,0,0,2,0,0,0,4,0,0,2,0,0,0,0,0,0,0,0,0,0,0,0,0,0,0,0,0,0,0,0,0,0,0,0,0,0,0,0,0,0,0,0,0,0,0,0,0,0,0,0,0,0,0,0,0,0,0,0,0,0,0,0,0,0,0,0,0,0,0,0,0,0,0,0,0,0,0,0,0,0,0,0,0,0,0,0,0,0,0,0,0,0,0,0,0,0,0,0,0,0,0,0,0,0,0,0,0,GCTCATGA,CTGTCTCTTATACACATCT,2026,5,0.25% Sodium thioglycolate,HS-01-J-48h,HS-01,S-KUHIMM
PK-089,4774,0,9,0,17812,7273,5853,13756,33,82,1790,0,3788,4355,74,1131,1366,3172,633,3,277,2700,1233,215,158,914,1463,0,701,157,0,0,0,597,55,0,0,531,0,0,0,113,190,0,0,0,16,0,0,0,70,0,3,0,0,0,91,0,69,0,0,6,5,18,38,20,0,13,0,0,0,11,27,37,20,0,0,58,0,0,0,81,2,11,0,2,0,0,10,18,0,7,3,0,0,0,0,0,0,0,3,0,0,23,0,11,0,22,0,23,0,0,6,0,0,0,7,0,0,0,0,5,0,0,0,0,0,0,0,0,0,0,7,0,4,0,0,0,0,0,0,0,0,0,0,0,0,0,0,0,0,0,0,0,0,0,0,0,0,0,0,0,0,0,0,0,0,0,0,0,0,0,0,0,0,0,0,0,0,0,0,0,0,0,0,0,0,0,2,0,0,0,0,0,0,0,0,0,0,0,0,0,0,0,0,0,0,0,0,0,0,0,0,0,0,0,0,0,0,GCTCATGA,CTGTCTCTTATACACATCT,2026,5,0.01% Magnesium sulfate Heptahydrate,HS-01-K-48h,HS-01,S-KUHIMM
PK-090,5142,0,9,0,20775,6918,3117,14881,56,73,2637,0,4038,4855,64,1595,1674,3049,2217,0,290,4981,1175,434,194,944,1323,0,1253,55,53,0,0,708,175,0,0,525,0,2,4,307,244,5,0,0,26,0,0,0,64,0,0,0,0,0,96,0,77,0,0,27,0,26,30,32,0,0,0,4,0,7,85,30,18,0,0,47,0,0,0,81,0,13,0,0,0,0,13,32,0,2,6,0,0,0,0,0,0,0,3,0,0,30,0,20,0,27,0,41,0,0,0,0,0,0,26,0,0,0,0,10,0,0,0,0,0,0,0,0,0,0,22,0,0,0,0,0,0,0,0,0,0,0,0,0,0,0,0,0,0,0,0,0,0,0,0,0,0,0,0,0,3,0,0,0,0,0,0,0,0,0,0,0,0,0,0,0,0,0,0,0,0,0,0,0,0,0,0,0,0,0,0,0,0,0,0,0,0,0,0,0,0,0,0,0,0,0,0,0,0,0,0,0,0,0,0,0,0,GCTCATGA,CTGTCTCTTATACACATCT,2026,5,0.01% Calcium chloride dihydrate,HS-01-L-48h,HS-01,S-KUHIMM
PK-091,13416,115,0,0,23967,9350,47,31,0,754,33,2,0,4567,4907,10,166,2273,6908,11541,3341,36,750,0,1537,414,1009,5,0,748,0,0,0,55,480,602,15,619,0,1250,0,1249,0,0,0,0,0,0,129,18,0,35,0,0,0,0,11,0,85,0,37,0,537,0,93,2,0,6,0,0,0,17,2,0,25,0,0,0,0,0,0,0,0,42,0,0,130,0,0,26,22,42,0,0,0,0,0,14,9,88,0,0,13,24,0,22,0,0,28,0,0,0,0,0,0,0,19,0,0,0,19,0,16,0,0,0,0,0,36,0,0,0,0,0,8,0,0,0,0,2,0,0,0,0,0,0,0,0,0,0,0,0,0,0,0,0,0,0,0,0,0,0,2,6,2,0,0,0,0,0,0,0,0,0,8,0,0,0,0,0,0,0,0,0,0,2,0,0,0,0,0,0,0,0,0,0,0,0,0,0,0,0,0,0,0,0,0,0,0,0,0,0,0,0,0,0,0,0,0,GCTCATGA,CTGTCTCTTATACACATCT,2026,5,GAM (KUHIMM),HS-02-CUL-48h,HS-02,S-KUHIMM
PK-092,1999,99,0,0,26494,7223,22,39,0,36,1223,2518,0,6759,3751,9,519,3545,3034,3857,5085,219,2102,0,2113,949,932,6765,0,1513,0,0,0,158,1493,4985,980,286,6,217,0,527,0,0,0,0,7,0,84,20,7,117,130,0,0,0,20,0,28,0,83,0,459,0,98,0,0,0,0,6,0,44,79,0,93,0,646,0,0,0,0,0,0,423,5,0,7,0,0,15,268,35,0,0,0,0,10,0,28,12,29,0,13,47,0,11,0,0,34,0,0,0,3,0,0,0,0,0,0,0,0,0,4,0,24,0,0,0,0,64,0,0,0,0,14,18,6,0,18,9,0,9,0,0,0,0,0,7,0,0,0,7,0,0,0,0,6,0,0,0,9,0,0,16,0,0,0,0,0,0,0,0,0,3,0,0,0,0,0,10,0,0,0,0,2,0,0,0,0,0,0,0,0,0,0,0,0,0,0,0,0,0,0,0,0,0,0,0,0,0,0,0,0,0,0,0,0,0,0,GCTCATGA,CTGTCTCTTATACACATCT,2026,5,0.4% Mucin,HS-02-B-48h,HS-02,S-KUHIMM
PK-093,1382,114,0,0,27032,7947,7,27,0,37,1072,2852,0,2222,5020,12,438,3694,3510,2981,4601,123,1241,0,1865,1344,931,6274,0,1005,0,0,0,160,941,4111,1138,112,4,224,0,644,0,0,0,0,9,0,148,39,4,249,85,0,0,0,4,0,18,11,281,0,441,0,111,2,0,19,0,8,0,129,0,0,106,0,497,0,0,0,0,0,0,295,6,0,0,0,0,10,324,36,4,0,0,0,0,0,48,16,14,0,7,41,0,3,0,0,26,0,0,0,0,0,0,0,0,0,0,16,12,0,9,0,12,0,0,0,0,47,0,0,0,19,9,17,43,0,12,11,0,0,0,0,0,0,0,8,0,8,0,11,19,0,0,0,0,0,0,0,7,0,0,0,0,0,0,0,2,0,0,0,0,0,0,0,0,0,0,6,0,0,0,0,0,0,0,0,0,0,0,0,0,0,0,0,0,0,0,0,0,0,0,0,0,0,0,0,0,0,0,0,0,0,0,0,0,2,0,GCTCATGA,CTGTCTCTTATACACATCT,2026,5,0.8% Mucin (S-KUHIMM),HS-02-C-48h,HS-02,S-KUHIMM
PK-094,19400,234,0,0,17885,13768,15,19,0,249,0,21,0,853,5315,7,164,85,104,9978,1113,0,787,0,617,111,749,0,0,323,0,0,0,169,0,6,0,0,15842,0,0,26,0,0,0,0,0,0,10,2,0,22,0,0,0,0,0,0,3,0,55,0,18,0,12,0,0,0,0,0,0,16,0,0,0,0,0,0,0,0,0,0,0,3,3,0,0,0,0,3,11,9,0,35,0,0,0,36,0,0,0,0,0,0,0,0,0,0,7,0,0,0,0,0,0,0,22,0,0,0,60,0,0,0,0,0,14,0,0,0,0,0,0,0,0,0,0,0,0,0,0,0,0,0,0,3,0,0,0,0,0,0,0,0,0,0,0,0,0,0,0,0,0,0,0,0,0,0,0,0,0,0,0,0,0,0,0,0,0,0,0,0,0,0,0,0,0,0,3,0,0,0,0,0,0,0,0,0,0,0,0,0,0,0,0,0,0,0,0,0,0,0,0,0,0,0,0,0,0,GCTCATGA,CTGTCTCTTATACACATCT,2026,5,0.4% Pectin,HS-02-D-48h,HS-02,S-KUHIMM
PK-095,19270,315,0,0,22670,11355,22,48,2,930,9,25,0,3046,4422,3,145,1289,4894,10145,3873,13,936,0,590,523,1027,36,0,528,0,0,0,232,41,200,7,637,0,948,0,911,4,0,0,0,7,0,58,0,5,258,0,0,0,0,0,0,14,0,59,170,115,0,33,0,0,0,0,0,0,24,0,0,4,0,0,0,0,0,0,0,0,6,3,0,7,0,0,7,20,35,0,0,0,0,0,44,12,0,0,0,4,12,0,0,0,0,16,0,0,0,0,0,0,0,0,0,0,0,15,0,0,0,0,0,4,0,0,0,0,0,0,0,7,0,0,0,0,0,0,0,0,0,0,0,0,0,0,0,0,0,0,0,0,0,0,0,0,0,0,0,0,0,0,0,0,0,16,0,0,0,0,0,9,0,0,0,0,0,0,0,0,0,0,0,0,0,0,0,0,0,0,0,0,0,0,0,0,0,0,0,0,0,0,0,0,0,0,0,0,0,0,0,0,0,0,0,0,ATCTCAGG,CTGTCTCTTATACACATCT,2026,5,0.4% Xylan,HS-02-E-48h,HS-02,S-KUHIMM
PK-096,29392,71,45,5,5288,4952,19963,3,0,3,10,0,0,30,20,0,537,0,127,19230,3921,12,411,0,189,303,4694,0,0,122,0,0,0,51,10,1073,0,0,0,5,0,0,0,0,0,0,0,0,55,0,0,8,0,0,0,0,385,0,101,0,6,0,444,0,142,22,0,0,0,0,0,2,0,0,0,0,0,0,0,0,0,0,0,0,3,0,209,0,0,0,104,46,0,0,0,0,0,233,0,0,0,0,0,0,0,0,0,0,0,0,0,0,0,0,0,0,0,0,0,0,0,0,7,0,0,0,0,0,0,0,0,0,0,0,0,0,0,0,0,0,0,0,0,0,0,9,0,0,0,0,0,0,0,0,0,0,0,0,0,0,0,0,0,0,0,0,0,0,0,0,12,0,0,0,0,0,0,0,0,0,0,0,5,0,0,0,0,0,0,0,0,0,0,0,0,0,0,0,0,0,0,0,0,0,0,0,0,0,0,0,0,0,0,0,0,0,0,0,0,ATCTCAGG,CTGTCTCTTATACACATCT,2026,5,0.025% Sodium cholate+0.025% Chenodeoxycholic acid,HS-02-F-48h,HS-02,S-KUHIMM
PK-097,5777,164,25,0,25232,15192,20,23,0,295,14,196,0,1216,5888,33,153,1539,2287,12151,3345,0,2158,153,654,357,1635,0,0,730,0,0,0,962,20,364,0,503,8,69,0,373,0,0,0,0,0,0,26,0,0,86,0,0,0,0,4,0,12,0,45,110,98,0,9,3,0,0,12,52,0,12,0,0,0,0,0,2,0,0,0,0,0,0,2,0,3,0,0,2,44,21,2,8,0,0,0,18,10,0,0,0,0,4,0,0,0,0,21,0,0,0,6,0,0,0,0,0,0,0,30,0,0,0,0,0,0,0,0,0,0,0,0,0,4,0,0,0,0,0,0,0,0,0,0,0,0,0,0,0,0,0,0,0,0,0,0,0,0,0,0,0,0,0,0,0,0,0,0,0,0,0,0,0,0,0,0,0,0,0,0,0,0,0,0,0,0,0,0,0,0,0,0,0,0,0,0,0,0,0,0,0,0,0,0,0,0,0,0,0,0,0,0,0,0,0,0,0,0,ATCTCAGG,CTGTCTCTTATACACATCT,2026,5,0.3% Sodium acetate,HS-02-G-48h,HS-02,S-KUHIMM
PK-098,14449,77,51,0,23476,9032,31,7,0,1075,10,0,0,3657,4220,30,140,2006,6936,9048,2805,34,773,5,702,495,984,0,0,771,0,0,0,21,268,339,0,758,0,1162,0,1185,12,0,0,0,0,0,135,6,0,24,0,0,0,0,6,0,56,0,35,0,713,0,34,0,0,0,0,0,0,18,0,0,37,0,16,0,0,0,0,0,0,0,0,0,89,0,0,10,66,35,0,0,0,0,0,45,0,60,0,0,0,27,0,22,0,0,39,0,0,0,2,0,0,0,81,0,0,0,23,0,21,0,0,0,3,0,0,0,0,0,0,34,0,0,0,0,0,0,0,0,0,0,0,0,0,0,0,0,0,0,0,0,0,0,0,0,0,0,0,0,0,0,0,0,0,0,0,0,0,0,0,0,2,0,0,0,0,0,0,0,0,0,0,0,0,0,0,0,0,0,0,0,0,0,0,0,0,0,0,0,0,0,0,0,0,0,0,0,0,0,0,0,0,0,0,0,0,ATCTCAGG,CTGTCTCTTATACACATCT,2026,5,0.1% D-Tryptophan,HS-02-H-48h,HS-02,S-KUHIMM
PK-099,14445,162,37,0,19850,8578,3758,6,0,2238,6,0,0,3812,1386,10,159,2853,5182,12726,3525,60,756,0,698,455,812,0,0,942,0,0,0,0,132,473,0,567,0,1917,0,936,0,0,0,0,0,0,122,7,4,6,0,0,0,0,18,0,111,0,22,15,369,0,160,10,0,0,0,0,0,7,0,0,9,0,0,0,0,0,0,0,0,25,0,0,218,0,0,13,40,24,14,0,0,0,0,34,4,9,0,0,12,27,0,6,0,0,52,0,0,0,0,0,0,0,0,0,0,0,19,0,0,0,0,0,0,0,0,0,0,0,0,191,5,0,0,0,0,0,0,0,0,0,0,0,0,0,0,0,0,0,0,0,0,0,0,0,0,0,0,0,0,5,4,0,0,0,0,0,0,0,0,0,0,0,0,0,0,0,0,0,0,0,0,3,0,0,0,0,0,0,0,0,0,0,0,0,0,0,0,0,0,0,0,0,0,2,0,0,0,0,2,0,0,0,0,0,0,ATCTCAGG,CTGTCTCTTATACACATCT,2026,5,0.1% L-Arginine,HS-02-I-48h,HS-02,S-KUHIMM
PK-100,18374,471,24,0,27169,25328,0,0,0,98,28,0,0,660,1153,7,32,1158,18,61,794,0,21,0,2638,175,196,0,0,967,0,0,0,16,4,1369,21,0,11,0,0,2,0,0,0,0,0,0,12,4,0,40,0,0,0,0,3,0,5,0,32,0,8,0,0,0,0,0,1986,0,0,58,0,0,0,0,0,0,0,0,0,0,0,0,6,0,7,0,0,0,9,0,0,0,0,0,0,151,0,0,0,0,4,0,7,0,0,0,13,0,0,0,0,0,0,0,0,0,0,0,12,0,0,0,0,0,217,0,0,0,0,0,0,0,9,0,0,0,0,0,0,0,0,0,0,3,0,0,0,0,0,0,0,0,0,0,0,0,0,0,0,0,0,0,0,0,0,0,0,0,0,0,0,0,0,19,0,0,0,0,0,0,0,0,0,0,0,0,0,0,0,0,0,0,0,0,0,0,0,0,0,0,0,0,0,0,0,0,0,0,0,0,0,0,0,0,0,0,0,ATCTCAGG,CTGTCTCTTATACACATCT,2026,5,0.25% Sodium thioglycolate,HS-02-J-48h,HS-02,S-KUHIMM
PK-101,17564,149,0,0,22421,10870,20,7,0,1314,0,0,0,4103,3412,5,90,857,1850,12928,3503,16,710,0,617,410,1713,385,0,983,0,0,12,0,49,335,0,420,0,1031,0,304,6,0,0,0,0,0,403,0,0,8,0,0,0,0,0,0,85,0,70,0,643,0,127,0,0,0,0,0,0,21,0,0,4,0,0,0,0,0,0,0,0,32,4,0,69,0,0,7,36,31,3,0,0,0,0,36,6,11,0,0,9,15,0,6,0,0,34,0,0,0,0,0,0,0,95,0,0,0,21,0,0,0,0,0,0,0,111,0,0,0,0,0,0,0,0,0,0,0,0,0,0,0,0,3,0,0,0,0,0,0,0,0,0,0,0,0,0,0,0,0,0,0,0,0,0,0,0,0,0,0,0,0,0,0,0,0,0,0,0,0,0,0,0,0,0,0,0,0,0,0,0,0,0,0,0,0,0,0,0,0,0,0,0,0,0,0,0,0,0,0,0,0,0,0,0,0,0,ATCTCAGG,CTGTCTCTTATACACATCT,2026,5,0.01% Magnesium sulfate Heptahydrate,HS-02-K-48h,HS-02,S-KUHIMM
PK-102,15175,174,7,32,22457,10747,9,0,21,1712,12,0,0,4072,3668,0,240,1833,6144,12030,4007,42,1005,0,833,662,1053,0,0,820,0,0,9,18,166,320,0,734,0,1198,16,1032,5,3,0,0,0,0,587,6,3,54,0,0,0,0,7,0,61,0,71,0,600,0,102,0,0,0,0,4,0,18,0,0,15,0,4,0,0,0,0,0,0,53,0,0,83,0,0,17,115,66,9,0,0,0,0,0,14,14,0,0,9,24,0,19,0,0,44,0,0,0,0,0,0,0,0,0,0,0,34,0,14,0,0,4,4,0,74,0,0,0,0,0,0,0,0,0,0,0,0,0,6,0,0,0,0,0,0,0,0,0,0,0,0,0,0,0,0,0,0,0,0,2,0,0,0,0,0,0,0,0,0,0,0,0,0,0,0,0,0,0,0,0,0,0,0,0,0,0,0,0,0,0,0,0,0,0,0,0,0,0,0,0,0,0,0,0,0,0,0,0,0,0,3,0,0,0,0,ATCTCAGG,CTGTCTCTTATACACATCT,2026,5,0.01% Calcium chloride dihydrate,HS-02-L-48h,HS-02,S-KUHIMM
PK-103,311,0,0,23082,13348,854,0,3615,4311,5,6577,7,10,3228,1404,503,28,947,4176,1,2030,3498,307,1743,52,906,442,0,0,299,1398,0,0,49,133,0,0,342,0,1809,0,734,248,0,481,0,173,1463,119,421,0,187,36,32,11,85,247,478,24,168,0,0,0,0,24,21,0,9,0,17,48,44,54,0,46,0,0,54,0,0,0,0,41,109,0,0,0,0,0,23,6,0,0,0,0,0,0,0,0,0,5,0,0,17,0,11,0,0,0,0,5,0,0,122,0,0,0,0,3,0,0,11,6,0,0,5,0,12,0,0,0,0,0,0,0,0,0,25,0,0,3,0,0,3,0,0,0,0,0,0,0,0,0,0,0,0,0,0,0,0,0,0,0,0,0,0,0,0,0,0,0,0,0,0,0,0,0,0,0,0,0,0,0,0,0,2,0,0,3,0,0,0,0,0,0,0,0,0,0,0,0,0,0,0,0,0,0,0,0,0,0,0,0,0,0,0,0,0,2,ATCTCAGG,CTGTCTCTTATACACATCT,2026,5,GAM (KUHIMM),HS-03-CUL-48h,HS-03,S-KUHIMM
PK-104,19,2,0,17967,11009,582,0,5660,13461,0,5155,1866,4,4347,1011,551,12,807,714,0,1988,2439,257,1537,139,1708,471,1595,0,239,2553,0,0,31,230,0,0,253,0,1545,0,0,340,0,265,0,245,1152,121,249,0,139,65,0,0,365,260,1311,222,199,0,16,0,0,31,10,0,0,0,20,323,79,58,0,55,0,0,43,0,0,0,0,115,349,0,0,0,0,0,91,16,0,28,0,12,0,34,0,0,0,18,0,0,18,0,0,0,0,0,0,27,0,6,6,5,0,0,0,3,0,0,33,21,0,15,0,0,13,0,0,0,0,0,0,0,0,23,26,9,0,0,4,0,0,0,0,0,0,0,0,0,0,13,0,0,0,5,0,0,3,0,0,0,0,4,0,0,0,0,0,0,0,0,0,0,0,0,0,0,0,0,0,0,0,0,0,0,0,0,0,0,0,0,0,0,0,0,0,0,0,0,0,0,0,0,0,0,0,0,0,0,0,0,0,0,0,0,0,0,ATCTCAGG,CTGTCTCTTATACACATCT,2026,5,0.4% Mucin,HS-03-B-48h,HS-03,S-KUHIMM
PK-105,14,0,0,15918,8763,647,0,5690,15443,0,5540,2252,8,3684,1803,869,13,913,907,0,1675,3299,216,1032,123,1707,407,2166,0,269,2348,0,0,60,177,15,0,247,0,1578,0,3,368,0,381,0,270,931,275,269,0,151,72,0,4,85,154,932,248,246,0,25,7,0,36,13,0,18,0,85,572,110,54,0,49,0,0,72,0,0,0,0,120,360,2,0,0,0,0,62,23,0,37,0,8,0,21,0,5,0,18,0,0,9,0,6,0,0,0,0,46,0,0,7,0,0,0,2,2,0,0,40,16,0,13,0,0,7,0,0,0,0,0,0,0,0,33,39,0,0,0,0,8,3,0,0,0,0,0,5,0,0,0,0,0,0,0,0,0,0,0,0,0,0,0,0,0,0,0,0,0,0,0,0,0,0,2,0,0,0,0,0,0,0,0,0,0,0,0,0,0,0,0,0,0,0,0,0,0,0,0,0,0,0,0,0,0,0,0,0,0,0,0,0,0,0,0,0,0,ATCTCAGG,CTGTCTCTTATACACATCT,2026,5,0.8% Mucin (S-KUHIMM),HS-03-C-48h,HS-03,S-KUHIMM
PK-106,158,0,0,17620,3396,962,0,4187,22738,0,4532,9,0,1489,3495,1774,0,891,2933,0,1486,1670,74,462,77,1419,373,5,0,180,287,0,0,62,60,0,393,209,0,1088,0,514,248,0,787,0,199,907,319,403,0,63,7,45,5,7,36,169,3,48,0,45,0,0,0,6,0,0,0,6,11,15,44,0,19,0,0,63,0,0,0,0,24,8,136,0,0,0,0,7,2,0,0,0,0,0,0,0,0,0,9,0,0,0,0,15,0,0,0,0,9,0,0,6,0,0,0,0,2,0,0,4,10,0,0,34,0,3,0,0,0,0,0,0,0,0,0,0,0,0,0,0,0,0,0,0,0,0,0,0,0,0,0,0,0,0,0,4,0,0,0,0,0,0,0,0,0,0,0,0,0,0,0,0,0,0,0,0,0,0,0,0,0,0,0,0,0,0,8,0,0,0,0,0,0,0,0,0,0,0,0,0,0,0,0,0,0,0,0,0,0,0,0,0,0,0,0,0,0,ATCTCAGG,CTGTCTCTTATACACATCT,2026,5,0.4% Pectin,HS-03-D-48h,HS-03,S-KUHIMM
PK-107,382,7,0,25354,6976,812,0,6358,13385,0,5672,0,13,2532,1191,627,2,948,3363,0,2583,2084,95,511,109,1056,487,0,0,312,1181,0,0,22,180,0,0,357,0,1439,0,566,330,0,570,0,135,1320,188,1015,0,248,32,11,6,48,75,432,20,44,0,0,0,0,10,30,0,10,0,11,26,61,74,0,30,0,0,43,0,0,0,0,30,54,0,0,0,32,0,13,5,0,0,0,0,0,13,0,0,0,12,0,0,8,0,16,0,0,0,0,7,0,6,6,3,0,0,0,0,0,0,0,10,0,0,0,0,10,0,0,8,0,0,0,0,0,0,0,0,0,0,0,0,0,0,0,0,0,0,0,0,0,0,0,0,0,0,0,0,0,0,0,0,0,0,0,0,0,0,0,0,0,0,0,0,0,0,6,0,0,0,0,0,0,0,0,0,0,0,0,0,0,0,0,0,0,0,0,0,0,0,0,0,0,0,0,0,2,0,0,0,0,0,0,0,0,0,0,0,ATCTCAGG,CTGTCTCTTATACACATCT,2026,5,0.4% Xylan,HS-03-E-48h,HS-03,S-KUHIMM
PK-108,1002,0,0,44869,4361,76,42,5904,0,0,505,0,0,0,0,210,4,128,260,0,3965,4100,0,628,55,278,1441,0,0,11,54,0,0,6,10,0,0,57,0,742,0,0,42,0,0,0,14,713,75,0,0,48,0,0,0,0,1040,0,0,243,0,0,0,0,0,22,0,0,0,0,0,8,0,0,0,0,0,0,0,0,0,0,0,0,0,0,0,0,0,0,0,0,0,0,0,0,0,0,0,0,0,0,0,0,0,0,0,0,0,0,0,0,0,0,0,0,0,0,0,0,0,0,3,0,0,0,0,0,0,0,0,0,0,0,0,0,0,0,0,0,0,0,0,0,0,0,0,0,0,0,0,0,0,0,0,0,0,0,0,0,0,0,0,0,0,0,0,0,0,0,0,0,0,0,0,0,0,0,0,0,0,0,0,0,0,0,0,0,0,0,0,0,0,0,0,0,0,0,0,0,0,0,0,0,0,0,0,0,0,0,0,0,0,0,0,0,0,0,0,ATCTCAGG,CTGTCTCTTATACACATCT,2026,5,0.025% Sodium cholate+0.025% Chenodeoxycholic acid,HS-03-F-48h,HS-03,S-KUHIMM
PK-109,32,0,0,22840,9017,674,0,4273,5025,0,4926,0,8,3001,615,321,12,877,3572,0,2112,3694,224,1144,97,568,423,0,0,157,1160,0,0,30,125,0,0,271,0,1378,0,678,313,0,524,0,111,1428,98,222,0,112,21,15,0,76,123,517,23,51,0,0,11,0,2,27,0,0,0,14,6,44,28,0,32,0,0,27,0,0,0,0,21,58,0,0,0,0,0,14,6,0,0,0,0,0,13,0,0,0,0,0,0,4,0,18,0,0,0,0,25,0,0,14,0,0,0,0,0,0,0,11,0,0,0,4,0,12,0,0,0,0,0,0,0,0,0,0,0,0,0,0,0,0,0,0,0,0,0,0,0,0,0,0,0,0,0,0,0,0,0,0,0,0,0,0,0,0,0,0,0,0,0,0,0,0,0,8,0,0,0,0,0,0,0,0,0,0,0,0,0,0,0,0,0,0,0,0,0,0,0,0,0,0,0,0,0,0,0,0,0,0,0,0,0,0,0,0,0,ATCTCAGG,CTGTCTCTTATACACATCT,2026,5,0.3% Sodium acetate,HS-03-G-48h,HS-03,S-KUHIMM
PK-110,213,0,0,23539,11456,857,0,5037,3726,0,6652,22,11,3456,1530,408,19,1227,749,0,1678,4695,131,149,121,1202,424,0,0,288,1656,0,0,41,173,0,0,298,0,1727,0,124,243,0,459,0,197,844,255,214,0,270,30,40,0,81,242,91,12,96,0,0,0,0,14,28,0,0,0,15,36,63,61,0,62,0,0,46,0,0,0,0,43,57,0,0,0,0,0,19,11,0,0,0,2,0,0,0,0,0,12,0,0,11,0,26,0,0,0,0,21,0,0,12,0,0,0,0,2,0,0,11,6,0,0,0,0,14,0,0,0,0,0,0,0,0,0,16,7,0,0,2,0,4,0,0,0,0,0,0,0,0,0,0,0,0,0,0,0,0,0,0,0,0,0,0,0,0,0,0,0,0,0,0,0,0,0,0,0,0,0,0,0,0,0,0,0,0,0,0,0,0,0,0,0,0,0,0,0,0,0,0,0,0,0,0,0,0,0,0,0,0,0,0,0,0,0,0,0,ATCTCAGG,CTGTCTCTTATACACATCT,2026,5,0.1% D-Tryptophan,HS-03-H-48h,HS-03,S-KUHIMM
PK-111,758,0,0,29619,20187,909,15,2211,444,0,6087,331,7,4060,748,775,94,1372,403,0,789,2817,340,2086,58,953,444,0,3,322,1949,0,0,59,142,0,0,221,0,1914,0,30,193,0,517,0,184,315,75,40,0,340,44,3,0,114,147,414,62,196,0,0,4,0,16,32,0,21,0,42,62,69,116,0,9,0,0,35,0,0,0,0,63,114,0,0,0,0,0,22,12,0,4,0,3,0,11,0,0,0,6,0,0,15,0,52,0,0,0,0,0,0,2,17,0,0,0,0,0,0,0,4,7,0,5,0,0,28,0,0,0,0,0,0,0,0,0,21,12,0,0,0,0,0,0,0,0,0,0,0,0,0,0,0,0,0,0,0,0,0,0,0,0,0,0,0,0,0,0,0,0,0,0,0,0,0,0,0,0,0,0,0,0,0,0,2,0,0,0,0,0,0,0,0,0,0,0,0,0,0,0,0,0,0,0,0,0,2,0,0,0,0,0,0,0,0,0,0,0,ATCTCAGG,CTGTCTCTTATACACATCT,2026,5,0.1% L-Arginine,HS-03-I-48h,HS-03,S-KUHIMM
PK-112,46,0,0,8761,13024,1762,0,2426,8246,0,12164,0,7,1723,2891,2485,2,578,4771,0,2388,887,173,1343,161,350,1096,0,24,695,4685,0,0,8,206,0,2,485,0,1980,0,722,133,0,1665,0,262,2763,292,97,0,114,97,84,9,82,163,619,162,129,0,6,0,0,30,38,0,55,0,38,35,146,91,0,81,0,0,93,0,0,0,0,184,71,0,0,0,0,0,4,8,0,0,0,0,0,0,0,0,0,12,0,3,27,0,11,0,0,0,0,27,0,9,9,0,0,0,0,0,0,0,66,14,0,0,3,0,8,0,0,0,0,0,0,0,0,0,3,0,0,3,0,22,5,0,0,0,0,0,0,0,0,0,0,0,0,0,7,0,0,0,0,0,0,0,0,0,0,0,0,0,0,0,0,0,0,0,0,0,0,0,0,0,0,0,0,0,0,2,0,0,0,0,0,0,0,0,0,0,0,0,0,0,0,0,0,0,0,0,0,0,0,0,0,0,3,0,0,0,ATCTCAGG,CTGTCTCTTATACACATCT,2026,5,0.25% Sodium thioglycolate,HS-03-J-48h,HS-03,S-KUHIMM
PK-113,117,0,0,19819,10947,745,0,3492,3264,0,5707,0,11,2829,1407,1310,18,833,4269,0,1732,3443,234,1387,72,813,460,3,0,234,1626,0,0,78,212,0,0,284,0,1805,0,772,286,0,436,0,316,1474,117,815,0,184,50,10,7,56,191,401,51,183,3,0,0,0,13,27,0,10,0,18,34,58,68,0,60,0,0,93,0,0,0,0,72,156,0,0,0,6,0,18,0,0,0,0,0,0,27,0,0,0,10,0,6,11,0,30,0,0,0,0,8,0,2,173,0,0,0,0,0,0,0,21,10,0,0,0,0,9,0,0,0,0,0,0,0,0,0,15,3,0,0,0,0,0,0,0,0,0,0,0,0,0,0,0,0,0,0,0,0,0,0,0,0,0,2,0,0,0,0,0,0,0,0,0,0,0,0,0,0,0,0,0,0,0,0,0,0,0,3,0,0,0,0,0,0,0,0,0,0,0,0,0,0,0,0,0,0,6,0,0,0,0,0,0,0,0,0,0,0,ATCTCAGG,CTGTCTCTTATACACATCT,2026,5,0.01% Magnesium sulfate Heptahydrate,HS-03-K-48h,HS-03,S-KUHIMM
PK-114,141,4,0,20564,9391,577,0,4078,4094,0,5008,0,9,2585,1533,1322,8,1020,4525,0,2052,3655,259,925,97,886,495,2,0,214,1670,0,0,62,154,0,0,352,0,1894,0,827,272,0,594,0,234,1520,107,624,0,146,46,21,0,75,249,552,47,186,0,0,3,0,18,42,0,15,0,6,48,57,89,0,51,0,0,46,0,0,0,0,64,148,0,0,0,0,0,13,8,0,6,0,0,0,28,0,0,0,14,0,0,18,0,17,0,0,0,0,6,0,0,101,0,0,0,0,2,0,0,10,11,0,0,0,0,14,0,0,0,0,0,0,0,0,0,10,0,0,0,4,0,6,0,0,0,0,0,0,0,0,0,0,0,0,0,0,0,3,0,0,0,0,0,0,0,0,0,0,0,0,0,0,0,0,0,0,0,0,0,0,0,0,0,0,0,0,0,0,0,0,0,0,0,0,0,0,0,0,0,0,0,0,0,0,0,0,0,0,0,0,0,0,0,0,0,0,0,ATCTCAGG,CTGTCTCTTATACACATCT,2026,5,0.01% Calcium chloride dihydrate,HS-03-L-48h,HS-03,S-KUHIMM
PK-115,2343,8269,22940,7675,10875,8193,0,3,16,367,0,0,0,4189,637,1150,565,500,1415,137,1590,237,1602,879,213,439,1502,0,0,34,0,0,1643,381,797,0,0,23,0,0,0,1419,566,0,466,0,11,0,154,0,0,0,50,33,0,0,49,0,38,0,251,0,0,0,81,17,0,0,0,9,0,8,0,96,81,0,0,0,0,0,0,0,0,38,0,0,0,58,0,0,0,0,0,0,0,0,0,0,61,0,0,0,53,40,9,8,0,0,0,0,0,0,13,0,0,0,0,0,0,0,0,0,0,0,0,0,0,0,0,0,0,0,0,0,0,0,0,0,0,0,0,0,0,0,0,0,0,0,0,0,0,0,0,0,0,0,0,0,0,0,0,0,0,0,0,0,0,0,0,0,0,0,0,0,0,0,0,0,0,0,0,0,0,0,0,0,0,0,0,0,0,0,0,0,0,0,0,0,0,0,0,0,0,0,0,0,0,0,0,0,0,0,0,0,0,0,0,0,0,ATCTCAGG,CTGTCTCTTATACACATCT,2026,5,GAM (KUHIMM),HS-04-CUL-48h,HS-04,S-KUHIMM
PK-118,2730,24750,5688,4121,5704,15065,0,0,0,142,0,9,0,978,96,498,97,0,0,11,161,0,0,217,55,174,13,0,0,15,0,0,226,0,6,0,0,0,0,7,0,0,12,0,0,0,4,0,0,0,0,0,0,2286,0,0,4,0,0,0,0,0,0,0,6,6,0,0,0,8,0,8,0,0,0,0,0,0,0,0,0,0,0,0,0,0,0,6,0,0,0,0,0,0,0,0,0,0,6,0,0,0,0,0,84,0,0,0,0,0,0,0,4,0,0,0,0,0,0,0,0,0,0,0,0,0,38,0,0,0,0,0,0,0,0,0,0,0,0,0,0,0,0,0,0,0,0,0,0,0,0,0,0,0,0,0,0,0,0,0,0,0,0,0,0,0,0,0,0,0,0,0,0,0,0,0,0,6,0,0,0,0,0,0,0,0,0,0,0,0,0,0,0,0,0,0,0,0,0,0,0,0,0,0,0,0,0,0,0,0,0,0,0,0,0,0,0,0,0,ATCTCAGG,CTGTCTCTTATACACATCT,2026,5,0.4% Pectin,HS-04-D-48h,HS-04,S-KUHIMM
PK-119,3875,7146,20659,8903,11606,5622,0,36,1684,157,0,0,0,4061,2181,1109,516,990,245,97,1391,0,1383,614,288,515,1442,25,0,31,0,0,5894,146,404,0,0,7,0,0,0,239,931,0,3,0,21,0,132,0,0,0,7,299,0,0,4,0,31,0,362,0,0,0,92,0,0,0,0,0,0,21,0,82,8,0,0,0,0,0,0,0,0,0,0,0,0,206,0,0,0,0,0,0,0,0,0,0,92,0,0,0,52,19,4,3,0,0,0,0,0,0,0,0,0,0,0,0,0,0,0,0,0,0,0,0,11,0,0,0,0,0,0,0,0,0,0,0,0,0,0,0,0,0,0,0,0,0,0,0,0,0,0,0,0,0,0,0,0,0,0,0,0,0,0,0,0,0,0,0,0,0,0,0,0,0,0,0,0,0,0,0,0,0,0,0,0,0,0,0,0,0,0,0,0,0,0,0,0,0,0,0,0,0,0,0,0,0,0,0,0,0,0,0,0,0,0,0,0,ATCTCAGG,CTGTCTCTTATACACATCT,2026,5,0.4% Xylan,HS-04-E-48h,HS-04,S-KUHIMM
PK-120,14730,74,24150,26865,516,1542,13,634,0,19,0,0,0,6,0,380,733,0,124,21,2824,0,4,1138,13,25,4383,0,0,4,0,0,0,607,0,0,0,0,0,0,0,0,6,0,0,0,4,0,0,0,0,0,0,0,0,0,7,0,0,0,2,0,0,0,0,23,0,0,0,0,0,0,0,0,0,0,16,0,0,0,0,0,0,0,0,0,0,0,0,0,0,0,0,0,0,0,0,0,0,0,0,0,0,0,0,0,0,0,0,0,0,0,0,0,0,0,0,0,0,0,0,0,0,0,0,0,0,0,0,0,0,0,0,0,0,0,0,0,0,0,0,0,0,0,0,0,0,0,0,0,0,0,0,0,0,0,0,0,0,0,0,0,0,0,0,0,0,0,0,0,0,0,0,0,0,0,0,0,0,0,0,0,0,0,0,0,0,0,0,0,0,0,0,0,0,0,0,0,0,0,0,0,0,0,0,0,0,0,0,0,0,0,0,0,0,0,0,0,0,ATCTCAGG,CTGTCTCTTATACACATCT,2026,5,0.025% Sodium cholate+0.025% Chenodeoxycholic acid,HS-04-F-48h,HS-04,S-KUHIMM
PK-121,592,5164,18640,7765,13289,5207,0,13,57,193,0,7,0,1872,827,1394,404,532,795,15,2330,0,1564,436,204,320,1580,0,0,19,0,0,1865,655,1400,0,0,0,0,4,0,804,751,0,130,0,12,0,108,0,0,0,14,33,0,0,0,0,22,0,120,0,0,0,40,10,0,0,0,2,0,16,0,156,0,0,0,0,0,0,0,0,0,0,0,0,0,134,0,0,0,0,0,0,0,0,0,0,47,0,0,0,34,11,7,0,0,0,0,0,0,0,0,0,0,0,0,0,0,0,0,0,0,0,0,0,0,0,0,0,0,0,0,0,0,0,0,0,0,0,0,0,0,0,0,0,0,0,0,0,0,0,0,0,0,0,0,0,0,0,0,0,0,0,0,0,0,0,0,0,0,0,0,0,0,0,0,0,0,0,0,0,0,0,0,2,0,0,0,0,0,0,0,0,0,0,0,0,0,0,0,0,0,0,0,0,0,0,0,0,0,0,0,0,0,0,0,0,0,ATCTCAGG,CTGTCTCTTATACACATCT,2026,5,0.3% Sodium acetate,HS-04-G-48h,HS-04,S-KUHIMM
PK-122,2073,6440,18399,11160,12466,6632,0,12,0,203,12,0,0,3724,620,1547,346,268,1039,4,1319,555,1330,1085,233,483,1401,0,0,28,0,0,1376,400,589,0,0,35,0,0,0,924,533,0,300,0,13,0,202,0,0,0,57,6,0,0,40,0,19,0,251,0,3,0,103,14,0,6,0,0,0,7,0,68,71,0,0,0,0,0,0,0,0,43,0,0,0,44,0,0,0,0,0,0,0,0,0,0,56,0,0,0,42,25,11,5,0,0,0,0,0,0,0,0,0,0,0,0,0,0,0,0,0,0,0,0,0,0,0,0,0,0,0,0,0,0,0,0,0,0,0,0,0,0,0,0,0,0,0,0,0,0,0,0,0,0,0,0,0,0,0,0,0,0,0,0,0,0,0,0,0,0,0,0,0,0,0,7,0,0,0,0,0,0,0,0,0,0,0,0,0,0,0,0,0,0,0,0,0,0,0,0,0,0,0,0,0,0,0,0,0,0,0,0,0,0,0,0,0,ATCTCAGG,CTGTCTCTTATACACATCT,2026,5,0.1% D-Tryptophan,HS-04-H-48h,HS-04,S-KUHIMM
PK-123,3961,9063,20092,9095,14011,6033,3,15,0,663,0,10,0,3207,263,1142,763,312,206,67,2466,386,1199,1769,45,326,2151,154,0,49,0,0,813,138,889,2,0,17,0,0,0,81,385,0,133,0,8,0,81,0,0,0,23,0,0,0,42,0,86,0,123,0,0,0,86,24,0,30,0,0,0,18,0,70,70,0,0,0,0,0,0,0,0,92,0,0,0,14,0,0,0,0,31,0,0,0,0,0,48,0,0,0,13,13,0,9,0,0,0,0,0,0,6,0,0,0,0,0,0,0,0,0,0,0,0,0,0,0,0,0,0,3,0,0,0,0,0,0,0,0,0,0,0,0,0,0,0,0,0,0,0,0,0,0,0,0,0,0,0,0,0,0,0,0,0,0,0,0,0,0,0,0,0,0,0,0,0,0,0,0,0,0,0,0,0,0,0,0,0,0,0,0,0,0,0,0,0,0,0,0,0,0,0,0,0,0,0,0,0,0,0,0,0,0,0,0,0,0,0,ATCTCAGG,CTGTCTCTTATACACATCT,2026,5,0.1% L-Arginine,HS-04-I-48h,HS-04,S-KUHIMM
PK-124,3801,21973,471,1212,9787,17611,0,0,0,270,0,0,0,1168,142,1441,19,5,0,0,395,0,12,1417,218,152,49,0,0,91,0,0,719,6,0,0,0,0,0,0,0,7,9,0,3,0,15,0,15,0,0,0,3,3511,0,0,3,0,0,0,5,0,0,0,32,24,0,0,0,7,0,33,0,0,0,0,0,0,0,0,0,0,0,0,0,0,0,0,0,0,0,0,0,0,0,0,0,0,13,0,0,0,0,0,279,0,0,0,0,0,0,0,0,0,0,0,0,0,0,0,0,0,0,0,0,0,0,0,0,0,0,0,0,0,0,0,0,0,0,0,0,0,0,0,0,0,0,0,0,0,0,0,0,0,0,0,0,0,0,0,0,0,0,0,0,0,0,0,0,0,0,0,0,0,0,0,0,0,0,0,0,0,0,0,0,0,0,0,0,0,0,0,0,0,0,0,0,0,0,0,0,0,0,0,0,0,0,0,0,0,0,0,0,0,0,0,0,0,0,ATCTCAGG,CTGTCTCTTATACACATCT,2026,5,0.25% Sodium thioglycolate,HS-04-J-48h,HS-04,S-KUHIMM
PK-125,3361,9720,20259,6745,12397,6955,0,166,13,224,0,0,0,3881,466,581,421,342,999,556,1485,149,1291,785,232,363,1713,0,0,46,0,0,1969,281,667,0,0,45,0,9,0,781,677,0,34,0,19,0,85,0,0,0,22,59,0,18,68,0,28,0,313,0,3,0,101,13,181,7,0,7,0,12,0,66,62,0,0,0,0,0,0,0,0,19,0,0,0,35,0,0,0,0,0,0,0,0,0,0,98,0,0,0,41,11,4,4,0,0,0,0,0,0,0,0,0,0,0,0,0,0,0,0,0,0,0,0,0,0,0,0,0,0,0,0,0,0,0,0,0,0,2,0,0,0,0,0,0,0,0,0,0,0,0,0,0,0,0,0,0,0,0,0,0,0,2,0,0,0,0,0,0,0,0,0,0,0,0,0,0,0,0,0,0,0,0,0,0,0,0,0,0,0,0,0,0,0,0,0,0,0,0,0,0,0,0,0,0,0,0,0,0,0,0,0,0,0,0,0,0,ATCTCAGG,CTGTCTCTTATACACATCT,2026,5,0.01% Magnesium sulfate Heptahydrate,HS-04-K-48h,HS-04,S-KUHIMM
PK-126,2617,6550,20481,7432,13582,5551,0,84,29,190,0,0,0,3327,446,502,518,191,1300,86,1502,315,1550,926,176,310,1840,0,0,21,0,0,1470,145,696,0,0,37,0,0,0,1203,455,0,448,0,9,0,113,0,0,0,63,16,0,0,63,0,22,0,178,0,0,0,85,20,3404,0,0,9,0,14,0,57,72,0,0,0,0,0,0,0,0,62,0,0,0,50,0,0,0,0,0,0,0,0,0,0,51,0,0,0,33,18,0,4,0,0,0,0,0,0,0,0,0,0,0,0,0,0,0,0,0,0,0,0,0,0,0,0,0,0,0,0,0,0,0,0,0,0,4,0,0,0,0,0,0,0,0,0,0,0,0,0,0,0,0,0,0,0,0,0,0,0,2,0,0,0,0,0,0,0,0,0,0,0,0,0,0,0,0,0,0,0,0,0,0,0,0,0,0,0,0,0,0,0,0,0,0,0,0,0,0,0,0,0,0,0,0,0,0,0,0,0,0,0,0,0,0,ATCTCAGG,CTGTCTCTTATACACATCT,2026,5,0.01% Calcium chloride dihydrate,HS-04-L-48h,HS-04,S-KUHIMM
PK-127,1587,0,14661,16252,7613,3597,0,6,8456,9038,13,0,1888,2884,63,195,0,3641,0,11,0,22,836,299,316,169,406,0,40,74,3,0,0,11,97,0,0,294,0,758,606,41,332,23,0,760,80,3,34,0,0,0,0,0,0,366,49,0,0,0,0,0,0,156,7,3,0,9,0,8,0,14,0,21,0,3,0,0,75,88,0,0,0,0,0,3,0,0,0,0,0,14,26,0,0,0,0,0,0,0,0,34,0,14,0,6,0,0,0,0,18,0,7,0,0,4,3,48,7,0,0,0,0,22,0,9,0,0,0,0,0,0,0,0,0,0,0,0,0,6,0,0,3,0,0,0,0,0,0,0,0,0,0,0,0,0,0,0,0,0,0,0,0,0,0,0,0,0,0,0,0,0,0,0,0,0,0,0,0,0,0,0,0,0,0,0,0,0,0,0,0,0,0,0,0,0,0,0,0,0,0,0,0,0,0,0,0,0,0,0,0,0,0,0,0,0,0,0,0,ATCTCAGG,CTGTCTCTTATACACATCT,2026,5,GAM (KUHIMM),HS-05-CUL-48h,HS-05,S-KUHIMM
PK-128,139,6,13554,17874,8474,3223,0,4,8455,5543,43,1097,1229,4050,1015,618,0,4934,33,0,0,91,831,295,398,936,296,3767,179,78,72,0,0,196,475,0,0,108,2,1591,1241,92,376,862,533,725,663,0,43,0,0,0,62,0,23,41,141,0,5,0,0,0,0,149,12,3,0,60,0,0,0,31,34,0,19,10,0,85,118,159,0,0,2,0,2,4,0,0,0,48,0,7,29,0,7,0,0,0,0,0,7,28,0,36,0,0,0,0,0,0,26,0,16,0,0,9,3,9,49,0,0,9,0,75,54,3,0,0,0,0,0,0,5,0,0,33,0,58,11,7,16,0,4,0,18,0,62,0,0,0,11,17,0,0,0,8,12,25,0,0,0,0,0,0,0,0,0,0,5,0,0,0,0,11,0,0,0,0,0,0,0,0,0,0,0,2,0,0,7,0,0,0,0,0,0,0,0,6,0,0,0,0,0,0,0,0,0,0,0,0,0,0,0,0,0,0,0,0,0,ATCTCAGG,CTGTCTCTTATACACATCT,2026,5,0.4% Mucin,HS-05-B-48h,HS-05,S-KUHIMM
PK-129,98,14,10441,11546,7310,2702,0,0,8420,6493,73,881,940,2364,522,755,0,4664,0,0,0,71,567,204,269,1126,199,667,78,46,62,0,0,156,173,0,0,58,0,1331,594,851,231,841,313,539,505,0,43,0,0,5,34,0,6,72,60,0,0,0,0,0,0,144,10,0,0,61,0,0,0,16,0,60,15,12,0,84,91,142,0,0,0,0,0,0,0,0,0,14,0,20,14,0,3,0,2,0,0,0,0,17,0,12,0,0,0,0,0,0,66,15,0,0,0,7,3,187,12,0,0,0,0,15,51,6,0,0,0,0,0,0,4,0,0,31,6,0,0,17,31,0,4,0,9,0,0,14,0,0,6,9,0,0,0,6,0,4,0,0,0,0,0,0,0,0,0,0,0,0,0,0,0,4,0,0,0,0,0,0,4,0,0,4,0,0,0,0,0,0,0,0,0,0,0,0,0,0,0,0,0,0,0,0,0,0,0,0,0,0,0,0,0,0,0,0,0,0,0,ATCTCAGG,CTGTCTCTTATACACATCT,2026,5,0.8% Mucin (S-KUHIMM),HS-05-C-48h,HS-05,S-KUHIMM
PK-130,4372,0,6047,7416,961,8052,0,0,24914,19120,17,0,1222,189,14,1385,0,6,0,0,3,0,0,0,0,9,0,0,0,0,0,0,0,0,0,0,0,2,0,88,21,0,0,31,0,1935,0,0,0,0,0,0,0,11,0,0,5,0,0,0,0,0,0,12,0,0,0,0,0,0,0,0,0,0,0,9,0,0,32,22,0,0,0,0,0,712,0,0,0,0,0,0,0,0,0,0,0,0,0,0,0,53,0,0,0,0,0,0,0,0,0,0,26,0,0,0,23,0,5,0,0,0,0,2,0,0,0,0,0,0,0,0,0,0,0,0,0,0,0,0,0,0,0,0,0,0,0,0,0,0,0,0,0,0,0,0,0,0,0,0,0,0,0,0,0,0,0,0,0,0,0,0,0,0,0,0,0,0,0,0,0,0,0,0,0,3,0,0,0,0,0,0,0,0,0,0,0,0,0,0,0,0,0,0,0,0,0,0,0,0,0,0,0,0,0,0,0,0,0,ATCTCAGG,CTGTCTCTTATACACATCT,2026,5,0.4% Pectin,HS-05-D-48h,HS-05,S-KUHIMM
PK-131,2145,0,6745,3467,897,1334,0,0,10778,8342,0,0,528,98,156,57,0,1852,0,6,5,0,4,232,0,0,70,0,0,0,0,0,0,0,0,0,0,0,0,103,135,0,2,57,0,628,52,0,0,0,0,0,0,9,0,0,0,0,0,0,0,0,0,0,0,0,0,0,9,0,0,0,0,0,0,0,0,0,7,18,0,0,0,0,0,156,0,0,0,0,0,0,0,0,0,0,0,0,0,0,0,0,0,0,0,0,0,0,0,0,11,0,8,0,0,0,7,0,0,0,0,0,0,0,0,5,0,0,0,0,0,0,0,0,0,0,0,0,0,0,0,0,0,0,0,0,0,0,0,0,0,0,0,0,0,0,0,0,0,0,0,0,0,0,0,0,0,0,0,0,0,0,0,0,0,0,0,0,0,0,0,0,0,0,0,0,0,0,0,0,0,0,0,0,0,0,0,0,0,0,0,0,0,0,0,0,0,0,0,0,0,0,0,0,0,0,0,0,0,ATCTCAGG,CTGTCTCTTATACACATCT,2026,5,0.4% Xylan,HS-05-E-48h,HS-05,S-KUHIMM
PK-132,9731,0,17713,30625,2713,1574,0,0,1532,845,0,3,940,78,8,505,0,171,0,2,5,0,0,18,0,14,3466,0,0,0,0,0,0,0,0,0,0,0,0,726,29,0,0,11,0,2464,19,0,0,0,0,0,0,0,0,0,1535,0,0,0,0,0,0,66,0,20,0,0,0,0,0,0,0,0,0,0,0,0,164,19,0,0,0,0,0,27,0,0,0,0,0,0,0,0,0,0,0,0,0,0,0,0,0,0,0,0,0,0,0,0,0,0,0,0,0,0,0,0,0,0,0,0,0,0,0,0,0,0,0,0,0,0,0,0,0,0,0,0,0,0,0,0,0,0,0,0,0,0,0,0,0,0,0,0,0,0,0,0,0,0,0,0,0,0,0,0,0,0,0,0,0,0,0,0,0,0,0,0,0,0,0,0,0,0,0,0,0,0,0,0,0,0,0,0,0,0,0,0,0,0,0,0,0,0,0,0,0,0,0,0,0,0,0,0,0,0,0,0,0,ATCTCAGG,CTGTCTCTTATACACATCT,2026,5,0.025% Sodium cholate+0.025% Chenodeoxycholic acid,HS-05-F-48h,HS-05,S-KUHIMM
PK-133,305,0,14677,10172,8322,3427,0,0,8263,8870,8,2,2174,3312,21,207,0,4445,0,27,0,0,817,213,176,48,275,0,0,66,0,0,0,14,0,0,0,135,0,1788,302,0,118,24,0,993,36,0,17,0,0,0,0,0,0,0,17,0,0,0,0,0,0,189,3,2,0,0,7,0,0,0,0,0,0,5,0,0,50,80,0,0,0,0,0,18,0,0,0,0,0,182,2,0,0,0,0,0,0,0,0,11,0,0,0,0,0,0,0,0,0,0,11,0,0,0,3,0,0,0,0,0,0,0,0,4,0,0,0,0,0,0,0,0,0,0,0,0,0,0,0,0,0,0,0,0,0,0,0,0,0,0,0,0,0,0,0,0,0,0,0,0,0,0,0,0,0,0,0,0,0,0,0,0,0,0,0,0,0,0,0,0,0,0,0,0,0,0,0,0,0,0,0,0,0,0,0,0,0,0,0,0,0,0,0,0,0,0,4,0,0,0,0,0,0,0,0,0,0,ATCTCAGG,CTGTCTCTTATACACATCT,2026,5,0.3% Sodium acetate,HS-05-G-48h,HS-05,S-KUHIMM
PK-134,2156,8,14665,12805,9416,3104,0,3,8728,9679,7,0,1719,2986,24,121,0,3917,8,149,0,0,969,325,248,101,438,0,65,73,0,0,0,0,17,0,0,155,0,998,493,0,238,10,0,783,82,0,23,0,0,0,0,0,0,350,54,0,0,0,0,0,0,171,13,4,0,5,0,0,0,2,0,0,0,3,0,0,69,75,0,0,0,0,0,14,0,0,0,0,0,78,0,0,0,0,0,0,0,0,0,16,0,14,0,0,0,0,0,0,14,0,0,0,0,7,16,2,6,0,0,0,0,5,3,5,0,0,0,0,0,0,0,0,0,0,0,0,0,0,0,0,5,0,0,0,0,0,0,0,0,0,0,0,0,3,0,0,0,0,0,0,0,0,0,0,0,0,0,0,0,0,0,0,0,0,0,0,0,0,0,0,0,0,0,2,0,0,0,0,0,0,0,0,0,0,0,0,0,0,0,0,0,0,0,0,0,0,0,0,0,0,0,0,0,0,0,0,0,ATCTCAGG,CTGTCTCTTATACACATCT,2026,5,0.1% D-Tryptophan,HS-05-H-48h,HS-05,S-KUHIMM
PK-135,2621,3,15959,25164,7769,3712,0,0,2864,10088,21,0,3631,4000,9,219,0,2825,2,18,0,78,648,140,430,201,763,0,46,67,12,0,0,5,189,0,0,254,0,1188,887,0,179,0,20,590,27,0,33,0,0,0,0,0,0,46,116,0,0,0,0,0,0,240,11,15,0,20,0,5,0,17,0,13,24,4,0,0,164,65,0,0,0,27,0,0,0,0,0,29,0,24,205,0,0,0,0,0,0,0,0,76,0,12,0,0,0,0,0,0,0,0,0,0,0,0,2,68,22,0,0,0,0,128,0,4,0,0,0,0,0,0,0,0,0,9,0,0,22,0,0,0,3,0,0,0,9,0,0,0,0,3,0,0,0,4,0,9,0,0,0,0,0,0,0,0,0,0,0,0,0,0,0,5,0,0,0,6,0,0,7,0,0,0,0,0,0,0,0,0,0,0,0,0,0,0,0,0,0,0,0,0,0,0,0,0,0,0,0,0,0,0,0,0,0,0,0,0,0,ATCTCAGG,CTGTCTCTTATACACATCT,2026,5,0.1% L-Arginine,HS-05-I-48h,HS-05,S-KUHIMM
PK-136,1958,0,477,8542,2381,8564,0,0,34573,14296,30,0,1922,196,48,1531,0,2649,0,0,9,0,0,8,29,34,209,3,361,0,0,0,0,0,0,0,0,8,0,86,1237,0,0,52,0,3689,33,0,0,0,0,0,0,1509,0,0,25,0,0,0,0,0,0,22,0,13,0,0,0,45,0,3,0,0,0,5,0,0,217,72,0,0,0,0,0,185,0,0,0,4,0,0,0,0,0,0,0,0,0,0,0,136,0,0,0,0,0,0,0,0,0,0,53,0,0,14,23,0,3,0,0,0,0,7,0,0,6,0,0,0,0,0,0,0,0,0,0,0,0,0,0,0,0,0,4,0,0,0,0,0,0,0,0,0,0,0,0,0,0,0,0,0,0,0,0,0,0,0,0,0,0,0,0,0,0,0,0,0,0,0,0,0,0,0,0,0,0,0,0,0,0,0,0,0,0,0,0,0,0,0,0,0,0,0,0,0,0,0,0,0,0,0,0,0,0,0,0,0,0,ATCTCAGG,CTGTCTCTTATACACATCT,2026,5,0.25% Sodium thioglycolate,HS-05-J-48h,HS-05,S-KUHIMM
PK-137,4241,3,15858,8266,11629,3421,0,4,8191,14090,12,0,2335,3757,7,374,0,4910,13,1920,7,0,734,276,155,81,681,0,0,54,0,0,0,0,18,0,0,24,0,755,562,0,148,107,3,735,63,0,14,0,0,0,0,0,0,258,50,0,2,0,0,0,0,290,15,0,0,0,0,0,0,2,0,0,0,0,0,0,73,81,0,0,0,0,0,221,0,0,0,3,0,219,0,0,0,0,0,0,0,0,0,20,0,0,0,0,0,0,0,0,0,0,7,0,0,0,18,0,4,0,0,0,0,0,0,6,0,0,0,0,0,0,0,0,0,0,0,0,0,2,0,0,0,0,5,0,0,0,0,0,0,0,0,0,0,4,0,0,0,0,0,0,0,0,0,0,0,0,0,0,0,0,0,0,0,0,0,0,0,0,0,0,0,0,0,0,0,0,0,0,0,0,0,0,0,0,0,0,0,0,0,0,0,0,0,0,0,0,0,0,0,0,0,0,0,0,0,0,0,ATCTCAGG,CTGTCTCTTATACACATCT,2026,5,0.01% Magnesium sulfate Heptahydrate,HS-05-K-48h,HS-05,S-KUHIMM
PK-138,3512,4,16208,9086,10102,3200,0,7,8064,14558,0,145,2227,4647,36,201,0,4429,0,2083,6,10,966,296,147,132,465,0,44,67,0,0,0,10,317,0,0,39,0,642,429,53,11,53,4,634,114,6,13,0,0,0,0,0,0,422,74,0,0,0,0,0,0,228,9,0,0,4,0,0,0,9,0,0,0,7,0,0,69,107,0,0,0,0,0,177,0,0,0,5,0,95,8,0,0,0,0,0,0,0,0,15,0,19,0,0,0,0,0,0,8,0,3,0,0,11,9,8,9,0,2,0,0,5,0,8,0,0,0,0,0,0,0,0,0,0,0,0,0,3,0,0,0,0,0,0,0,0,0,0,0,0,0,0,0,4,0,0,0,0,0,0,0,0,0,0,0,0,0,0,0,0,0,4,0,0,0,0,0,0,3,0,0,0,0,0,0,0,0,0,0,0,0,0,0,0,0,0,0,0,0,0,0,0,0,0,0,0,0,0,0,0,0,0,0,0,0,0,0,ATCTCAGG,CTGTCTCTTATACACATCT,2026,5,0.01% Calcium chloride dihydrate,HS-05-L-48h,HS-05,S-KUHIMM
PK-139,13693,17595,56,23,17773,278,3664,0,0,1595,0,0,2,0,5171,0,1601,0,13,3,2312,4854,2928,555,1081,954,2440,0,0,503,10,700,0,75,1099,0,22,11,9,0,0,0,0,0,0,0,0,0,330,0,129,0,45,0,529,9,47,5,192,0,0,96,9,0,62,24,0,58,0,11,0,26,0,0,8,0,0,0,0,0,39,27,0,0,3,0,0,0,0,3,0,0,578,0,0,171,459,0,0,0,10,0,0,9,0,0,0,0,0,0,0,0,6,0,0,0,0,0,0,49,0,0,0,0,0,19,0,0,0,0,0,45,0,0,0,0,0,0,0,0,0,0,13,0,0,0,0,0,0,0,0,0,0,0,0,0,0,0,0,0,0,0,4,0,0,0,0,0,0,0,0,0,0,0,0,0,0,0,0,0,0,0,0,0,0,0,0,0,0,0,0,0,0,0,0,0,0,0,0,0,0,0,0,0,0,0,0,0,0,0,0,0,0,0,0,0,0,0,0,ATCTCAGG,CTGTCTCTTATACACATCT,2026,5,GAM (KUHIMM),HS-06-CUL-48h,HS-06,S-KUHIMM
PK-140,6085,18241,38,19,15934,344,1594,0,0,70,36,1680,0,6,1845,0,2764,0,635,3,3983,4033,1720,1165,2175,1706,2256,7812,0,694,1241,649,4,16,1655,0,2396,256,36,0,0,0,18,0,0,0,0,0,498,0,989,0,814,0,1141,756,284,401,428,0,0,27,0,0,318,16,0,132,0,0,0,50,0,0,106,0,0,0,0,0,15,100,0,59,4,0,0,19,0,14,0,0,76,0,9,45,77,0,17,0,29,0,0,13,0,0,0,0,0,0,0,0,2,12,0,0,0,5,0,7,0,19,0,0,15,0,0,8,0,0,42,11,0,0,0,0,6,0,8,46,15,0,12,0,0,0,0,0,31,4,10,0,15,16,0,0,0,0,0,0,0,0,0,0,0,0,0,0,0,0,0,0,0,0,0,0,0,0,2,2,0,0,0,0,0,0,0,0,0,0,0,0,0,0,0,0,0,0,0,0,0,0,0,0,0,0,0,0,0,0,0,0,0,0,0,0,0,0,0,ATCTCAGG,CTGTCTCTTATACACATCT,2026,5,0.4% Mucin,HS-06-B-48h,HS-06,S-KUHIMM
PK-141,4612,21012,18,11,27067,612,1392,0,0,37,46,2090,0,3,5105,0,3082,0,1459,0,6515,4518,5262,1959,3473,2625,2305,11170,0,953,2638,1063,6,190,1898,0,5230,385,34,0,0,2,50,0,0,0,0,0,898,0,1195,0,1201,0,820,1301,142,560,372,0,0,65,4,0,268,12,0,152,0,43,0,97,0,0,161,0,0,0,0,0,0,116,7,88,15,0,0,39,0,24,0,0,222,0,9,35,167,0,35,9,61,0,0,41,0,0,0,0,0,0,0,0,0,11,0,0,0,0,0,74,0,12,0,0,20,5,0,7,0,0,56,9,0,0,0,0,88,0,0,84,21,0,11,0,0,0,0,8,44,15,7,0,7,0,0,0,0,0,0,4,0,0,9,0,4,0,0,0,0,6,0,0,0,0,0,0,0,0,0,0,0,0,12,0,0,2,0,0,0,8,0,0,0,0,0,0,0,0,0,0,3,0,0,0,0,0,0,0,0,0,0,0,0,0,0,0,0,0,0,ATCTCAGG,CTGTCTCTTATACACATCT,2026,5,0.8% Mucin (S-KUHIMM),HS-06-C-48h,HS-06,S-KUHIMM
PK-142,21598,33425,8,25,10456,1451,2333,0,0,528,0,0,0,3,4431,0,811,0,0,0,363,0,2213,172,51,127,98,0,0,582,4,1304,0,6,0,0,14,4,395,0,0,0,5,0,0,0,0,0,0,0,84,0,5,0,0,11,41,0,37,0,0,10,0,0,0,10,0,12,0,3,0,24,0,0,0,0,0,0,0,0,47,35,0,4,0,0,0,15,0,15,0,0,0,0,0,0,0,0,6,0,0,0,0,0,0,0,0,0,0,0,0,0,11,0,0,0,0,0,0,0,0,0,0,0,0,0,0,0,0,0,0,0,0,0,0,0,0,0,0,0,0,0,0,0,0,0,0,0,0,0,0,0,0,0,0,0,0,0,0,0,0,0,0,0,0,0,0,0,0,0,0,0,0,0,0,0,0,0,0,0,0,0,0,0,0,0,0,0,0,0,0,0,0,0,0,0,0,0,0,0,0,0,0,0,0,0,0,0,0,0,0,0,0,0,0,0,0,0,0,ATCTCAGG,CTGTCTCTTATACACATCT,2026,5,0.4% Pectin,HS-06-D-48h,HS-06,S-KUHIMM
PK-143,17812,22098,29,27,22405,411,1397,0,0,2964,0,0,0,3,8866,0,2278,0,0,0,559,1467,1427,1346,1510,1433,3228,0,0,321,0,710,6,43,777,0,4,62,3,0,0,0,0,0,0,0,0,0,159,0,76,0,10,0,236,10,13,0,130,0,0,5,2,0,126,13,0,83,0,0,0,24,0,0,0,0,0,0,0,0,41,37,0,0,0,0,0,0,0,0,0,0,46,0,0,132,241,0,21,0,0,0,0,0,0,0,0,0,0,0,0,0,0,0,0,0,0,0,0,0,0,0,0,0,0,3,0,0,0,0,17,6,0,0,0,0,0,0,0,0,0,0,0,0,0,0,0,0,0,0,0,0,0,0,0,0,0,0,0,0,0,0,0,0,7,0,0,0,0,0,0,0,0,0,0,0,0,0,0,0,0,0,0,0,0,0,0,0,0,0,0,0,0,0,0,0,0,0,0,0,0,0,0,0,0,0,0,0,0,0,0,0,0,0,0,0,0,0,0,ATCTCAGG,CTGTCTCTTATACACATCT,2026,5,0.4% Xylan,HS-06-E-48h,HS-06,S-KUHIMM
PK-144,27707,286,38,61,6606,19,22038,0,8,20,0,0,0,0,0,0,8063,0,30,0,3140,1499,414,109,537,2567,5654,4,0,648,8,1209,0,129,0,0,15,6,0,0,0,0,0,0,0,0,0,0,109,0,69,0,3,0,0,40,156,0,282,0,0,0,0,0,102,73,0,847,0,0,0,0,0,0,0,0,0,0,0,0,765,2,0,6,0,0,0,0,0,35,0,0,0,0,0,0,0,0,0,0,7,0,0,0,0,0,0,0,0,0,0,0,13,0,0,0,0,0,0,28,0,0,0,0,0,0,0,0,0,0,0,0,0,0,0,0,0,0,0,0,0,0,0,0,0,0,0,0,0,0,0,0,0,29,0,0,0,0,0,6,0,0,10,0,0,0,0,0,0,0,0,0,0,0,0,0,0,0,0,0,0,0,0,0,0,3,0,0,0,0,0,0,0,0,0,0,0,0,0,0,0,0,0,0,0,0,0,0,0,0,0,0,0,0,0,0,0,0,0,ATCTCAGG,CTGTCTCTTATACACATCT,2026,5,0.025% Sodium cholate+0.025% Chenodeoxycholic acid,HS-06-F-48h,HS-06,S-KUHIMM
PK-145,11385,21184,44,24,17835,384,1184,0,0,3519,0,26,0,5,6836,0,1612,0,12,0,2006,466,2448,1012,1606,401,3379,0,0,279,0,837,2,66,528,0,2,0,0,0,0,0,6,0,0,0,0,0,170,0,93,0,0,0,32,0,25,0,185,0,0,71,0,0,11,11,0,47,0,0,0,10,0,0,0,0,0,0,0,0,24,44,0,0,3,0,0,0,0,6,0,0,6,0,0,32,6,0,7,0,3,0,0,0,0,0,0,0,0,0,0,0,6,0,0,0,0,0,0,110,0,0,0,0,0,9,0,0,0,0,0,49,0,0,0,0,0,0,0,0,0,0,0,0,0,0,0,0,0,0,0,0,0,0,0,0,0,0,0,0,0,0,0,0,0,0,0,0,0,0,0,0,0,0,0,0,0,0,0,0,0,0,0,0,0,0,0,0,0,0,0,0,0,0,0,0,0,0,0,0,0,0,0,0,0,0,0,0,0,0,0,0,0,0,0,0,0,0,0,ATCTCAGG,CTGTCTCTTATACACATCT,2026,5,0.3% Sodium acetate,HS-06-G-48h,HS-06,S-KUHIMM
PK-146,14603,18251,36,27,17679,274,4650,0,0,2228,0,7,0,5,4954,0,1389,0,15,0,979,3162,1612,1374,1382,1162,2760,0,0,452,0,335,2,137,855,0,11,7,5,0,0,0,5,0,0,0,0,0,341,0,126,0,61,0,857,15,32,157,219,0,0,31,0,0,81,13,0,68,0,0,0,33,0,0,0,0,0,0,0,0,62,36,0,0,0,0,0,0,0,0,0,0,188,0,0,206,204,0,9,0,5,0,0,9,0,0,0,0,0,0,0,0,0,0,0,0,0,0,0,8,0,0,0,0,0,47,0,0,0,0,0,17,0,0,0,0,0,0,0,0,0,0,10,0,0,0,0,0,0,0,0,0,0,0,0,0,0,0,0,0,0,0,0,0,0,0,0,0,0,0,0,0,0,0,0,0,0,0,0,0,0,0,0,0,0,0,0,0,0,0,0,0,0,0,0,0,0,0,0,0,0,0,0,0,0,0,0,0,0,0,0,0,0,0,0,0,0,0,0,ATCTCAGG,CTGTCTCTTATACACATCT,2026,5,0.1% D-Tryptophan,HS-06-H-48h,HS-06,S-KUHIMM
PK-147,10853,13292,26,12,10414,51,13580,0,0,520,8,0,0,4,1072,3,1465,0,104,0,2200,3870,1622,788,454,980,3058,0,0,552,161,307,0,144,2576,0,43,299,10,0,0,0,14,0,0,0,0,0,714,0,265,0,337,0,320,67,474,3259,2467,0,0,785,2,0,84,18,0,295,0,9,0,20,0,0,46,0,0,0,0,0,20,45,9,245,4,0,0,35,0,21,0,0,6,0,0,37,40,0,0,23,6,0,0,17,0,0,0,0,0,0,0,0,6,0,0,0,0,0,0,2,0,0,0,0,0,4,0,0,0,0,17,119,0,0,0,0,0,0,6,12,22,0,0,7,0,0,0,0,12,0,7,0,0,10,0,0,0,0,0,0,0,0,0,0,0,0,0,0,0,0,0,0,0,0,0,0,0,0,0,0,0,0,0,0,0,4,0,0,0,0,0,0,0,0,0,0,0,0,0,0,0,0,0,0,0,0,0,0,0,0,0,0,0,0,0,0,0,0,0,ATCTCAGG,CTGTCTCTTATACACATCT,2026,5,0.1% L-Arginine,HS-06-I-48h,HS-06,S-KUHIMM
PK-148,19902,31276,0,11,14381,977,95,0,0,222,9,0,0,0,3209,8,107,0,14,0,660,13,30,268,89,144,716,0,0,2490,13,1003,2,0,21,0,52,0,5,0,0,0,0,0,0,0,0,0,74,0,82,0,13,0,0,10,37,2,94,0,0,11,0,0,0,22,0,47,0,3,0,22,0,0,0,0,0,0,0,0,32,60,0,0,12,0,0,17,0,11,0,0,0,0,4,0,0,0,0,8,0,0,0,0,0,0,0,0,0,0,0,0,11,0,0,0,0,0,0,7,0,0,0,2,0,19,0,0,0,0,0,8,0,0,0,0,0,0,0,0,2,0,0,0,0,0,0,0,0,0,0,0,0,0,0,0,0,0,0,0,0,0,0,0,0,0,0,0,0,0,0,0,0,0,0,0,0,0,0,0,0,0,0,0,0,0,0,0,0,0,0,0,0,0,0,0,0,0,0,0,0,0,0,0,0,0,0,0,0,0,0,0,0,0,0,0,0,0,0,ATCTCAGG,CTGTCTCTTATACACATCT,2026,5,0.25% Sodium thioglycolate,HS-06-J-48h,HS-06,S-KUHIMM
PK-149,13605,16213,21,22,18571,250,3845,0,0,1262,0,0,0,0,4372,0,1500,0,22,0,1801,5355,3557,517,967,723,2809,0,0,489,7,748,6,74,1289,0,19,345,4,0,0,0,9,0,0,0,0,0,414,0,162,0,67,0,751,0,53,149,200,3,0,94,0,0,72,15,0,92,0,10,0,25,0,0,14,0,0,0,0,0,35,30,2,0,0,0,0,16,0,5,0,0,35,0,0,53,309,0,5,0,7,0,0,15,0,0,0,0,0,0,0,0,15,0,0,0,0,0,0,14,0,0,0,0,0,40,0,0,0,0,0,28,0,0,0,0,0,0,0,0,0,0,0,0,0,0,0,0,4,0,0,0,0,0,0,0,0,0,0,0,0,0,3,0,0,0,0,0,0,0,0,0,0,0,0,0,0,0,0,0,0,0,0,0,0,0,0,0,0,0,0,0,0,0,0,0,0,0,0,0,0,0,0,0,0,0,0,0,0,0,0,0,0,0,0,0,0,0,0,ATCTCAGG,CTGTCTCTTATACACATCT,2026,5,0.01% Magnesium sulfate Heptahydrate,HS-06-K-48h,HS-06,S-KUHIMM
PK-150,14517,14283,20,18,19391,272,4884,0,14,1047,0,0,0,6,4758,0,1985,0,9,0,1679,4446,3200,517,1304,902,3071,0,0,582,26,650,0,130,1095,0,28,11,10,0,0,0,7,0,0,0,0,0,283,0,131,0,75,0,679,16,37,13,111,0,0,77,0,0,67,13,0,77,0,8,0,22,0,0,15,0,0,0,0,0,48,35,3,0,0,0,0,5,0,6,0,0,16,0,0,173,483,0,11,0,10,0,0,8,0,0,0,0,0,0,0,0,8,0,0,0,0,0,0,11,0,0,0,0,0,5,0,0,0,0,9,24,0,0,0,0,0,0,0,0,0,0,0,0,0,0,0,0,2,0,0,0,0,0,0,0,0,0,0,0,0,0,0,0,0,0,0,0,0,0,0,0,0,0,0,0,0,0,0,0,0,0,0,0,0,0,0,0,0,0,0,0,0,0,0,0,0,0,0,0,0,0,0,0,0,0,0,0,0,0,0,0,0,0,0,0,0,0,0,ATCTCAGG,CTGTCTCTTATACACATCT,2026,5,0.01% Calcium chloride dihydrate,HS-06-L-48h,HS-06,S-KUHIMM
PL-038,618,6032,16077,3995,15202,5691,0,0,0,94,43,539,0,2996,892,490,420,307,573,0,2763,1140,423,1274,325,456,1099,5034,0,66,0,0,2992,347,1089,6,0,25,0,0,0,271,896,0,769,0,13,0,292,0,0,0,67,0,0,0,31,0,17,0,136,0,0,0,58,2,0,13,0,0,0,10,0,88,79,0,10,0,0,0,0,0,0,163,0,0,0,0,0,2,0,0,0,0,0,0,7,0,10,0,5,0,30,12,6,0,0,0,0,0,0,0,0,0,0,0,0,0,0,0,0,0,0,0,0,0,0,0,0,0,0,0,0,0,0,0,4,0,0,0,0,0,6,0,0,0,0,0,0,0,0,0,0,0,0,0,0,0,0,0,0,0,2,0,3,0,0,0,0,0,0,0,0,0,0,0,0,0,0,0,0,0,0,0,0,0,0,0,0,0,0,0,0,0,0,0,0,0,0,0,0,0,0,0,0,0,0,0,0,0,0,0,0,0,0,0,0,0,0,ATCTCAGG,CTGTCTCTTATACACATCT,2026,5,0.4% Mucin,HS-04-B-48h,HS-04,S-KUHIMM
PL-039,387,5673,16373,4130,16167,6515,0,0,43,52,30,2359,0,2350,2142,567,246,1368,1322,3,2772,820,672,938,482,585,1267,661,0,53,0,0,4201,711,1029,0,0,14,0,0,0,946,828,0,852,0,26,0,285,0,3,0,84,0,0,0,10,0,15,6,186,0,4,0,45,8,0,0,0,0,0,14,0,123,52,0,5,0,0,0,8,0,0,131,0,0,0,4,0,0,0,0,0,0,0,0,8,0,8,0,2,0,26,9,10,0,0,0,0,0,0,0,5,0,0,0,0,0,0,0,0,0,0,0,0,0,0,0,0,0,0,0,0,0,0,0,19,0,0,0,3,0,0,0,0,0,0,10,0,0,0,0,0,0,0,0,0,0,0,0,0,0,0,0,0,0,0,0,0,0,0,0,0,0,0,0,0,0,0,0,0,0,0,0,0,0,0,0,0,0,0,0,0,0,0,0,0,0,0,0,0,0,0,0,0,0,0,0,0,0,0,0,0,0,0,0,0,0,0,ATCTCAGG,CTGTCTCTTATACACATCT,2026,5,0.8% Mucin (S-KUHIMM),HS-04-C-48h,HS-04,S-KUHIMM