index,d__Bacteria;p__Pseudomonadota;c__Gammaproteobacteria;o__Enterobacterales;f__Enterobacteriaceae;g__Escherichia-Shigella,d__Bacteria;p__Bacillota;c__Negativicutes;o__Acidaminococcales;f__Acidaminococcaceae;g__Acidaminococcus,d__Bacteria;p__Bacillota;c__Bacilli;o__Lactobacillales;f__Streptococcaceae;g__Streptococcus,d__Bacteria;p__Actinomycetota;c__Actinobacteria;o__Bifidobacteriales;f__Bifidobacteriaceae;g__Bifidobacterium,d__Bacteria;p__Bacillota;c__Negativicutes;o__Veillonellales-Selenomonadales;f__Veillonellaceae;g__Megasphaera,d__Bacteria;p__Bacteroidota;c__Bacteroidia;o__Bacteroidales;f__Bacteroidaceae;g__Bacteroides,d__Bacteria;p__Bacteroidota;c__Bacteroidia;o__Bacteroidales;f__Tannerellaceae;g__Parabacteroides,d__Bacteria;p__Bacillota;c__Clostridia;o__Clostridiales;f__Clostridiaceae;g__Clostridium,d__Bacteria;p__Actinomycetota;c__Coriobacteriia;o__Coriobacteriales;f__Coriobacteriaceae;g__Collinsella,d__Bacteria;p__Bacillota;c__Clostridia;o__Oscillospirales;f__Ruminococcaceae;g__Faecalibacterium,d__Bacteria;p__Bacillota;c__Bacilli;o__Lactobacillales;f__Enterococcaceae;g__Enterococcus,d__Bacteria;p__Bacillota;c__Clostridia;o__Lachnospirales;f__Lachnospiraceae;g__Anaerostipes,d__Bacteria;p__Bacillota;c__Clostridia;o__Lachnospirales;f__Lachnospiraceae;g__Fusicatenibacter,d__Bacteria;p__Bacillota;c__Negativicutes;o__Acidaminococcales;f__Acidaminococcaceae;g__Phascolarctobacterium,d__Bacteria;p__Bacillota;c__Clostridia;o__Lachnospirales;f__Lachnospiraceae;g__Dorea,d__Bacteria;p__Bacillota;c__Clostridia;o__Lachnospirales;f__Lachnospiraceae;g__Lachnoclostridium,d__Bacteria;p__Bacillota;c__Clostridia;o__Lachnospirales;f__Lachnospiraceae;g__Blautia,d__Bacteria;p__Fusobacteriota;c__Fusobacteriia;o__Fusobacteriales;f__Fusobacteriaceae;g__Fusobacterium,d__Bacteria;p__Pseudomonadota;c__Gammaproteobacteria;o__Burkholderiales;f__Sutterellaceae;g__Sutterella,d__Bacteria;p__Bacillota;c__Clostridia;o__Lachnospirales;f__Lachnospiraceae;__,d__Bacteria;p__Bacillota;c__Negativicutes;o__Veillonellales-Selenomonadales;f__Veillonellaceae;g__Veillonella,d__Bacteria;p__Bacteroidota;c__Bacteroidia;o__Bacteroidales;f__Prevotellaceae;g__Segatella,d__Bacteria;p__Bacillota;c__Clostridia;o__Peptostreptococcales-Tissierellales;f__Peptostreptococcaceae;g__Peptostreptococcus,d__Bacteria;p__Bacillota;c__Clostridia;o__Oscillospirales;f__Oscillospiraceae;g__Flavonifractor,d__Bacteria;p__Bacillota;c__Bacilli;o__Erysipelotrichales;f__Erysipelatoclostridiaceae;g__Erysipelotrichaceae_UCG-003,d__Bacteria;p__Bacillota;c__Bacilli;o__Erysipelotrichales;f__Erysipelotrichaceae;g__Holdemanella,d__Bacteria;p__Pseudomonadota;c__Gammaproteobacteria;o__Burkholderiales;f__Sutterellaceae;g__Incertae_Sedis,d__Bacteria;p__Bacillota;c__Clostridia;o__Oscillospirales;f__Oscillospiraceae;g__UCG-003,d__Bacteria;p__Bacillota;c__Clostridia;o__Lachnospirales;f__Lachnospiraceae;g__[Ruminococcus]_gnavus_group,d__Bacteria;p__Bacillota;c__Bacilli;o__Erysipelotrichales;f__Erysipelatoclostridiaceae;g__Thomasclavelia,d__Bacteria;p__Bacillota;c__Clostridia;o__Peptostreptococcales-Tissierellales;f__Peptostreptococcaceae;g__Paraclostridium,d__Bacteria;p__Bacillota;c__Clostridia;o__Lachnospirales;f__Lachnospiraceae;g__Enterocloster,d__Bacteria;p__Bacillota;c__Clostridia;o__Oscillospirales;f__Ruminococcaceae;g__Gemmiger,d__Bacteria;p__Bacillota;c__Clostridia;o__Oscillospirales;f__Oscillospiraceae;g__Colidextribacter,d__Bacteria;p__Bacillota;c__Clostridia;o__Lachnospirales;f__Lachnospiraceae;g__Agathobacter,d__Bacteria;p__Bacillota;c__Negativicutes;o__Veillonellales-Selenomonadales;f__Veillonellaceae;g__Dialister,d__Bacteria;p__Bacillota;c__Clostridia;o__Lachnospirales;f__Lachnospiraceae;g__Anaerobutyricum,d__Bacteria;p__Bacillota;c__Clostridia;o__Lachnospirales;f__Lachnospiraceae;g__Tyzzerella,d__Bacteria;p__Bacillota;c__Clostridia;o__Oscillospirales;f__Butyricicoccaceae;g__Agathobaculum,d__Bacteria;p__Bacillota;c__Clostridia;o__Lachnospirales;f__Lachnospiraceae;g__Lachnospiraceae_UCG-004,d__Bacteria;p__Bacillota;c__Clostridia;o__Lachnospirales;f__Lachnospiraceae;g__Mediterraneibacter,d__Bacteria;p__Bacillota;c__Clostridia;o__Lachnospirales;f__Lachnospiraceae;g__[Eubacterium]_ventriosum_group,d__Bacteria;p__Bacteroidota;c__Bacteroidia;o__Bacteroidales;f__Prevotellaceae;g__Prevotellaceae_NK3B31_group,d__Bacteria;p__Verrucomicrobiota;c__Verrucomicrobiia;o__Verrucomicrobiales;f__Akkermansiaceae;g__Akkermansia,d__Bacteria;p__Bacillota;c__Clostridia;o__Lachnospirales;f__Lachnospiraceae;g__Roseburia,d__Bacteria;p__Bacillota;c__Clostridia;o__Oscillospirales;f__Oscillospiraceae;g__Oscillibacter,d__Bacteria;p__Bacillota;c__Clostridia;o__Lachnospirales;f__Lachnospiraceae;g__Incertae_Sedis,d__Bacteria;p__Bacillota;c__Clostridia;o__Peptostreptococcales-Tissierellales;f__Peptostreptococcaceae;g__Paeniclostridium,d__Bacteria;p__Bacillota;c__Clostridia;o__Lachnospirales;f__Lachnospiraceae;g__Lachnospiraceae_UCG-010,d__Bacteria;p__Bacillota;c__Clostridia;o__Lachnospirales;f__Lachnospiraceae;g__Sellimonas,d__Bacteria;p__Bacillota;c__Clostridia;o__Peptostreptococcales-Tissierellales;f__Family_XI;g__Peptoniphilus,d__Bacteria;p__Bacillota;c__Clostridia;o__Oscillospirales;f__Ruminococcaceae;g__Negativibacillus,d__Bacteria;p__Bacillota;c__Bacilli;o__Lactobacillales;f__Lactobacillaceae;g__Limosilactobacillus,d__Bacteria;p__Bacillota;c__Clostridia;o__Lachnospirales;f__Lachnospiraceae;g__Hungatella,d__Bacteria;p__Bacillota;c__Clostridia;o__Oscillospirales;f__Oscillospiraceae;g__UCG-002,d__Bacteria;p__Bacillota;c__Clostridia;o__Lachnospirales;f__Lachnospiraceae;g__[Ruminococcus]_gauvreauii_group,d__Bacteria;p__Bacillota;c__Clostridia;o__Lachnospirales;f__Lachnospiraceae;g__Coprococcus,d__Bacteria;p__Bacteroidota;c__Bacteroidia;o__Bacteroidales;f__Rikenellaceae;g__Alistipes,d__Bacteria;p__Bacteroidota;c__Bacteroidia;o__Bacteroidales;f__Prevotellaceae;g__Incertae_Sedis,d__Bacteria;p__Bacteroidota;c__Bacteroidia;o__Bacteroidales;f__Barnesiellaceae;g__Barnesiella,d__Bacteria;p__Bacillota;c__Bacilli;o__Erysipelotrichales;f__Erysipelotrichaceae;g__Faecalicoccus,d__Bacteria;p__Bacillota;c__Negativicutes;o__Veillonellales-Selenomonadales;f__Selenomonadaceae;g__Megamonas,d__Bacteria;p__Bacillota;c__Clostridia;o__Lachnospirales;f__Lachnospiraceae;g__Faecalimonas,d__Bacteria;p__Bacillota;c__Bacilli;o__Erysipelotrichales;f__Erysipelotrichaceae;g__[Clostridium]_innocuum_group,d__Bacteria;p__Bacillota;c__Clostridia;o__Oscillospirales;f__Ruminococcaceae;g__Ruminococcus,d__Bacteria;p__Bacillota;c__Clostridia;o__Peptostreptococcales-Tissierellales;f__Peptostreptococcaceae;g__Intestinibacter,d__Bacteria;p__Bacillota;c__Bacilli;o__Lactobacillales;f__Lactobacillaceae;g__Lactobacillus,d__Bacteria;p__Bacillota;c__Clostridia;o__Lachnospirales;f__Lachnospiraceae;g__Lachnospiraceae_NK4A136_group,d__Bacteria;p__Bacillota;c__Clostridia;o__Oscillospirales;f__Ruminococcaceae;g__Acutalibacter,d__Bacteria;p__Actinomycetota;c__Coriobacteriia;o__Coriobacteriales;f__Eggerthellaceae;g__Eggerthella,d__Bacteria;p__Bacteroidota;c__Bacteroidia;o__Bacteroidales;f__Marinifilaceae;g__Odoribacter,d__Bacteria;p__Bacillota;c__Negativicutes;o__Veillonellales-Selenomonadales;f__Sporomusaceae;g__Anaerosinus,d__Bacteria;p__Bacillota;c__Bacilli;o__Erysipelotrichales;f__Erysipelotrichaceae;g__Holdemania,d__Bacteria;p__Bacillota;c__Clostridia;o__Lachnospirales;f__Lachnospiraceae;g__CAG-56,d__Bacteria;p__Bacillota;c__Bacilli;o__Lactobacillales;f__Carnobacteriaceae;g__Carnobacterium,d__Bacteria;p__Bacillota;c__Bacilli;o__Erysipelotrichales;f__Erysipelotrichaceae;g__Faecalitalea,d__Bacteria;p__Bacteroidota;c__Bacteroidia;o__Bacteroidales;f__Prevotellaceae;g__Paraprevotella,d__Bacteria;p__Bacillota;c__Clostridia;o__Oscillospirales;f__Ruminococcaceae;g__Phocea,d__Bacteria;p__Bacillota;c__Clostridia;o__Oscillospirales;f__Ruminococcaceae;__,d__Bacteria;p__Thermodesulfobacteriota;c__Desulfovibrionia;o__Desulfovibrionales;f__Desulfovibrionaceae;g__Bilophila,d__Bacteria;p__Bacillota;c__Clostridia;o__Lachnospirales;f__Lachnospiraceae;g__Eisenbergiella,d__Bacteria;p__Actinomycetota;c__Coriobacteriia;o__Coriobacteriales;f__Atopobiaceae;g__Tractidigestivibacter,d__Bacteria;p__Bacillota;c__Clostridia;o__Lachnospirales;f__Lachnospiraceae;g__Lachnospiraceae_ND3007_group,d__Bacteria;p__Pseudomonadota;c__Gammaproteobacteria;o__Enterobacterales;f__Succinivibrionaceae;g__Succinatimonas,d__Bacteria;p__Bacillota;c__Clostridia;o__Oscillospirales;f__Oscillospiraceae;g__Oscillospira,d__Bacteria;p__Bacillota;c__Bacilli;o__Erysipelotrichales;f__Erysipelotrichaceae;g__Amedibacillus,d__Bacteria;p__Bacillota;c__Bacilli;o__Erysipelotrichales;f__Erysipelatoclostridiaceae;g__Longibaculum,d__Bacteria;p__Pseudomonadota;c__Gammaproteobacteria;o__Burkholderiales;f__Oxalobacteraceae;__,d__Bacteria;p__Bacillota;c__Clostridia;o__Monoglobales;f__Monoglobaceae;g__Monoglobus,d__Bacteria;p__Pseudomonadota;c__Gammaproteobacteria;o__Burkholderiales;f__Sutterellaceae;g__Parasutterella,d__Bacteria;p__Bacillota;c__Clostridia;o__Oscillospirales;f__Ruminococcaceae;g__DTU089,d__Bacteria;p__Bacteroidota;c__Bacteroidia;o__Bacteroidales;f__Barnesiellaceae;g__Coprobacter,d__Bacteria;p__Bacillota;c__Clostridia;o__Oscillospirales;f__Oscillospiraceae;g__Incertae_Sedis,d__Bacteria;p__Bacillota;c__Bacilli;o__Lactobacillales;f__Lactobacillaceae;g__Ligilactobacillus,d__Bacteria;p__Bacillota;c__Clostridia;o__Oscillospirales;f__Oscillospiraceae;g__Intestinimonas,d__Bacteria;p__Bacillota;c__Clostridia;o__Lachnospirales;f__Lachnospiraceae;g__[Eubacterium]_eligens_group,d__Bacteria;p__Pseudomonadota;c__Gammaproteobacteria;o__Enterobacterales;f__Morganellaceae;g__Morganella,d__Bacteria;p__Bacillota;c__Clostridia;o__Oscillospirales;f__Ruminococcaceae;g__Ruthenibacterium,d__Bacteria;p__Bacillota;c__Clostridia;o__Lachnospirales;f__Lachnospiraceae;g__Extibacter,d__Bacteria;p__Bacillota;c__Bacilli;o__Erysipelotrichales;f__Erysipelotrichaceae;g__Turicibacter,d__Bacteria;p__Bacteroidota;c__Bacteroidia;o__Bacteroidales;f__Porphyromonadaceae;g__Porphyromonas,d__Bacteria;p__Thermodesulfobacteriota;c__Desulfovibrionia;o__Desulfovibrionales;f__Desulfovibrionaceae;g__Desulfovibrio,d__Bacteria;p__Bacillota;c__Bacilli;o__Erysipelotrichales;f__Erysipelatoclostridiaceae;g__Massiliomicrobiota,d__Bacteria;p__Bacillota;c__Clostridia;o__Oscillospirales;f__[Eubacterium]_coprostanoligenes_group;g__Incertae_Sedis,d__Bacteria;p__Bacillota;c__Clostridia;o__Oscillospirales;f__Ruminococcaceae;g__Fournierella,d__Bacteria;p__Bacillota;c__Clostridia;o__Oscillospirales;f__Ruminococcaceae;g__Angelakisella,d__Bacteria;p__Bacillota;c__Bacilli;o__Erysipelotrichales;f__Erysipelatoclostridiaceae;g__Asteroleplasma,d__Bacteria;p__Bacillota;c__Clostridia;o__Oscillospirales;f__Ruminococcaceae;g__Candidatus_Soleaferrea,d__Bacteria;p__Actinomycetota;c__Coriobacteriia;o__Coriobacteriales;f__Coriobacteriaceae;g__Enorma,d__Bacteria;p__Bacillota;c__Clostridia;o__Peptostreptococcales-Tissierellales;f__Peptostreptococcaceae;g__Romboutsia,d__Bacteria;p__Bacillota;c__Clostridia;o__Lachnospirales;f__Lachnospiraceae;g__Lachnospira,d__Bacteria;p__Bacillota;c__Clostridia;o__Lachnospirales;f__Lachnospiraceae;g__Lachnospiraceae_FCS020_group,d__Bacteria;p__Actinomycetota;c__Coriobacteriia;o__Coriobacteriales;f__Atopobiaceae;g__Olsenella,d__Bacteria;p__Bacillota;c__Clostridia;o__Lachnospirales;f__Lachnospiraceae;g__Butyribacter,d__Bacteria;p__Bacillota;c__Clostridia;o__Oscillospirales;f__Ethanoligenenaceae;g__Acetanaerobacterium,d__Bacteria;p__Bacillota;c__Clostridia;o__Lachnospirales;f__Lachnospiraceae;g__[Eubacterium]_ruminantium_group,d__Bacteria;p__Bacillota;c__Clostridia;o__Oscillospirales;f__Oscillospiraceae;g__NK4A214_group,d__Bacteria;p__Bacteroidota;c__Bacteroidia;o__Bacteroidales;f__Muribaculaceae;g__Incertae_Sedis,d__Bacteria;p__Pseudomonadota;c__Gammaproteobacteria;o__Burkholderiales;f__Oxalobacteraceae;g__Janthinobacterium,d__Bacteria;p__Bacillota;c__Clostridia;o__Lachnospirales;f__Lachnospiraceae;g__GCA-900066755,d__Bacteria;p__Bacillota;c__Clostridia;o__Peptostreptococcales-Tissierellales;f__Anaerovoracaceae;g__Incertae_Sedis,d__Bacteria;p__Bacillota;c__Clostridia;o__Peptostreptococcales-Tissierellales;f__Anaerovoracaceae;g__Family_XIII_AD3011_group,d__Bacteria;p__Bacillota;c__Clostridia;o__Peptostreptococcales-Tissierellales;f__Family_XI;g__Finegoldia,d__Bacteria;p__Bacillota;c__Bacilli;o__Lactobacillales;f__Lactobacillaceae;g__Lacticaseibacillus,d__Bacteria;p__Bacillota;c__Clostridia;o__Eubacteriales;f__Eubacteriaceae;g__Eubacterium,d__Bacteria;p__Pseudomonadota;c__Gammaproteobacteria;o__Enterobacterales;f__Yersiniaceae;g__Yersinia,d__Bacteria;p__Bacillota;c__Clostridia;o__Lachnospirales;f__Lachnospiraceae;g__UC5-1-2E3,d__Bacteria;p__Pseudomonadota;c__Gammaproteobacteria;o__Enterobacterales;f__Enterobacteriaceae;g__Raoultella,d__Bacteria;p__Bacillota;c__Clostridia;o__Peptostreptococcales-Tissierellales;f__Family_XI;g__Anaerococcus,d__Bacteria;p__Bacteroidota;c__Bacteroidia;o__Bacteroidales;f__Marinifilaceae;g__Butyricimonas,d__Bacteria;p__Actinomycetota;c__Coriobacteriia;o__Coriobacteriales;f__Eggerthellaceae;g__Adlercreutzia,d__Bacteria;p__Bacillota;c__Clostridia;o__Clostridia_vadinBB60_group;f__Incertae_Sedis;g__Incertae_Sedis,d__Bacteria;p__Bacillota;c__Clostridia;o__Eubacteriales;f__Anaerofustaceae;g__Anaerofustis,d__Bacteria;p__Bacillota;c__Clostridia;o__Oscillospirales;f__Ruminococcaceae;g__Harryflintia,d__Bacteria;p__Bacillota;c__Clostridia;o__Oscillospirales;f__Butyricicoccaceae;g__UCG-009,d__Bacteria;p__Bacillota;c__Bacilli;o__Erysipelotrichales;f__Erysipelotrichaceae;g__Dielma,d__Bacteria;p__Bacillota;c__Clostridia;o__Peptostreptococcales-Tissierellales;f__Peptostreptococcaceae;g__Peptoclostridium,d__Bacteria;p__Bacillota;c__Clostridia;o__Oscillospirales;f__Ruminococcaceae;g__Anaerotruncus,d__Bacteria;p__Actinomycetota;c__Coriobacteriia;o__Coriobacteriales;f__Coriobacteriales_Incertae_Sedis;g__Incertae_Sedis,d__Bacteria;p__Bacillota;c__Clostridia;o__Lachnospirales;f__Lachnospiraceae;g__Lactonifactor,d__Bacteria;p__Bacillota;c__Clostridia;o__Oscillospirales;f__Ruminococcaceae;g__Incertae_Sedis,d__Bacteria;p__Bacillota;c__Clostridia;o__Christensenellales;f__Christensenellaceae;g__Incertae_Sedis,d__Bacteria;p__Bacillota;c__Clostridia;o__Oscillospirales;f__Oscillospiraceae;__,d__Bacteria;p__Pseudomonadota;c__Alphaproteobacteria;o__Rhodospirillales;f__Incertae_Sedis;g__Incertae_Sedis,d__Bacteria;p__Bacillota;c__Clostridia;o__Lachnospirales;f__Lachnospiraceae;g__Faecalicatena,d__Bacteria;p__Bacillota;c__Clostridia;o__Oscillospirales;f__Oscillospiraceae;g__Pseudoflavonifractor,d__Bacteria;p__Pseudomonadota;c__Gammaproteobacteria;o__Burkholderiales;f__Sutterellaceae;g__Turicimonas,d__Bacteria;p__Bacillota;c__Bacilli;o__Erysipelotrichales;f__Erysipelotrichaceae;g__Merdibacter,d__Bacteria;p__Bacteroidota;c__Bacteroidia;o__Bacteroidales;f__Barnesiellaceae;g__Incertae_Sedis,d__Bacteria;p__Bacillota;c__Clostridia;o__Lachnospirales;f__Lachnospiraceae;g__Marvinbryantia,d__Bacteria;p__Bacillota;c__Bacilli;o__Lactobacillales;f__Lactobacillaceae;g__Pediococcus,d__Bacteria;p__Actinomycetota;c__Coriobacteriia;o__Coriobacteriales;f__Atopobiaceae;g__Atopobium,d__Bacteria;p__Bacillota;c__Clostridia;o__Peptococcales;f__Peptococcaceae;g__Peptococcus,d__Bacteria;p__Bacillota;c__Clostridia;o__Peptostreptococcales-Tissierellales;f__Family_XI;g__Ezakiella,d__Bacteria;p__Bacillota;c__Clostridia;o__Oscillospirales;f__Oscillospiraceae;g__UCG-005,d__Bacteria;p__Bacillota;c__Clostridia;o__Oscillospirales;f__Ruminococcaceae;g__Paludicola,d__Bacteria;p__Verrucomicrobiota;c__Lentisphaeria;o__Victivallales;f__Victivallaceae;g__Victivallis,d__Bacteria;p__Bacillota;c__Clostridia;o__Clostridia_UCG-014;f__Incertae_Sedis;g__Incertae_Sedis,d__Bacteria;p__Verrucomicrobiota;c__Lentisphaeria;o__Victivallales;f__Victivallaceae;g__Incertae_Sedis,d__Bacteria;p__Bacillota;c__Clostridia;o__Oscillospirales;f__Ruminococcaceae;g__[Eubacterium]_siraeum_group,d__Bacteria;p__Bacillota;c__Bacilli;o__Bacillales;f__Bacillaceae;g__Bacillus,d__Bacteria;p__Bacillota;c__Clostridia;o__Christensenellales;f__Christensenellaceae;g__Christensenellaceae_R-7_group,d__Bacteria;p__Thermodesulfobacteriota;c__Desulfovibrionia;o__Desulfovibrionales;f__Desulfovibrionaceae;g__Incertae_Sedis,d__Bacteria;p__Pseudomonadota;c__Gammaproteobacteria;o__Enterobacterales;f__Hafniaceae;g__Hafnia-Obesumbacterium,d__Bacteria;p__Bacillota;c__Clostridia;o__Lachnospirales;f__Lachnospiraceae;g__Muricomes,d__Bacteria;p__Bacillota;c__Clostridia;o__Peptostreptococcales-Tissierellales;f__Anaerovoracaceae;g__[Eubacterium]_brachy_group,d__Bacteria;p__Actinomycetota;c__Coriobacteriia;o__Coriobacteriales;f__Eggerthellaceae;g__CHKCI002,d__Bacteria;p__Pseudomonadota;c__Gammaproteobacteria;o__Enterobacterales;f__Pasteurellaceae;g__Haemophilus,d__Bacteria;p__Actinomycetota;c__Coriobacteriia;o__Coriobacteriales;f__Eggerthellaceae;g__Gordonibacter,d__Bacteria;p__Bacillota;c__Bacilli;o__Lactobacillales;f__Streptococcaceae;g__Lactococcus,d__Bacteria;p__Bacillota;c__Clostridia;o__Lachnospirales;f__Lachnospiraceae;g__Shuttleworthia,d__Bacteria;p__Pseudomonadota;c__Gammaproteobacteria;o__Enterobacterales;f__Enterobacteriaceae;__,d__Bacteria;p__Bacillota;c__Clostridia;o__Oscillospirales;f__Ruminococcaceae;g__Anaerofilum,d__Bacteria;p__Bacillota;c__Bacilli;o__Lactobacillales;f__Carnobacteriaceae;g__Granulicatella,d__Bacteria;p__Bacteroidota;c__Bacteroidia;o__Bacteroidales;f__Prevotellaceae;g__Hoylesella,d__Bacteria;p__Bacillota;c__Clostridia;o__Lachnospirales;f__Lachnospiraceae;g__GCA-900066575,d__Bacteria;p__Actinomycetota;c__Actinobacteria;o__Bifidobacteriales;f__Bifidobacteriaceae;g__Alloscardovia,d__Bacteria;p__Bacillota;c__Bacilli;o__Erysipelotrichales;f__Erysipelotrichaceae;g__Absiella,d__Bacteria;p__Bacillota;c__Bacilli;o__Staphylococcales;f__Gemellaceae;g__Gemella,d__Bacteria;p__Bacillota;c__Clostridia;o__Oscillospirales;f__Incertae_Sedis;g__Incertae_Sedis,d__Bacteria;p__Bacillota;c__Clostridia;o__Christensenellales;f__Christensenellaceae;g__Christensenella,d__Bacteria;p__Bacillota;c__Negativicutes;o__Veillonellales-Selenomonadales;f__Veillonellaceae;g__Anaeroglobus,d__Bacteria;p__Actinomycetota;c__Coriobacteriia;o__Coriobacteriales;f__Eggerthellaceae;g__Slackia,d__Bacteria;p__Actinomycetota;c__Coriobacteriia;o__Coriobacteriales;f__Coriobacteriales_Incertae_Sedis;g__Raoultibacter,d__Bacteria;p__Bacillota;c__Clostridia;o__Oscillospirales;f__Ruminococcaceae;g__[Clostridium]_methylpentosum_group,Unassigned;__;__;__;__;__,d__Bacteria;p__Bacillota;c__Clostridia;o__Peptostreptococcales-Tissierellales;f__Anaerovoracaceae;g__Family_XIII_UCG-001,d__Bacteria;p__Bacillota;c__Clostridia;o__Oscillospirales;f__Ruminococcaceae;g__Caproiciproducens,d__Bacteria;p__Bacillota;c__Clostridia;o__Peptostreptococcales-Tissierellales;f__Anaerovoracaceae;g__S5-A14a,d__Bacteria;__;__;__;__;__,d__Bacteria;p__Bacillota;c__Clostridia;o__Lachnospirales;f__Lachnospiraceae;g__Catenibacillus,d__Bacteria;p__Actinomycetota;c__Coriobacteriia;o__Coriobacteriales;f__Atopobiaceae;__,d__Bacteria;p__Bacillota;c__Bacilli;o__Erysipelotrichales;f__Erysipelatoclostridiaceae;g__Coprobacillus,d__Bacteria;p__Pseudomonadota;c__Gammaproteobacteria;o__Burkholderiales;f__Oxalobacteraceae;g__Oxalobacter,d__Bacteria;p__Pseudomonadota;c__Gammaproteobacteria;o__Enterobacterales;f__Enterobacteriaceae;g__Enterobacter,d__Bacteria;p__Bacillota;c__Clostridia;o__Lachnospirales;f__Lachnospiraceae;g__Moryella,d__Bacteria;p__Actinomycetota;c__Coriobacteriia;o__Coriobacteriales;f__Incertae_Sedis;g__Incertae_Sedis,d__Bacteria;p__Actinomycetota;c__Actinobacteria;o__Actinomycetales;f__Actinomycetaceae;g__Arcanobacterium,d__Bacteria;p__Actinomycetota;c__Coriobacteriia;o__Coriobacteriales;f__Atopobiaceae;g__Incertae_Sedis,d__Bacteria;p__Bacillota;c__Clostridia;o__Lachnospirales;f__Lachnospiraceae;g__CHKCI001,d__Bacteria;p__Bacillota;c__Clostridia;o__Lachnospirales;f__Lachnospiraceae;g__Frisingicoccus,d__Bacteria;p__Patescibacteria;c__Saccharimonadia;o__Saccharimonadales;f__Saccharimonadaceae;g__TM7x,d__Bacteria;p__Cyanobacteriota;c__Vampirivibrionia;o__Gastranaerophilales;f__Gastranaerophilaceae;__,d__Bacteria;p__Verrucomicrobiota;c__Lentisphaeria;o__Victivallales;f__vadinBE97;g__Incertae_Sedis,d__Bacteria;p__Bacteroidota;c__Bacteroidia;o__Bacteroidales;f__Prevotellaceae;g__Prevotella,d__Bacteria;p__Bacillota;c__Clostridia;o__Peptococcales;f__Peptococcaceae;g__Incertae_Sedis,d__Bacteria;p__Pseudomonadota;c__Gammaproteobacteria;o__Pseudomonadales;f__Moraxellaceae;g__Acinetobacter,d__Bacteria;p__Synergistota;c__Synergistia;o__Synergistales;f__Synergistaceae;g__Cloacibacillus,d__Bacteria;p__Bacteroidota;c__Bacteroidia;o__Bacteroidales;f__Rikenellaceae;g__Rikenellaceae_RC9_gut_group,d__Bacteria;p__Actinomycetota;c__Actinobacteria;o__Actinomycetales;f__Actinomycetaceae;g__Schaalia,d__Bacteria;p__Bacillota;c__Clostridia;o__Oscillospirales;f__UCG-010;g__Incertae_Sedis,d__Bacteria;p__Bacillota;c__Bacilli;o__Lactobacillales;f__Vagococcaceae;g__Vagococcus,d__Bacteria;p__Pseudomonadota;c__Gammaproteobacteria;o__Enterobacterales;f__Enterobacteriaceae;g__Citrobacter,d__Bacteria;p__Bacteroidota;c__Bacteroidia;o__Bacteroidales;f__Dysgonomonadaceae;g__Dysgonomonas,d__Bacteria;p__Bacillota;c__Clostridia;o__Peptostreptococcales-Tissierellales;f__Family_XI;g__Parvimonas,d__Bacteria;p__Actinomycetota;c__Actinobacteria;o__Actinomycetales;f__Actinomycetaceae;g__F0332,d__Bacteria;p__Bacillota;c__Clostridia;o__Lachnospirales;f__Lachnospiraceae;g__[Eubacterium]_xylanophilum_group,d__Bacteria;p__Bacillota;c__Bacilli;o__Erysipelotrichales;f__Erysipelotrichaceae;g__Solobacterium,d__Bacteria;p__Bacillota;c__Clostridia;o__Lachnospirales;f__Defluviitaleaceae;g__Defluviitaleaceae_UCG-011,d__Bacteria;p__Bacillota;c__Bacilli;o__Staphylococcales;f__Staphylococcaceae;g__Staphylococcus,d__Bacteria;p__Pseudomonadota;c__Gammaproteobacteria;o__Enterobacterales;f__Enterobacteriaceae;g__Klebsiella,d__Bacteria;p__Actinomycetota;c__Actinobacteria;o__Actinomycetales;f__Actinomycetaceae;g__Actinomyces,d__Bacteria;p__Bacillota;c__Bacilli;o__Lactobacillales;__;__,d__Bacteria;p__Bacillota;c__Clostridia;o__Oscillospirales;__;__,d__Bacteria;p__Bacteroidota;c__Bacteroidia;o__Bacteroidales;f__Marinifilaceae;g__Gabonibacter,d__Bacteria;p__Bacillota;c__Clostridia;o__Lachnospirales;f__Lachnospiraceae;g__Cuneatibacter,d__Bacteria;p__Bacillota;c__Clostridia;o__Peptostreptococcales-Tissierellales;f__Family_XI;g__Murdochiella,d__Bacteria;p__Pseudomonadota;c__Gammaproteobacteria;o__Pseudomonadales;f__Pseudomonadaceae;g__Pseudomonas,d__Bacteria;p__Bacillota;c__Clostridia;o__Oscillospirales;f__Oscillospiraceae;g__Papillibacter,d__Bacteria;p__Bacillota;c__Bacilli;o__Erysipelotrichales;f__Erysipelatoclostridiaceae;g__UCG-004,d__Bacteria;p__Pseudomonadota;c__Gammaproteobacteria;o__Burkholderiales;f__Sutterellaceae;__,d__Bacteria;p__Bacillota;c__Clostridia;o__Lachnospirales;f__Lachnospiraceae;g__Lachnospiraceae_NC2004_group,d__Bacteria;p__Bacillota;c__Clostridia;o__Oscillospirales;f__Oscillospiraceae;g__UCG-007,d__Bacteria;p__Bacillota;c__Clostridia;o__Oscillospirales;f__Ruminococcaceae;g__Hydrogenoanaerobacterium,d__Bacteria;p__Bacillota;c__Bacilli;o__Lactobacillales;f__Lactobacillaceae;g__Latilactobacillus,d__Bacteria;p__Bacillota;c__Clostridia;__;__;__,d__Bacteria;p__Bacillota;c__Clostridia;o__Lachnospirales;f__Lachnospiraceae;g__[Eubacterium]_oxidoreducens_group,d__Bacteria;p__Bacillota;__;__;__;__,d__Bacteria;p__Pseudomonadota;c__Gammaproteobacteria;o__Burkholderiales;f__Comamonadaceae;g__Delftia,d__Bacteria;p__Actinomycetota;c__Actinobacteria;o__Mycobacteriales;f__Corynebacteriaceae;g__Corynebacterium,d__Bacteria;p__Actinomycetota;c__Actinobacteria;o__Actinomycetales;f__Actinomycetaceae;g__Varibaculum,d__Bacteria;p__Patescibacteria;c__Saccharimonadia;o__Saccharimonadales;f__Incertae_Sedis;g__Incertae_Sedis,d__Bacteria;p__Bacillota;c__Bacilli;o__Erysipelotrichales;f__Erysipelotrichaceae;__,d__Bacteria;p__Actinomycetota;c__Actinobacteria;o__Propionibacteriales;f__Propionibacteriaceae;g__Arachnia,d__Bacteria;p__Bacillota;c__Bacilli;o__Lactobacillales;f__Lactobacillaceae;g__Weissella,d__Bacteria;p__Bacillota;c__Negativicutes;o__Veillonellales-Selenomonadales;f__Selenomonadaceae;g__Mitsuokella,d__Bacteria;p__Bacillota;c__Clostridia;o__Peptostreptococcales-Tissierellales;f__Family_XI;g__Fenollaria,d__Bacteria;p__Bacillota;c__Clostridia;o__Lachnospirales;f__Lachnospiraceae;g__Lachnospiraceae_UCG-008,d__Bacteria;p__Bacillota;c__Clostridia;o__Oscillospirales;f__Ruminococcaceae;g__Subdoligranulum,d__Bacteria;p__Bacillota;c__Negativicutes;o__Veillonellales-Selenomonadales;f__Veillonellaceae;g__Negativicoccus,d__Bacteria;p__Bacillota;c__Bacilli;o__Lactobacillales;f__Lactobacillaceae;g__Leuconostoc,d__Bacteria;p__Bacillota;c__Bacilli;o__Erysipelotrichales;f__Erysipelotrichaceae;g__Longicatena,d__Bacteria;p__Pseudomonadota;c__Gammaproteobacteria;o__Burkholderiales;f__Neisseriaceae;g__Neisseria,d__Bacteria;p__Pseudomonadota;c__Gammaproteobacteria;o__Enterobacterales;__;__,d__Bacteria;p__Bacillota;c__Negativicutes;o__Veillonellales-Selenomonadales;f__Veillonellaceae;g__Incertae_Sedis,d__Bacteria;p__Bacillota;c__Bacilli;o__Erysipelotrichales;f__Erysipelotrichaceae;g__Catenisphaera,d__Bacteria;p__Bacteroidota;c__Bacteroidia;o__Bacteroidales;f__Marinifilaceae;__,d__Bacteria;p__Actinomycetota;c__Actinobacteria;o__Micrococcales;f__Micrococcaceae;g__Pseudarthrobacter,d__Bacteria;p__Bacillota;c__Clostridia;o__Lachnospirales;f__Lachnospiraceae;g__Johnsonella,d__Bacteria;p__Pseudomonadota;c__Gammaproteobacteria;o__Burkholderiales;f__Alcaligenaceae;g__Bordetella,d__Bacteria;p__Bacillota;c__Negativicutes;o__Veillonellales-Selenomonadales;f__Veillonellaceae;g__Allisonella,d__Bacteria;p__Bacillota;c__Bacilli;__;__;__,d__Bacteria;p__Bacillota;c__Clostridia;o__Peptostreptococcales-Tissierellales;f__Peptostreptococcaceae;__,d__Bacteria;p__Bacillota;c__Clostridia;o__Lachnospirales;f__Lachnospiraceae;g__Anaerotignum,d__Bacteria;p__Bacillota;c__Negativicutes;o__Veillonellales-Selenomonadales;__;__,d__Bacteria;p__Bacteroidota;c__Bacteroidia;o__Bacteroidales;__;__,d__Bacteria;p__Bacillota;c__Bacilli;o__Lactobacillales;f__Enterococcaceae;__,d__Bacteria;p__Fusobacteriota;c__Fusobacteriia;o__Fusobacteriales;f__Leptotrichiaceae;g__Sneathia,d__Bacteria;p__Pseudomonadota;c__Gammaproteobacteria;o__Burkholderiales;__;__,d__Bacteria;p__Bacillota;c__Clostridia;o__Peptostreptococcales-Tissierellales;f__Anaerovoracaceae;__,d__Bacteria;p__Bacillota;c__Bacilli;o__Lactobacillales;f__Lactobacillaceae;__,d__Bacteria;p__Pseudomonadota;c__Gammaproteobacteria;o__Burkholderiales;f__Aquaspirillaceae;g__Microvirgula,Year,Month,Subject,Cluster,Description
QA-002,1935,0,397,1683,0,39819,3302,23,313,11366,32,1491,875,2015,642,244,8020,0,2051,340,4,0,0,295,3324,0,0,341,178,31,0,715,942,274,0,0,2747,1208,552,104,462,1411,0,4066,94,678,282,0,173,35,0,62,0,11,407,2702,0,2909,0,0,0,0,94,17,0,113,4,914,783,72,537,0,32,0,0,88,2688,29,20,390,41,0,0,0,161,0,0,0,649,0,33,0,257,0,100,0,0,31,0,76,0,0,23,629,0,0,0,33,0,19,0,60,0,0,0,0,0,0,0,9,10,51,0,0,0,0,0,0,0,441,108,0,0,5,0,0,0,58,0,0,228,6,0,0,23,0,0,0,0,11,0,0,0,0,41,23,0,0,0,0,0,33,0,0,0,0,0,0,21,0,87,0,0,6,0,9,0,0,3,0,20,0,0,28,5,0,36,0,0,0,0,0,0,0,3,20,0,0,0,0,0,0,0,0,0,0,0,0,0,0,0,0,0,0,12,0,0,0,4,0,0,0,0,0,0,0,0,0,0,0,0,4,0,0,7,0,0,0,0,0,0,0,0,0,0,0,0,0,0,0,0,0,0,0,0,0,2,0,0,0,0,0,0,0,0,0,0,0,0,0,0,0,2026,5,HS-01-FEC,HS-01-FEC,S-KUHIMM
QAJ-193,16658,0,948,295,0,24046,3266,32,152,663,3989,145,1021,4343,163,2544,2506,2,2173,1152,0,12,21,314,868,0,0,964,136,224,1673,951,21,260,0,2,201,0,466,1927,7,11,0,47,122,35,416,120,263,0,0,18,0,14,5,350,0,88,4,0,0,0,43,14,0,0,0,61,41,6,8,0,52,0,0,18,17,12,0,6,4,0,0,0,22,0,0,0,0,0,0,0,8,0,35,0,0,5,0,0,0,0,0,0,0,0,0,13,0,0,0,0,0,0,11,0,0,0,0,0,0,5,0,0,0,0,0,0,0,0,0,0,0,0,0,0,0,0,0,8,0,0,2,0,4,0,0,0,0,0,0,0,0,0,0,0,0,0,0,0,0,0,0,0,0,0,0,0,0,0,0,0,0,0,0,0,0,0,0,0,2,0,0,0,0,0,0,0,0,0,0,0,0,0,0,6,0,0,0,0,0,0,0,0,0,0,0,0,0,0,0,0,0,0,0,0,0,0,0,0,0,0,0,0,0,0,0,0,0,0,0,0,0,0,0,0,0,0,0,0,0,0,0,0,0,0,0,0,0,0,0,0,0,0,0,0,0,0,0,0,0,0,0,0,0,0,0,0,0,0,0,0,2026,5,QAJ-193,HS-01-200-CUL-24h,S-KUHIMM
QAJ-209,17276,0,414,565,0,23575,3652,867,304,1536,4810,247,1567,3265,275,2491,2505,0,2301,609,0,0,156,489,834,0,0,1604,54,154,0,1020,46,446,0,0,104,0,606,1242,17,13,0,51,43,205,524,626,210,66,0,98,0,16,74,368,0,259,0,0,0,0,57,12,3,0,0,172,51,25,36,0,60,0,0,44,73,4,3,29,5,0,0,0,34,0,0,0,2,0,0,0,12,0,38,0,0,0,0,2,0,0,0,0,0,0,0,19,0,0,0,8,0,0,18,0,0,0,0,0,0,8,0,0,0,0,0,0,0,8,4,0,0,0,0,0,0,17,0,0,0,7,0,0,0,0,0,0,0,0,0,0,0,0,0,0,0,0,0,0,0,10,0,0,0,0,0,0,0,0,5,0,0,0,0,3,0,0,0,0,0,0,0,0,0,0,4,0,0,0,0,0,0,0,0,0,0,0,0,0,0,0,0,0,0,0,0,0,0,0,0,0,0,0,0,0,0,0,0,0,0,0,0,0,0,0,0,0,0,0,0,0,0,0,0,0,0,0,0,0,0,0,0,0,0,0,0,0,0,0,0,0,0,0,0,0,0,0,0,0,0,0,0,0,0,0,0,0,0,0,0,0,2026,5,QAJ-209,HS-01-500-CUL-24h,S-KUHIMM
QAJ-215,13459,0,121,2109,0,22970,2142,3,344,3555,2443,1894,830,3317,123,2290,1809,0,1765,807,7,0,4,154,2048,0,0,1027,106,136,0,909,145,621,0,0,3250,8,480,995,111,55,0,273,154,158,202,0,169,48,0,44,2,0,88,462,0,105,0,0,0,0,19,19,0,189,0,241,73,11,27,0,0,0,0,12,114,0,0,7,0,0,0,0,33,0,0,0,0,0,0,0,15,0,0,0,0,17,0,0,0,0,0,6,0,0,0,17,0,0,0,15,0,0,0,0,0,0,0,0,0,0,0,0,0,0,0,0,0,7,0,0,0,0,0,0,0,0,0,0,20,0,0,0,6,0,0,0,0,8,0,0,0,0,0,0,0,0,0,0,0,2,0,0,0,0,0,0,0,0,0,0,0,0,0,6,0,0,0,0,0,0,0,0,0,0,0,0,0,0,0,0,0,0,5,10,0,0,0,0,0,0,0,0,0,0,0,0,0,0,0,0,0,0,0,0,0,0,0,0,0,0,0,0,0,0,0,0,0,0,0,0,0,0,0,0,2,0,0,0,0,0,0,0,0,0,0,0,0,0,0,0,0,0,0,0,0,0,0,0,0,0,0,0,0,0,0,0,0,0,0,0,2026,5,QAJ-215,HS-01-500-MUC-24h,S-KUHIMM
QAJ-225,22718,0,1535,589,0,32064,3434,529,426,1145,7832,201,1719,5313,842,1051,4704,5,3570,881,0,0,1722,777,1898,0,0,1956,90,258,1531,721,43,425,0,0,107,0,300,726,28,21,0,82,36,240,2231,0,3868,30,10,86,0,17,34,384,0,133,0,0,0,0,33,26,0,27,0,141,64,12,13,0,117,0,0,45,7,76,0,21,0,0,0,0,38,0,0,0,0,0,0,0,17,0,72,0,0,36,0,0,0,0,0,15,0,0,0,20,0,0,0,12,0,0,18,0,0,0,0,127,0,50,0,0,0,0,0,0,0,0,0,0,0,14,0,0,0,18,0,11,5,0,0,0,0,0,0,0,0,0,0,0,0,0,0,0,0,0,0,0,0,5,0,0,0,0,0,0,0,0,5,0,0,0,0,0,0,0,0,0,0,0,0,0,0,3,0,0,0,0,0,0,0,0,0,0,0,0,0,0,0,0,0,0,0,0,0,0,0,0,0,0,0,0,0,0,0,0,0,0,0,0,0,0,0,0,0,0,0,0,0,0,0,0,0,0,0,0,0,0,0,0,0,0,0,0,0,0,0,0,0,0,0,0,0,0,0,0,0,0,0,0,0,0,0,0,0,0,0,0,0,0,2026,5,HS-01-200-CUL-48h,HS-01-200-Jar-CUL-48h-1,S-KUHIMM
QAJ-241,31139,0,768,1344,0,48676,6242,540,674,3194,12182,341,3853,5128,895,3267,4762,0,6642,1362,0,0,4041,1513,4390,0,0,3606,61,548,0,1521,78,1132,0,0,183,0,386,2530,89,51,0,32,48,596,3128,5,2064,200,28,353,0,21,358,900,0,526,0,0,0,0,24,19,0,43,0,318,124,58,99,0,180,0,0,97,8,55,2,63,22,0,0,0,49,0,0,0,4,0,0,0,76,0,131,0,0,13,0,0,0,0,0,59,0,0,0,50,0,0,0,23,0,0,46,0,0,0,0,218,0,114,0,0,0,0,0,0,0,8,5,0,0,73,0,0,0,76,0,9,103,0,0,0,6,0,0,0,0,21,0,0,0,0,0,11,0,0,0,0,0,26,0,0,0,0,0,0,0,0,0,0,0,7,0,0,0,0,0,0,4,0,0,0,0,0,4,6,0,0,0,0,0,0,0,0,0,0,0,0,0,0,0,0,0,0,0,0,0,0,0,0,0,0,0,0,0,0,0,0,0,0,0,0,0,0,0,0,0,0,0,0,0,0,0,0,0,0,0,0,0,0,0,0,0,0,0,0,0,0,0,0,0,0,0,0,0,2,0,0,0,0,0,0,0,0,0,0,0,0,0,0,2026,5,HS-01-500-CUL-48h,HS-01-500-Jar-CUL-48h-1,S-KUHIMM
QAJ-247,15880,0,136,2892,0,24469,3774,256,78,3637,4794,3672,1649,2693,587,2694,3084,3,1982,1817,0,0,1300,206,4386,0,0,3072,372,155,0,1066,149,1376,0,0,1924,6,456,2057,269,54,0,130,141,250,388,0,153,149,96,208,0,20,711,619,0,169,0,0,0,0,143,16,0,413,0,358,115,12,94,0,22,0,0,33,7,37,7,16,13,0,0,0,57,0,0,0,0,0,0,0,39,0,56,0,0,7,0,0,0,0,5,31,4,0,0,35,0,0,0,27,0,0,9,0,0,0,0,7,0,53,0,0,0,0,0,0,0,29,0,0,0,12,0,0,0,21,0,9,37,0,0,0,8,0,0,0,0,14,0,0,0,0,0,0,0,0,0,0,0,21,0,0,0,0,0,0,0,0,0,0,0,10,0,8,0,0,0,0,0,0,0,0,0,0,0,6,0,0,0,0,0,0,0,0,0,0,0,0,0,0,0,0,0,0,5,0,0,0,0,0,0,0,0,0,0,0,0,0,0,0,0,0,0,0,0,0,0,0,0,0,0,0,0,0,0,0,0,0,0,0,0,0,0,0,0,0,0,0,0,0,0,0,0,0,0,0,0,0,0,0,0,0,0,0,0,0,0,0,0,0,2026,5,HS-01-500-MUC-48h,HS-01-500-Jar-0.8gMUC-48h-1,S-KUHIMM
QAJ-257,12789,0,1318,563,0,23890,2312,503,346,401,7854,127,1879,3571,177,467,3817,0,2998,253,0,0,635,749,1984,0,0,1159,53,199,1535,369,16,295,0,0,23,0,116,0,39,9,0,42,0,252,562,0,2139,28,12,42,0,10,68,16,0,65,0,0,0,0,22,15,0,0,0,16,42,10,20,0,68,0,0,42,0,42,0,21,11,0,0,0,32,0,0,0,0,0,0,0,10,0,61,0,0,27,0,0,0,0,0,19,0,0,0,17,0,0,0,0,0,0,14,0,0,0,0,67,0,50,0,0,0,0,0,0,0,0,0,0,0,5,0,0,0,11,0,10,0,0,0,0,0,0,0,0,0,9,0,0,0,0,0,0,0,0,0,0,0,4,0,0,0,0,0,0,0,0,4,0,0,0,0,0,0,0,0,0,2,0,0,0,0,0,0,0,0,0,0,0,0,0,0,0,0,0,0,0,0,0,0,0,0,0,0,0,0,0,0,0,0,0,0,0,0,0,0,0,0,0,0,0,0,0,0,0,0,0,0,0,0,0,0,0,0,0,0,0,0,0,0,0,0,0,0,0,0,0,0,0,0,0,0,0,0,0,0,0,0,0,0,0,0,0,0,0,0,0,0,0,2026,5,HS-01-200-CUL-72h,HS-01-200-Jar-CUL-72h-1,S-KUHIMM
QAJ-273,9815,0,456,1011,0,29145,3047,303,303,873,8792,206,6006,3221,511,1550,922,0,4811,164,3,0,1935,1036,3505,0,0,1910,25,381,0,638,20,687,0,0,136,0,103,177,51,52,0,13,0,413,985,0,1117,165,78,45,0,28,444,32,0,285,0,0,0,0,8,7,0,44,0,22,53,19,55,0,114,0,0,44,6,43,9,67,13,0,0,0,40,0,0,0,6,0,0,0,59,0,93,0,0,4,0,3,0,0,2,41,0,0,0,35,0,0,0,0,0,0,24,0,0,0,0,24,0,60,0,0,0,0,0,0,0,2,0,0,0,22,0,0,0,40,0,6,121,6,0,0,0,0,0,0,0,37,0,0,0,0,0,0,0,0,0,0,0,5,0,0,0,0,0,0,0,0,6,0,0,0,0,6,0,0,0,0,0,0,0,0,0,0,0,4,0,0,0,0,0,0,5,0,0,0,0,0,0,0,0,0,0,0,0,0,0,0,0,0,0,0,0,0,0,0,0,0,0,0,0,0,0,0,0,0,0,0,0,2,0,0,0,0,0,0,0,0,0,0,0,0,0,0,0,0,0,0,0,0,0,0,0,0,0,0,0,0,0,0,0,0,0,0,0,0,0,0,0,0,2026,5,HS-01-500-CUL-72h,HS-01-500-Jar-CUL-72h-1,S-KUHIMM
QAJ-279,13072,0,186,3032,0,29103,2949,133,43,4293,5135,2118,6193,2932,663,2544,7023,0,2661,1142,0,0,2921,263,8616,0,0,3364,272,219,0,654,92,1398,0,0,164,4,547,1369,332,46,0,28,0,279,222,0,381,217,274,210,0,16,382,31,0,204,0,0,0,0,175,29,0,372,0,115,164,9,69,0,18,0,0,24,2,4,18,10,17,0,0,0,66,0,0,0,0,0,0,0,27,0,36,0,0,9,0,0,0,0,4,58,0,0,0,43,0,0,0,48,0,0,12,0,0,0,0,94,4,138,0,0,0,0,0,0,0,23,0,0,0,31,0,0,0,11,0,0,69,0,0,0,10,0,0,0,0,14,0,0,0,0,0,0,0,0,0,0,0,25,0,0,0,0,0,0,0,0,0,0,0,0,2,0,0,0,0,0,4,0,0,0,2,0,0,4,0,2,0,0,0,0,0,0,0,0,0,0,0,0,0,0,0,0,0,0,0,0,0,0,0,0,0,0,0,0,0,0,0,0,0,0,0,0,0,5,0,0,0,2,0,0,0,0,0,0,0,0,0,0,0,0,0,0,0,0,0,0,0,0,0,0,0,0,0,0,0,0,0,0,0,0,0,0,0,0,0,0,0,0,2026,5,HS-01-500-MUC-72h,HS-01-500-Jar-0.8gMUC-72h-1,S-KUHIMM
QB-001,27,0,4635,306,0,34571,12401,565,1087,180,0,0,0,9,0,719,2572,2583,1849,2674,2030,0,3,1174,0,0,0,0,1975,769,0,1332,0,56,0,0,720,3108,284,0,211,0,0,13690,295,376,162,25,12,278,0,397,0,542,0,0,0,18,35,0,0,0,209,568,65,273,0,11,812,193,0,0,0,0,0,3042,0,24,27,0,1062,0,0,0,109,0,0,0,185,0,11,0,441,0,0,0,16,251,64,143,0,0,0,474,21,80,0,34,0,517,0,0,0,0,0,0,22,4,0,0,0,48,3,0,0,0,719,0,0,0,0,0,53,27,35,0,172,133,0,0,297,304,23,0,74,32,0,41,0,0,0,0,72,0,89,24,0,31,0,0,0,29,0,0,58,79,0,43,25,0,13,0,0,55,0,0,0,0,97,0,0,0,10,0,0,0,8,17,0,2,20,0,2,0,0,0,0,0,21,0,0,0,0,0,0,0,0,0,0,15,0,0,0,0,0,16,0,7,0,0,0,12,0,0,0,0,0,0,0,0,0,0,0,0,0,0,3,0,0,6,0,0,5,5,0,0,0,0,0,0,0,3,3,0,0,0,0,0,2,2,0,0,0,0,0,0,0,0,0,0,0,0,2026,5,HS-02-FEC,HS-02-FEC,S-KUHIMM
QBJ-033,1126,85,0,195,0,15169,13277,37056,247,42,29,0,0,0,0,2687,126,16889,7449,489,3214,0,0,773,0,0,0,0,372,439,30,1435,0,5,0,0,0,318,631,0,3,0,0,129,9,65,104,4492,0,163,9,21,0,585,0,0,0,0,0,0,0,0,8,78,0,0,0,0,11,35,0,0,0,0,0,33,0,6,0,0,13,0,0,0,5,0,0,0,0,0,0,0,0,0,0,0,164,4,0,0,0,0,0,0,0,0,0,0,0,0,0,0,0,0,0,0,0,0,0,0,0,0,0,0,0,0,0,0,0,0,0,0,16,0,0,0,0,0,0,0,0,0,0,0,0,0,0,0,0,0,0,0,0,0,0,0,0,0,0,0,0,0,0,0,0,0,0,0,0,0,0,0,0,0,0,0,0,0,0,0,0,0,0,0,0,0,0,0,0,0,0,0,0,0,0,0,0,0,0,0,0,0,0,0,0,0,0,0,0,0,0,0,0,0,0,0,0,0,0,0,0,0,0,0,0,0,0,0,0,0,0,3,0,0,0,0,0,0,0,0,0,0,0,0,0,0,0,0,0,0,0,0,0,0,0,0,0,0,0,0,0,0,0,0,0,0,0,0,0,0,0,0,2026,5,QBJ-033,HS-02-200-CUL-24h,S-KUHIMM
QBJ-049,489,217,2,167,2,11805,8199,22028,143,47,3,0,0,0,0,1892,51,9930,4789,368,2228,0,0,699,0,0,0,0,235,247,0,779,0,6,0,0,0,161,451,0,0,0,0,215,7,72,91,2478,0,149,4,34,0,336,0,0,0,0,0,0,0,0,9,41,0,0,0,0,7,14,0,0,0,0,0,18,0,16,0,0,18,0,0,0,7,0,0,0,0,0,0,0,0,0,0,0,74,0,0,0,0,0,0,0,0,0,0,15,0,0,0,0,0,0,0,0,0,0,0,0,0,0,0,0,0,0,0,0,0,0,0,0,13,0,0,0,0,0,0,0,0,6,0,0,0,0,0,0,0,0,0,0,0,0,0,0,0,0,0,0,0,0,0,0,0,0,0,0,0,0,0,0,0,0,0,0,0,0,0,0,0,0,0,0,0,0,0,0,0,2,0,0,0,0,0,0,0,0,0,0,0,0,0,0,0,0,0,0,0,0,0,0,0,0,0,0,0,0,0,0,0,0,0,0,0,0,0,0,0,0,0,0,0,0,0,0,0,0,0,0,0,0,0,0,0,0,0,0,0,0,0,0,0,0,0,0,0,0,0,0,0,0,0,0,0,0,0,0,0,0,0,0,2026,5,QBJ-049,HS-02-500-CUL-24h,S-KUHIMM
QBJ-055,187,173,6,178,0,11356,6567,15857,253,137,0,0,0,0,0,1099,266,5516,4135,1607,990,0,0,1079,0,0,0,0,1252,300,0,705,0,10,0,0,16,1640,450,0,55,0,0,527,0,62,77,197,0,174,4,300,5,172,0,0,0,0,0,0,0,11,46,127,2,69,0,0,24,14,0,0,0,0,0,19,0,6,20,0,202,0,0,0,115,0,0,0,0,0,0,0,0,0,0,0,0,5,0,2,0,0,0,0,0,21,0,11,0,0,0,0,0,0,0,0,0,0,3,0,0,0,0,0,0,0,0,0,0,0,0,0,15,0,0,0,0,8,0,0,0,3,0,0,14,30,0,10,0,0,0,0,0,0,0,0,0,0,0,0,0,0,0,0,0,0,0,0,0,2,0,0,0,0,0,0,0,0,0,0,0,0,0,0,0,0,0,0,0,0,0,0,0,0,0,0,0,0,0,0,0,0,0,0,0,0,3,0,0,0,0,0,0,0,0,0,0,0,0,0,0,0,0,0,0,0,0,0,0,0,0,0,0,0,0,0,0,0,0,0,0,0,0,0,0,0,0,0,0,0,0,0,0,0,0,0,0,0,0,0,2,0,0,0,0,0,0,0,0,0,0,0,2026,5,QBJ-055,HS-02-500-MUC-24h,S-KUHIMM
QBJ-065,1490,403,10,343,0,19520,15774,6991,586,74,138,0,0,0,0,6242,142,16692,10272,1552,4652,0,2494,1482,0,0,0,0,325,1171,47,2744,0,22,0,5,0,616,530,2,6,0,0,16,0,187,455,151,0,307,218,283,0,828,0,0,0,6,6,0,0,0,13,210,0,0,0,0,21,104,0,0,0,0,0,118,0,37,305,0,53,0,0,0,34,0,0,0,0,0,0,0,0,0,0,0,235,8,14,0,0,0,0,0,5,36,0,25,0,0,0,0,0,0,0,0,0,0,0,0,0,0,0,0,0,0,0,0,0,0,0,0,82,20,0,0,42,11,0,0,16,5,0,0,0,0,0,13,0,0,0,0,9,0,13,0,0,0,0,0,0,0,0,0,21,10,0,0,5,4,0,0,0,0,9,0,0,0,0,0,0,0,10,0,0,0,0,3,0,0,4,0,0,0,0,0,0,0,9,0,0,0,0,0,0,8,0,0,0,0,0,0,0,0,0,0,0,0,0,0,0,0,2,0,0,0,0,0,0,0,0,0,0,0,0,0,0,0,0,0,0,0,0,0,0,0,0,0,0,0,0,0,0,0,0,0,0,0,0,0,0,0,0,0,0,0,0,0,0,0,0,0,2026,5,HS-02-200-CUL-48h,HS-02-200-Jar-CUL-48h-1,S-KUHIMM
QBJ-081,1005,949,7,512,0,21316,14703,9522,771,55,128,0,0,0,0,6539,155,12696,10012,1611,5120,0,427,1649,0,0,0,0,246,1000,0,2403,0,134,0,6,4,435,445,3,0,0,0,27,4,313,658,139,0,724,37,255,0,774,0,0,0,7,18,0,0,0,12,175,0,34,0,0,24,55,0,0,0,0,0,82,0,123,147,0,60,0,0,0,16,0,0,0,0,0,0,0,0,0,0,0,165,0,26,0,0,0,0,3,3,41,0,29,0,0,0,0,0,0,0,0,9,2,0,0,0,0,3,0,0,0,0,0,0,0,0,0,68,8,0,0,33,25,0,0,12,12,0,0,0,0,0,11,0,0,0,0,12,0,22,0,0,0,0,0,0,5,0,0,18,6,0,0,7,7,0,0,0,0,0,0,0,0,0,0,0,0,0,0,0,0,6,0,0,5,6,0,9,0,0,0,0,0,6,0,0,0,0,0,0,0,0,0,0,0,0,0,0,0,0,0,0,0,0,0,0,0,0,0,0,0,0,0,0,0,0,0,0,0,0,0,0,0,0,0,0,0,0,0,0,0,0,0,0,0,0,0,0,0,0,0,0,0,0,0,0,0,0,0,0,0,0,0,0,0,0,0,2026,5,HS-02-500-CUL-48h,HS-02-500-Jar-CUL-48h-1,S-KUHIMM
QBJ-087,355,1246,26,394,0,19145,11542,15618,1600,192,14,0,0,6,0,2853,273,7796,7432,2863,2199,0,57,1615,0,0,0,0,4324,551,0,1373,0,157,0,25,125,3314,666,0,98,0,0,134,4,229,290,0,0,694,123,1398,0,295,0,0,0,9,15,0,0,0,61,247,0,535,0,0,37,53,0,0,0,0,0,60,0,74,224,0,399,0,0,0,291,0,0,0,0,0,0,0,3,0,0,0,8,13,7,0,0,0,0,16,0,141,0,31,0,0,0,0,0,0,0,0,0,0,0,0,0,0,0,0,0,0,16,0,0,0,0,0,35,41,8,0,49,9,0,0,19,26,4,0,29,52,0,36,0,0,0,0,13,0,7,5,0,5,0,0,0,2,0,0,14,2,0,0,0,0,0,0,0,0,0,0,0,0,0,0,0,0,0,0,0,0,0,4,0,3,12,0,0,0,0,0,0,0,6,0,0,0,0,0,0,0,0,0,0,0,0,0,0,0,0,0,0,0,0,0,0,0,0,0,0,0,0,0,0,0,0,0,0,0,0,0,0,0,0,0,0,0,0,0,0,0,0,0,0,0,0,0,0,0,0,0,0,0,0,0,0,0,0,0,0,0,0,0,0,0,0,0,2026,5,HS-02-500-MUC-48h,HS-02-500-Jar-08MUC-48h-1,S-KUHIMM
QBJ-097,2626,1222,13,715,0,23884,9923,2351,1812,30,228,0,0,4,0,6687,46,15483,7260,1596,7594,0,571,2113,0,0,0,0,127,3153,74,3696,0,248,0,19,4,187,118,0,16,0,0,16,0,153,291,108,0,248,581,518,0,1257,0,0,0,7,24,0,0,0,32,289,4,0,0,0,51,187,2,0,0,0,0,164,0,27,501,0,60,0,0,0,52,0,0,0,0,0,0,0,0,0,0,0,403,33,19,0,0,0,0,0,5,65,0,52,0,0,0,0,0,0,0,0,2,0,0,0,0,12,13,0,0,0,0,0,0,0,0,0,85,52,6,0,60,20,0,0,2,17,0,0,14,9,0,11,0,0,0,0,15,0,19,0,0,0,0,0,0,6,0,0,17,10,0,0,9,6,0,0,0,0,68,0,0,0,0,0,0,0,8,0,0,0,0,0,0,0,0,0,0,0,0,0,0,0,8,0,0,0,0,0,0,12,0,0,0,0,0,0,0,0,0,0,0,0,0,0,0,0,0,0,0,0,0,0,0,0,0,0,0,0,0,0,0,0,0,0,0,0,0,0,0,0,0,0,0,0,0,0,0,0,0,0,0,0,0,0,0,0,0,0,0,0,0,0,0,0,0,0,2026,5,HS-02-200-CUL-72h,HS-02-200-Jar-CUL-72h-1,S-KUHIMM
QBJ-113,1692,2258,19,1034,0,25918,10772,2552,1139,19,197,0,0,0,0,8570,26,11886,9064,1778,8610,0,946,1672,0,0,0,0,94,2396,0,2806,0,439,0,60,11,91,157,0,6,0,0,64,0,290,382,61,16,809,70,360,0,1096,0,0,0,0,26,0,0,0,23,248,3,171,0,0,22,105,0,0,0,0,0,77,0,182,280,0,57,0,0,0,17,0,0,0,0,0,0,0,0,0,0,0,256,13,25,6,0,0,0,19,11,39,0,44,0,0,0,0,0,0,0,0,7,0,0,0,0,0,27,0,0,0,0,0,0,0,0,0,96,6,0,0,67,32,0,0,3,49,0,0,13,12,0,13,0,0,0,0,20,0,22,4,0,0,0,0,0,0,0,0,16,21,0,0,20,28,0,0,0,0,7,0,0,0,0,0,0,0,5,0,0,0,3,0,0,0,8,0,9,0,0,0,0,0,0,0,0,0,0,0,3,0,0,0,0,0,0,0,0,0,0,0,0,0,0,0,0,0,0,0,0,0,0,0,0,0,0,0,0,0,0,0,0,0,0,0,0,0,0,0,0,0,0,0,0,0,0,0,0,0,0,0,0,0,0,0,0,0,0,0,0,0,0,0,0,0,0,0,2026,5,HS-02-500-CUL-72h,HS-02-500-Jar-CUL-72h-1,S-KUHIMM
QBJ-119,500,2285,32,791,0,20206,11122,5000,2372,221,58,0,0,0,0,3934,218,3478,10699,4053,3820,0,3232,2153,0,0,0,0,3369,1482,0,1519,0,271,0,256,164,4640,519,0,141,0,0,67,0,250,789,0,0,670,207,2171,0,489,0,0,0,0,13,0,0,0,23,262,3,452,0,0,69,113,0,0,0,0,0,167,0,129,400,0,618,0,0,0,427,0,0,0,5,0,0,0,0,0,0,0,17,31,0,0,0,0,0,54,9,224,0,42,0,0,0,0,0,0,0,0,0,3,0,0,0,5,0,0,0,0,15,0,3,0,0,0,59,55,2,0,33,13,0,0,50,30,5,0,41,43,0,35,0,0,0,0,11,0,10,0,0,8,0,0,0,2,0,0,16,4,0,0,3,0,0,0,0,0,28,0,0,0,0,0,0,0,7,0,6,0,0,11,0,0,10,0,7,0,0,0,0,0,5,0,0,0,0,0,0,0,2,0,0,0,0,0,0,0,0,0,0,0,0,0,0,0,0,0,0,0,0,0,0,0,0,2,0,0,0,0,0,0,0,0,0,0,0,0,0,0,0,0,0,0,0,0,0,0,0,0,0,0,0,0,0,0,0,0,0,0,0,0,0,0,0,0,2026,5,HS-02-500-MUC-72h,HS-02-500-Jar-08MUC-72h-1,S-KUHIMM
QC-001,435,465,101,2722,4586,2425,1295,97,892,4379,173,503,128,8,1447,146,1072,0,887,530,36,35999,3,33,164,789,282,215,0,19,25,77,523,67,160,4512,650,30,233,21,133,265,0,0,2545,52,0,0,10,0,0,20,0,0,854,370,1258,293,3232,306,0,0,50,5,398,101,0,87,329,0,89,0,0,12,0,0,0,8,55,93,0,438,30,0,9,0,0,0,136,0,8,39,100,11,0,202,0,10,0,42,0,14,0,829,0,0,1181,3,0,468,717,12,12,0,0,1007,4,0,0,0,0,28,0,0,0,0,0,187,0,168,43,0,0,0,49,0,0,0,264,0,89,13,0,0,0,0,0,0,0,22,0,0,36,0,134,28,3,0,0,0,0,132,0,0,0,3,8,125,0,0,0,24,9,0,0,12,0,0,2,0,0,0,37,2,0,0,28,0,0,0,0,5,0,0,0,11,0,0,0,0,0,2,0,0,0,12,0,0,0,0,0,0,0,0,0,0,0,0,0,0,0,0,0,0,0,0,0,0,0,0,0,0,0,0,0,0,0,0,0,0,0,0,0,0,0,0,0,0,0,0,0,0,0,0,0,0,0,0,0,0,0,0,0,0,0,0,0,0,0,0,0,0,2026,5,HS-03-FEC,HS-03-FEC,S-KUHIMM
QCJ-033,2089,1820,0,1543,13029,2907,1103,521,270,936,3234,972,333,5,3182,1332,765,0,1859,2427,0,17148,0,73,189,2399,296,249,0,10,0,377,107,642,299,1164,100,0,325,405,1176,7,0,0,174,12,0,0,506,0,0,5,0,20,607,73,415,28,115,27,0,0,25,0,62,0,0,0,25,0,11,0,11,11,0,0,0,30,0,12,0,28,0,0,0,0,0,0,3,0,0,5,0,80,0,0,0,0,0,0,0,0,0,38,0,0,5,4,0,0,4,0,0,0,3,20,0,0,0,0,0,4,0,0,0,0,0,55,0,0,0,0,0,0,14,0,0,0,0,16,5,13,0,0,0,0,0,0,0,15,0,0,0,0,2,0,0,0,0,0,0,3,0,0,0,0,0,0,0,0,0,0,0,0,0,11,0,0,0,0,0,0,0,0,0,0,0,0,0,0,0,0,0,0,0,0,0,0,0,0,0,0,0,0,0,5,0,0,0,0,0,0,0,0,0,0,0,0,0,0,0,0,0,0,0,0,0,0,0,0,0,0,0,0,0,0,0,0,0,0,0,0,0,0,0,0,0,0,0,0,0,0,0,0,0,0,0,0,0,0,0,0,0,0,0,0,0,0,0,0,0,0,2026,5,QCJ-033,HS-03-200-CUL-24h,S-KUHIMM
QCJ-049,1479,2881,7,3281,17341,3864,1578,212,220,1458,2106,925,349,0,2770,1847,801,0,3056,2412,0,19466,0,97,273,3079,322,341,0,9,0,378,252,767,205,1549,85,0,353,345,904,21,0,0,128,8,0,0,50,0,0,23,0,4,559,80,545,60,173,32,0,0,50,0,54,0,0,0,47,0,8,0,17,0,0,0,0,37,2,24,0,37,0,0,0,0,0,0,4,0,0,11,7,59,3,0,0,7,0,0,0,0,0,69,0,0,22,8,0,5,7,0,0,0,0,0,0,0,0,0,0,0,0,0,0,0,0,46,0,5,3,0,0,0,17,0,0,0,0,0,0,14,0,0,0,0,0,0,0,23,0,0,0,0,0,0,0,0,0,0,0,0,0,0,0,0,0,0,0,0,0,0,0,0,0,0,0,0,0,0,0,0,2,0,0,0,0,0,0,0,0,0,0,0,0,12,0,0,0,0,0,0,0,0,0,4,0,0,0,0,0,0,0,0,0,0,0,0,0,0,0,0,0,0,0,0,0,0,0,0,0,0,0,0,0,7,0,0,0,0,0,0,0,0,0,0,0,0,0,0,0,0,0,0,0,0,0,0,0,0,0,0,0,0,0,0,0,0,0,0,0,0,2026,5,QCJ-049,HS-03-500-CUL-24h,S-KUHIMM
QCJ-055,442,3387,0,2139,13412,2652,741,455,276,2900,1113,545,388,0,1914,1111,573,0,1757,1407,0,16262,0,45,381,4523,119,90,0,9,10,176,75,258,290,1525,242,0,127,161,1210,17,0,0,40,7,0,0,41,0,0,13,0,7,29,159,797,21,1003,9,0,0,35,4,51,0,0,0,66,0,3,0,0,105,26,0,0,4,0,7,0,43,0,0,5,0,0,28,6,0,0,0,0,42,0,3,0,0,0,0,0,0,0,36,0,0,0,8,0,0,0,3,0,0,0,0,0,0,0,0,0,0,0,0,0,0,0,6,0,5,6,0,0,0,3,0,0,0,0,0,3,0,0,0,0,0,0,0,0,12,0,0,0,0,5,0,0,0,0,0,0,0,0,0,0,0,0,0,0,0,0,0,0,0,0,0,0,0,0,2,0,0,0,0,0,0,0,0,0,0,0,0,0,0,0,0,0,0,0,0,0,0,0,0,0,0,0,0,0,0,0,0,0,0,0,0,0,0,0,0,0,0,0,0,0,0,0,0,0,0,0,0,0,0,0,0,0,0,0,0,0,0,0,0,0,0,0,0,0,0,0,0,0,0,0,0,0,0,0,0,0,0,0,0,0,0,0,0,0,0,0,0,2026,5,QCJ-055,HS-03-500-MUC-24h,S-KUHIMM
QCJ-065,3444,2259,0,3123,20618,4893,2084,271,290,1093,7305,1695,241,9,5298,2134,1291,0,3963,3318,0,8843,0,317,707,5628,532,514,0,19,14,529,118,1279,11,2629,73,0,377,684,1611,12,0,0,167,0,28,0,674,0,0,49,0,26,755,145,266,76,51,46,0,0,73,0,66,0,0,0,44,0,5,0,38,20,0,0,0,135,2,23,0,40,0,0,4,0,0,0,0,0,0,15,9,144,4,10,0,6,0,0,5,0,0,78,0,0,13,6,0,0,10,12,0,0,0,29,0,0,0,0,0,13,0,0,0,0,0,39,0,0,3,0,0,0,111,0,0,4,5,32,3,73,0,0,0,19,0,0,0,33,0,0,0,0,0,2,0,0,0,0,0,3,0,0,0,0,0,0,0,0,0,0,0,0,0,17,0,0,0,0,0,0,0,3,0,2,0,0,0,0,0,0,0,0,0,0,0,0,0,0,0,0,0,0,0,7,0,0,0,0,0,0,0,0,0,0,0,0,0,0,0,0,0,0,0,0,0,0,0,0,0,5,0,0,0,0,0,0,0,0,0,0,0,0,0,0,0,0,0,0,0,0,0,0,0,0,0,0,0,0,0,0,0,0,0,0,0,0,0,0,0,0,2026,5,HS-03-200-CUL-48h,HS-03-200-48h-CUL,S-KUHIMM
QCJ-081,2202,3481,0,5819,23312,5192,1762,105,317,1135,4482,1410,836,0,4481,2929,1565,0,4733,3070,0,6446,0,349,630,6104,513,412,0,26,8,402,181,1216,0,3550,95,0,274,270,898,13,0,0,93,5,0,0,83,0,14,64,0,0,419,334,333,88,78,63,0,0,111,0,103,0,0,0,85,0,4,0,32,26,0,0,0,112,54,32,0,72,0,0,11,0,0,0,11,0,0,11,0,109,7,9,0,0,0,0,5,4,0,92,0,0,40,8,0,0,11,14,0,0,2,0,0,0,0,0,0,9,0,0,0,0,0,43,18,0,13,0,0,0,34,0,0,5,4,12,11,34,0,0,0,18,0,0,0,7,0,0,0,0,0,0,0,0,0,0,0,9,0,0,0,0,0,0,0,0,0,0,4,0,0,7,0,0,0,0,0,0,2,0,0,0,0,0,0,2,0,0,0,0,0,0,0,0,0,0,0,0,0,0,0,8,0,0,0,0,0,0,0,0,0,0,0,0,0,0,0,0,0,0,0,0,0,0,0,0,0,0,0,0,0,0,0,0,0,0,0,0,0,0,0,0,0,4,0,0,0,0,0,0,0,0,0,0,0,0,0,0,0,0,0,0,0,0,0,0,0,0,2026,5,HS-03-500-CUL-48h,HS-03-500-48h-CUL,S-KUHIMM
QCJ-087,986,4051,0,4184,19016,4987,1253,391,1230,4693,2269,1086,1100,0,2684,2640,1445,0,3645,1791,0,9237,0,295,1012,14132,281,156,0,8,0,318,199,509,402,2583,317,0,53,285,1557,43,0,0,67,7,41,0,16,0,0,43,0,0,101,309,569,43,671,36,0,0,79,4,113,13,0,0,100,0,12,0,4,301,55,2,0,45,37,15,0,169,0,0,8,0,0,98,5,3,0,8,6,93,8,4,0,0,0,0,3,9,0,75,0,0,48,7,0,0,4,11,7,0,0,0,0,0,23,0,0,21,0,0,0,0,0,27,7,12,21,0,0,0,20,0,0,4,0,9,6,21,0,0,0,12,0,0,0,9,0,0,0,0,4,0,0,0,0,0,0,4,0,0,0,0,0,4,0,0,0,0,4,0,0,0,0,0,0,3,0,0,19,0,0,0,0,0,0,3,0,0,0,0,0,0,0,0,0,0,0,0,0,0,0,8,0,0,0,0,0,0,0,0,0,0,0,0,0,0,0,0,0,0,0,0,0,0,0,0,0,0,0,0,0,0,0,0,0,0,0,0,0,0,0,0,0,0,0,0,0,0,0,0,0,0,0,0,0,0,0,0,0,0,0,0,0,0,0,0,0,0,2026,5,HS-03-500-MUC-48h,HS-03-500-48h-MUC,S-KUHIMM
QCJ-097,3981,2245,0,3135,22766,5331,2521,468,438,934,7758,1435,365,16,4364,561,966,0,4800,2350,0,1692,0,375,743,5490,627,262,0,29,0,398,157,1125,27,4007,64,0,228,355,903,11,0,0,159,0,16,0,469,0,48,8,0,27,258,161,185,100,81,22,0,2,79,0,86,0,0,0,51,0,7,0,24,11,0,0,0,99,0,38,0,61,0,0,5,0,0,0,5,0,0,3,13,158,6,16,0,9,0,0,188,9,0,58,0,0,13,6,0,3,0,30,5,0,4,23,0,0,0,0,0,18,5,0,0,0,0,54,0,0,0,0,0,0,124,0,0,9,0,40,14,74,0,0,0,15,0,0,0,28,0,0,0,19,0,0,0,0,0,0,0,9,0,0,0,0,0,0,0,0,0,0,0,0,0,22,0,0,0,0,0,0,0,9,0,0,0,0,2,0,0,0,0,0,0,0,0,0,0,0,0,0,0,0,0,0,0,0,0,0,0,0,0,0,0,0,0,0,0,0,0,0,0,0,0,0,0,0,0,0,0,0,0,0,0,0,0,0,0,0,0,0,0,0,0,0,0,0,0,0,0,0,0,0,0,0,0,0,0,0,0,2,0,0,0,0,0,0,0,0,0,0,2026,5,HS-03-200-CUL-72h,HS-03-200-72h-CUL,S-KUHIMM
QCJ-113,2310,2764,0,6215,27289,5545,2049,478,519,992,5206,1144,655,6,4910,461,1180,0,6393,1799,0,1002,0,302,561,6429,590,269,0,13,0,321,163,781,28,4540,111,0,182,185,443,8,0,0,74,12,0,0,23,0,389,0,0,17,331,329,304,78,100,35,0,0,123,0,53,4,0,0,74,0,17,0,22,20,0,0,0,93,64,39,0,74,10,0,0,0,0,0,3,0,0,0,16,131,10,13,0,4,0,0,187,32,0,84,0,0,42,7,0,7,8,21,7,0,0,0,0,0,0,0,0,23,9,0,0,0,0,36,67,0,6,0,0,0,47,0,0,0,0,7,9,16,0,0,5,8,0,0,0,0,0,0,0,60,0,0,0,0,0,0,0,13,0,0,0,0,0,0,0,0,0,0,5,0,0,11,0,0,0,0,0,0,0,0,0,0,0,0,12,3,0,0,0,0,0,0,0,0,0,0,0,0,0,0,0,2,0,0,0,0,0,0,0,0,0,0,0,0,0,0,0,0,0,0,0,0,0,0,0,0,0,0,0,0,0,0,0,0,0,0,0,0,0,0,0,0,0,0,0,0,0,0,0,0,0,0,0,0,0,0,0,0,0,0,0,0,0,0,0,0,0,0,2026,5,HS-03-500-CUL-72h,HS-03-500-72h-CUL,S-KUHIMM
QCJ-119,1068,4705,0,5224,22131,4522,1083,496,1540,5011,2896,1001,941,0,6244,774,1524,0,4585,1459,0,975,0,158,1603,16899,330,160,0,26,5,226,288,273,299,4317,297,0,23,220,1836,38,0,0,50,15,0,0,5,0,27,0,0,4,145,324,720,35,741,45,0,0,107,0,122,5,0,0,124,0,21,0,0,485,56,0,0,45,60,20,0,178,0,0,0,0,0,108,11,0,0,4,10,121,7,13,0,5,0,0,72,10,0,77,0,0,51,5,0,0,7,13,11,0,0,0,0,0,34,0,0,32,4,0,0,9,0,20,92,6,21,0,0,0,22,0,0,0,0,8,13,6,0,0,0,0,0,0,0,0,0,0,0,83,5,0,0,0,0,0,0,10,0,0,0,0,0,0,0,0,0,0,6,0,18,14,0,0,0,0,0,0,21,0,0,0,0,0,84,0,0,0,0,0,0,0,0,0,0,0,0,0,0,0,57,4,3,0,0,0,0,0,0,0,0,0,0,0,0,0,0,0,12,0,0,0,0,0,0,0,0,0,0,0,0,0,4,0,0,0,0,0,0,0,0,0,0,0,0,0,0,0,0,0,0,0,0,0,0,0,0,0,0,0,0,0,0,0,0,0,0,0,2026,5,HS-03-500-MUC-72h,HS-03-500-72h-MUC,S-KUHIMM
QD-001,516,5,1895,5016,5,24180,8201,5,3,9668,9,1895,1901,3503,944,751,8653,0,0,442,5,0,0,382,829,0,0,859,52,11,0,420,1442,163,0,31,2535,0,646,0,598,354,0,502,4045,326,77,0,220,0,0,11,0,18,195,745,896,4438,0,1483,0,5,152,11,0,9,0,134,1242,128,350,13,74,76,0,0,4345,23,0,0,6,0,143,0,6,27,0,0,27,0,9,93,283,0,4,0,0,68,47,6,0,6,7,396,0,0,0,15,784,226,258,98,0,0,0,0,0,0,0,0,27,69,0,76,17,0,0,0,0,507,0,0,0,0,0,65,0,11,4,0,461,14,0,0,0,0,0,2,0,0,0,0,406,0,4,6,0,0,0,0,0,87,14,0,0,11,0,13,17,56,0,0,0,7,0,14,0,0,4,0,8,0,0,7,7,0,11,0,0,0,0,0,0,0,0,0,0,0,0,0,0,7,0,0,0,0,0,0,0,9,0,0,5,0,6,0,0,0,0,6,0,0,0,0,0,0,0,0,0,0,0,0,0,0,0,0,0,0,0,0,0,0,0,0,0,0,0,0,0,0,0,0,0,0,0,0,0,0,0,0,0,0,0,0,0,0,0,0,0,0,0,0,2026,5,HS-04-FEC,HS-04-FEC,S-KUHIMM
QDJ-017,11895,0,5017,2775,0,19766,3565,0,2,3520,1194,3639,1310,2884,3025,4468,2716,0,0,1999,0,0,0,226,162,0,0,1259,175,39,0,934,5,68,0,9,1334,0,686,1230,13,12,0,16,1489,9,98,0,291,0,0,0,0,0,0,70,145,144,0,183,0,0,17,18,0,9,0,0,6,106,20,0,30,0,0,0,60,0,0,0,0,0,59,0,4,5,0,0,0,0,0,4,0,0,0,0,0,0,0,0,0,0,0,0,0,0,0,0,17,0,0,8,0,0,0,0,0,0,0,0,0,0,0,12,0,0,0,0,0,12,0,0,0,0,0,0,0,0,0,0,0,0,0,0,0,0,0,0,0,0,0,0,8,0,0,4,0,0,0,0,0,0,0,0,0,0,0,0,0,0,0,0,0,0,0,0,0,0,0,0,0,0,0,0,0,0,0,0,0,0,0,0,0,0,0,0,0,0,0,0,0,0,0,0,0,0,0,0,0,0,0,0,0,0,0,0,0,0,0,0,0,0,0,0,0,0,0,0,0,0,0,8,0,0,0,0,0,0,0,0,0,0,0,0,0,0,0,0,0,0,0,0,0,0,0,0,0,0,0,0,0,0,0,0,0,0,0,0,0,0,0,0,2026,5,QDJ-017,HS-04-200-CUL-24h,S-KUHIMM
QDJ-025,11152,0,4265,3655,0,18682,4189,2,0,3451,539,3868,1158,2328,2624,3761,2145,0,0,2159,0,10,0,295,136,0,0,1685,93,35,7,868,13,100,0,27,1201,0,666,1301,33,7,0,36,1297,23,150,0,259,0,0,0,0,0,14,121,148,250,0,255,0,15,16,19,3,0,0,0,12,173,15,6,39,0,0,0,85,0,0,0,0,0,111,0,0,9,0,0,0,0,2,19,0,0,0,0,0,0,0,0,0,0,0,0,0,0,0,0,19,0,0,11,0,0,0,0,0,0,0,0,0,0,0,8,5,0,0,0,0,19,0,0,0,0,0,0,0,0,0,0,0,0,0,0,0,0,0,0,0,0,0,0,14,0,0,9,0,0,0,0,0,0,0,0,0,0,0,0,0,0,0,0,0,0,0,3,0,0,0,0,0,0,0,0,0,0,0,0,0,0,0,0,0,0,0,0,0,0,0,0,0,0,0,0,0,0,0,0,0,0,0,0,0,0,0,0,0,0,0,0,0,0,0,0,0,0,0,0,0,0,0,0,0,0,0,0,0,0,0,0,2,0,0,0,0,0,0,0,0,0,0,0,0,0,0,0,0,0,0,0,2,0,0,0,0,0,0,0,0,0,0,0,2026,5,QDJ-025,HS-04-500-CUL-24h,S-KUHIMM
QDJ-028,6962,4,6742,3242,0,11344,2147,3,0,16621,351,2152,2184,1189,2653,3272,3811,0,0,1353,0,0,0,95,963,0,0,276,112,11,0,918,17,45,0,13,1593,0,589,831,675,548,0,26,1094,26,26,0,33,0,0,0,0,0,42,267,368,85,0,162,0,2,17,7,0,11,0,8,18,35,22,0,5,946,72,0,206,0,0,0,0,0,113,0,0,852,0,108,0,0,0,7,0,0,0,0,0,5,0,0,0,0,0,8,0,0,0,0,27,0,9,43,0,0,0,0,0,0,42,0,0,8,0,13,0,17,0,0,0,11,0,0,0,0,0,21,0,0,0,0,4,0,0,0,0,0,0,0,0,0,0,0,28,0,0,4,0,0,0,0,0,0,0,0,0,0,0,0,4,0,0,0,0,0,0,0,0,0,0,0,0,0,0,0,0,0,0,0,0,0,0,0,0,0,0,0,0,0,0,0,0,0,0,0,0,0,0,0,0,0,0,0,0,0,0,0,0,0,0,0,0,0,0,0,0,0,0,0,0,0,0,0,0,0,0,0,0,0,0,0,0,0,0,0,0,0,0,0,0,0,0,0,0,0,0,0,0,0,0,0,0,0,0,0,0,0,0,0,0,0,0,0,2026,5,QDJ-028,HS-04-500-MUC-24h,S-KUHIMM
QDJ-033,17096,0,7015,3277,7,22462,5780,0,0,3888,1462,3696,4135,3382,790,7210,4196,0,0,2143,0,0,0,694,72,0,0,3087,216,82,0,1283,9,1874,0,102,1102,0,663,1529,24,7,0,18,1872,137,525,0,2842,0,0,0,0,22,10,159,244,311,0,436,0,0,183,10,0,8,0,12,11,111,48,3,140,0,0,0,48,120,0,0,0,0,52,0,22,6,0,0,0,0,3,11,0,0,0,0,0,6,8,0,0,0,0,0,0,0,0,15,41,0,0,13,0,0,0,0,0,0,0,0,0,12,0,4,4,0,0,0,0,37,0,0,0,5,0,29,0,7,0,0,0,0,0,0,0,0,0,0,0,0,0,0,27,0,0,0,0,0,0,0,0,3,0,0,0,0,0,0,0,0,0,0,0,0,0,0,0,0,0,0,3,0,0,0,0,0,0,0,0,0,0,0,0,0,0,0,0,0,0,0,0,0,0,0,0,0,0,0,0,0,0,0,0,0,0,0,0,0,0,0,0,0,0,0,0,0,0,0,0,0,0,0,0,0,0,0,10,0,0,0,0,0,0,0,0,0,0,0,0,0,0,0,0,0,0,0,0,0,0,0,0,0,0,2,0,0,0,0,0,0,0,0,2026,5,HS-04-200-CUL-48h,HS-04-200-CUL-48h,S-KUHIMM
QDJ-041,14300,0,7682,4720,5,18332,5520,0,0,3197,770,4282,3648,2617,587,5350,3408,0,0,2138,0,0,0,662,88,0,0,2783,221,70,0,1100,0,1584,0,102,956,0,292,1447,34,15,0,44,1363,123,640,0,2990,6,0,0,0,13,69,149,280,320,0,446,0,3,285,13,0,6,0,11,31,232,41,18,98,0,0,0,37,201,0,0,0,0,116,0,0,11,0,0,0,0,0,26,3,0,0,0,0,0,0,0,0,0,0,0,0,0,0,2,87,0,0,20,0,0,0,0,0,0,0,0,7,50,0,3,8,0,0,0,0,25,0,0,2,10,0,25,0,13,0,0,0,5,0,0,0,0,0,0,0,0,0,0,23,0,0,11,0,0,0,0,0,4,0,0,0,0,0,0,4,0,0,0,0,0,0,0,0,0,0,0,0,0,0,0,0,0,0,0,0,0,0,0,0,0,0,0,0,0,0,0,0,0,0,0,0,0,0,0,0,0,0,0,0,0,0,0,0,0,0,0,0,0,0,0,0,0,0,0,0,0,0,0,0,0,0,0,2,0,0,0,0,0,0,0,0,0,0,0,0,0,0,0,0,0,0,0,0,0,0,0,0,0,0,0,0,0,0,0,0,0,0,0,2026,5,HS-04-500-CUL-48h,HS-04-500-CUL-48h,S-KUHIMM
QDJ-044,6634,0,8076,2536,6,11336,2952,0,0,14575,268,2691,4838,944,990,3244,6343,0,0,1497,0,5,0,259,1384,6,0,2228,116,46,0,781,18,216,0,214,1400,0,451,1019,976,286,0,11,1017,41,54,0,31,0,0,3,0,7,250,600,421,111,0,186,0,0,7,10,0,26,0,13,15,44,25,0,33,862,77,0,82,8,4,0,0,0,50,0,0,248,0,93,0,0,0,11,3,0,0,0,0,0,0,0,0,0,5,11,0,0,0,3,47,0,0,34,0,0,0,0,0,0,19,0,7,30,0,8,0,5,0,0,0,18,0,0,0,0,0,24,0,0,0,0,5,0,0,0,0,0,0,0,0,0,0,0,15,0,0,0,0,0,0,0,0,10,0,0,0,0,0,0,0,0,0,0,0,0,0,0,0,0,0,0,0,0,0,0,0,0,0,0,0,0,0,0,0,0,0,0,0,0,0,0,0,0,0,0,0,0,0,0,0,0,0,0,0,0,0,0,0,0,0,0,0,0,0,0,0,0,0,0,0,0,0,3,0,0,0,0,0,0,0,0,0,0,0,0,0,0,0,0,0,0,0,0,0,0,0,0,0,0,0,0,0,0,0,0,0,0,0,0,0,0,0,0,2026,5,HS-04-500-MUC-48h,HS-04-500-0.8gMUC-48h,S-KUHIMM
QDJ-049,13100,4,10683,3689,7,16051,4664,0,0,1798,1542,2047,3938,2593,326,5694,4382,0,0,486,0,0,0,863,118,0,0,2311,74,66,0,913,0,2536,0,81,452,0,76,218,11,3,0,20,1051,122,1223,0,2579,27,0,0,0,14,31,25,292,203,0,332,0,0,382,15,0,14,0,6,13,147,37,4,56,0,0,0,7,162,2,0,0,0,58,0,27,7,0,0,0,0,0,11,0,0,0,0,0,3,28,0,0,0,0,0,0,0,0,23,65,0,0,18,0,0,0,0,0,0,0,0,12,33,0,0,10,0,0,0,0,21,0,0,0,21,0,33,0,5,0,0,0,0,0,0,0,0,0,0,0,0,0,0,18,0,0,5,0,0,0,0,0,6,0,0,0,0,0,0,0,0,0,0,0,0,0,0,0,0,0,0,0,0,0,3,3,0,0,0,0,0,0,0,0,0,0,0,0,0,0,0,0,0,0,0,0,0,0,0,0,0,0,0,0,0,0,0,0,0,0,0,0,0,0,0,0,0,0,0,0,0,0,0,0,0,0,0,0,0,0,0,0,0,0,0,0,0,0,0,0,0,0,0,0,0,0,0,0,0,0,0,0,0,0,0,0,0,0,0,0,0,0,0,2026,5,HS-04-200-CUL-72h,HS-04-200-CUL-72h,S-KUHIMM
QDJ-057,12904,0,8715,3532,10,15325,5608,0,0,1399,492,2551,2746,2213,156,4741,3381,0,0,815,0,0,0,756,53,0,0,2544,32,42,0,810,5,2335,0,67,340,0,57,470,18,6,0,18,857,119,866,0,2795,31,0,0,0,23,86,14,251,330,0,516,0,0,199,0,0,10,0,0,14,133,39,115,75,0,0,0,0,207,0,0,0,0,72,0,6,7,0,0,0,0,0,14,0,0,0,0,0,5,14,0,0,0,0,0,0,0,0,10,77,0,0,17,0,0,0,0,0,0,0,0,34,33,0,2,10,0,0,0,0,37,0,0,0,15,0,15,0,6,0,0,18,5,0,0,0,0,0,0,0,0,0,0,13,0,0,10,0,0,0,0,0,9,0,0,0,0,0,0,5,0,0,0,0,0,0,0,0,0,0,0,0,0,0,0,0,0,0,0,0,5,0,0,0,0,0,0,0,0,0,0,0,0,0,0,0,0,0,0,0,0,0,0,5,0,0,0,0,0,0,0,0,0,0,0,0,0,0,0,0,0,0,0,0,0,0,0,0,0,0,0,0,0,0,0,0,0,0,0,0,0,0,0,0,0,0,0,0,0,0,0,0,0,0,0,0,0,0,0,0,0,0,0,2026,5,HS-04-500-CUL-72h,HS-04-500-CUL-72h,S-KUHIMM
QDJ-060,3999,0,5714,1376,0,4236,1354,0,0,8564,190,1802,2767,402,299,2382,5157,0,0,768,0,0,0,132,697,0,0,2007,63,16,0,456,0,165,0,104,628,0,187,487,612,148,0,11,529,71,104,0,35,35,0,17,0,0,514,26,241,70,0,93,0,0,41,4,0,50,0,12,9,0,10,0,21,491,33,0,9,52,0,0,0,0,25,0,0,154,0,33,0,0,0,27,0,0,0,0,0,5,0,0,0,0,0,15,0,0,0,5,12,0,0,56,0,0,0,0,0,0,0,8,38,17,0,10,0,0,0,0,0,36,0,0,0,0,0,9,0,3,0,0,19,0,0,0,0,0,0,0,0,0,0,0,6,0,0,0,0,0,0,0,0,4,0,0,0,0,0,0,0,0,0,0,0,0,0,0,0,0,0,0,0,0,0,0,0,0,0,0,0,0,0,0,0,0,0,0,0,0,0,0,0,0,0,0,0,0,0,0,0,0,0,0,0,0,0,0,0,0,0,0,0,0,0,0,0,0,0,0,0,0,0,0,0,0,0,5,0,0,0,0,0,0,0,0,0,0,0,0,0,0,0,0,0,0,0,0,0,0,0,0,0,0,0,0,0,0,0,0,0,0,0,0,2026,5,HS-04-500-MUC-72h,HS-04-500-0.8gMUC-72h,S-KUHIMM
QE-001,2126,1582,182,7778,0,35519,5456,0,1322,1483,17,2830,699,1596,2021,253,4656,145,0,919,368,0,0,737,0,0,0,191,793,209,0,1154,3874,9,4179,0,1850,386,699,109,411,1024,0,0,930,1066,8,0,25,57,0,0,0,137,28,238,0,0,0,0,0,0,0,17,0,48,0,346,26,109,814,0,0,0,0,9,0,0,9,830,204,0,0,0,253,0,0,0,263,0,19,1279,282,0,0,0,0,74,13,4,0,0,58,5,57,0,0,19,0,0,309,0,0,0,20,0,0,0,0,0,0,0,0,0,7,0,0,0,0,0,0,0,0,0,6,0,0,20,0,0,0,0,0,0,23,0,0,12,0,39,0,0,0,0,0,0,0,0,0,0,60,0,0,0,0,9,0,0,0,0,43,0,0,0,0,5,0,34,0,0,7,0,0,0,4,0,0,0,0,0,25,0,0,0,28,0,0,0,0,0,0,0,0,0,0,0,0,0,0,0,0,0,0,0,0,0,0,0,0,0,0,0,0,0,0,0,0,0,0,0,0,0,0,0,0,0,0,0,0,0,0,0,0,0,0,0,0,0,0,0,0,0,0,0,0,0,0,0,0,0,0,0,0,0,0,0,0,0,0,0,0,0,2026,5,QE-001,HS-05-FEC1,S-KUHIMM
QEJ-017,16687,15551,24615,3886,0,5994,361,0,816,14,27,204,101,294,50,784,440,442,3,276,659,0,0,4,0,0,0,0,15,515,0,408,42,0,163,0,99,0,543,163,8,0,0,0,30,5,0,0,0,0,0,0,0,0,0,0,0,0,0,0,0,10,0,0,0,0,0,0,0,6,12,0,0,0,0,0,0,0,0,10,0,0,0,0,0,0,0,0,0,0,0,46,0,0,0,0,0,0,0,0,0,0,0,0,0,0,0,0,0,0,0,0,0,0,0,0,0,0,0,0,0,0,0,0,0,0,0,0,0,0,0,0,0,0,0,0,0,0,0,0,0,0,0,0,0,0,0,0,0,0,0,0,0,0,0,0,0,0,0,0,0,0,0,0,0,0,0,0,0,0,0,0,0,0,0,0,0,0,0,0,0,0,0,0,0,0,0,0,0,0,2,0,0,0,0,0,0,0,0,0,0,0,0,0,0,0,0,0,0,0,0,0,0,0,0,0,0,0,0,0,0,0,0,0,0,0,0,0,0,0,0,0,0,0,0,0,0,0,0,0,0,0,0,0,0,0,0,0,0,0,0,0,0,0,0,0,0,0,0,0,0,0,0,0,0,2,0,0,0,0,0,0,2026,5,QEJ-017,HS-05-200-CUL-24h,S-KUHIMM
QEJ-025,14437,11457,15913,9047,6,11723,750,0,3371,83,11,140,540,493,146,374,1750,484,0,431,60,0,0,41,0,0,0,0,47,1514,0,179,269,0,171,0,330,3,537,251,36,6,0,0,80,13,0,0,0,10,0,0,0,8,3,0,0,0,0,0,0,6,0,0,0,0,0,0,15,22,65,0,0,0,0,0,0,0,0,35,0,0,0,0,0,0,0,0,6,0,0,157,0,0,0,0,0,0,3,0,0,0,0,0,35,0,0,0,0,0,6,0,0,0,0,0,0,0,0,0,0,0,0,0,0,0,0,0,0,0,0,0,0,0,0,0,0,0,0,0,0,0,0,0,0,0,0,0,0,0,0,0,0,0,0,0,0,0,0,0,0,0,0,0,0,0,0,0,0,0,0,0,0,0,0,0,0,0,0,0,0,0,0,0,0,0,0,0,0,0,0,0,0,0,0,0,0,0,0,0,0,0,0,0,0,0,0,0,0,0,0,0,0,0,0,0,0,0,0,0,0,0,0,0,0,0,0,0,0,0,0,0,0,0,0,0,0,0,0,0,0,0,0,0,0,0,0,0,0,0,0,0,0,0,0,0,0,0,0,0,0,0,0,0,0,0,0,0,0,0,0,0,2026,5,QEJ-025,HS-05-500-CUL-24h,S-KUHIMM
QEJ-028,8335,20103,10885,7120,0,9404,344,0,3075,3608,9,1327,2059,788,1597,104,3157,12,0,1937,131,0,0,203,0,0,0,0,306,727,0,175,477,0,317,0,4518,0,815,1898,128,290,0,0,47,36,0,0,0,17,0,0,0,17,0,44,0,0,0,0,0,7,0,0,0,7,0,0,0,12,15,0,0,0,104,5,0,0,0,12,0,0,0,0,8,0,0,143,5,0,0,94,0,0,0,0,0,0,0,0,0,0,5,0,34,0,0,0,0,0,4,0,0,0,2,0,0,0,26,0,0,0,0,0,0,47,0,0,0,0,0,0,0,0,0,0,0,0,0,0,0,0,0,0,0,0,0,0,0,0,0,0,0,0,0,0,0,0,0,0,0,0,0,0,0,0,0,0,0,0,0,0,0,0,0,0,0,23,0,0,0,0,0,0,0,0,0,0,0,0,0,0,0,0,0,0,0,0,0,0,0,0,0,0,0,0,0,0,0,0,0,0,0,0,0,0,0,0,0,0,0,0,0,0,0,0,0,0,0,0,0,0,0,0,0,0,0,0,4,0,0,0,0,0,0,0,0,0,0,0,0,0,0,0,0,0,0,0,0,0,0,0,0,0,0,0,0,0,0,0,0,0,2026,5,QEJ-028,HS-05-500-MUC-24h,S-KUHIMM
QEJ-033,9977,13741,13022,2449,0,17946,1155,0,901,77,71,239,1950,352,2176,3106,448,148,0,967,10482,0,0,165,0,0,0,174,20,17,0,2189,59,0,582,10,596,0,571,1060,0,8,0,0,250,27,2,0,0,22,0,0,0,32,0,54,0,0,0,0,0,0,0,17,0,0,0,0,0,124,20,0,0,0,0,5,0,0,0,10,0,0,0,0,9,0,0,0,0,0,0,5,0,0,0,0,0,4,0,0,0,0,0,0,0,0,0,12,0,0,0,0,0,0,7,0,0,0,0,0,0,0,0,0,8,0,0,0,0,0,0,0,0,0,0,0,0,0,0,0,0,0,0,0,5,0,0,0,0,0,0,0,0,0,0,0,0,0,0,0,0,0,0,0,0,0,0,0,0,0,0,0,0,0,0,0,0,0,0,0,0,0,0,0,0,0,0,0,0,0,0,0,0,0,0,0,0,0,0,0,0,0,0,0,0,0,0,0,0,0,0,0,0,0,0,0,0,0,0,0,0,0,0,0,0,0,0,0,0,0,0,0,0,0,0,0,0,0,0,0,0,0,0,0,0,0,0,0,0,0,0,0,0,0,0,0,0,0,0,0,0,0,0,0,0,0,0,0,0,0,0,0,2026,5,HS-05-200-CUL-48h,HS-05-200-CUL-48h,S-KUHIMM
QEJ-041,6894,18898,22713,12149,8,10963,661,0,4589,56,37,1395,1449,243,400,255,750,64,0,2066,885,0,0,13,0,0,0,5,28,430,0,125,235,0,283,0,2044,0,718,2166,15,8,0,0,41,16,0,0,0,10,0,0,0,0,0,6,0,0,0,0,0,4,0,0,0,0,141,0,10,40,30,0,0,0,0,0,0,0,0,38,0,0,0,0,0,0,0,0,11,0,0,151,0,0,0,0,0,0,0,0,0,0,0,0,15,0,0,0,0,0,2,0,0,0,0,0,0,0,0,0,0,0,0,0,0,0,0,0,0,0,0,0,0,0,0,0,0,0,0,0,0,0,0,0,0,0,0,0,0,0,0,0,0,0,0,0,0,0,0,0,0,0,0,0,0,0,0,0,0,0,0,0,0,0,0,0,0,3,0,0,0,0,0,0,0,0,0,0,0,0,0,0,0,0,0,0,0,0,0,0,0,0,0,0,0,0,0,0,0,0,0,0,0,0,0,0,0,0,0,0,0,0,0,0,0,0,0,0,0,0,0,0,0,0,0,0,0,0,0,0,0,0,0,0,0,0,0,0,0,0,0,0,0,0,0,0,0,0,0,0,0,0,0,0,0,0,0,0,0,0,0,0,2026,5,HS-05-500-CUL-48h,HS-05-500-CUL-48h,S-KUHIMM
QEJ-044,4638,19466,11090,7322,0,19502,687,0,3601,4883,35,1025,925,790,3859,218,2849,0,0,2613,251,0,0,1227,0,0,0,2209,1127,580,0,861,522,0,233,0,1498,3,583,2511,304,3166,0,0,95,278,0,0,0,93,0,0,0,12,0,199,0,0,0,0,0,5,0,93,0,0,0,0,6,87,29,0,0,0,56,29,0,0,5,12,22,0,0,0,65,0,0,99,8,0,24,39,0,0,0,0,0,4,10,0,0,0,0,0,22,0,0,9,0,0,8,0,0,0,3,0,0,0,23,0,0,0,0,0,8,9,0,0,0,0,0,0,0,0,0,0,0,0,0,0,0,0,0,0,5,0,0,0,0,30,0,0,0,0,0,0,0,0,0,0,0,0,0,0,0,0,0,0,0,0,0,0,0,0,0,0,0,10,0,3,0,0,0,0,3,0,0,0,0,0,0,0,0,0,0,0,0,0,0,0,0,0,0,0,0,0,0,0,0,0,0,0,0,0,0,0,0,0,0,0,0,0,0,0,0,0,0,0,0,0,0,0,0,0,0,0,0,0,0,0,0,0,0,0,0,0,0,0,0,0,0,0,0,0,0,0,0,0,0,0,0,0,0,0,0,0,0,0,0,0,0,0,2026,5,HS-05-500-MUC-48h,HS-05-500-0.8gMUC-48h,S-KUHIMM
QEJ-049,6466,19673,12233,2184,5,17484,3543,1317,489,72,43,279,659,442,1874,1271,384,126,0,2033,10095,0,0,427,0,0,0,1026,35,20,0,3611,75,0,7,1228,474,0,733,2067,5,6,0,0,88,136,327,0,0,60,0,0,0,59,0,84,0,0,0,0,0,2,0,59,0,0,0,5,0,303,31,0,0,0,0,8,0,0,0,33,14,0,0,0,13,0,0,0,0,0,57,0,3,0,0,0,0,11,0,0,0,0,3,0,6,0,0,27,0,0,0,0,0,0,29,0,0,0,0,0,0,0,0,0,17,0,0,0,0,0,0,0,0,0,0,0,0,0,0,0,0,0,0,0,3,0,0,0,0,0,0,0,0,0,0,0,0,0,0,0,0,0,0,0,0,0,0,0,0,0,0,0,0,0,0,3,0,0,0,0,0,0,0,0,0,0,0,0,0,0,0,0,0,0,0,0,0,0,0,0,0,0,0,0,0,0,0,0,0,0,0,0,0,0,0,0,0,0,0,0,0,0,0,0,0,0,0,0,0,0,0,0,0,0,0,0,0,0,0,0,0,0,0,0,0,0,0,0,0,0,0,0,0,0,0,0,0,0,0,0,0,0,0,0,0,0,0,0,0,0,0,0,2026,5,QEJ-049,HS-05-200-CUL-72h,S-KUHIMM
QEJ-052,2220,19064,10608,3828,0,18658,1651,566,1550,1610,116,1097,1165,373,3074,204,1368,0,0,1597,995,0,0,1207,0,0,0,937,1922,423,0,1610,421,0,19,261,1104,0,207,1495,598,4173,0,0,203,21,0,0,3,35,0,0,0,13,0,79,0,0,0,0,0,0,0,85,0,0,0,0,0,29,7,0,0,0,24,7,0,0,0,5,6,0,0,0,4,0,0,68,0,0,4,7,0,0,0,0,0,19,0,0,0,0,0,0,2,0,0,10,0,0,0,0,0,0,0,0,0,0,0,0,0,0,0,0,10,0,0,0,0,0,0,0,0,0,0,0,0,0,0,0,0,0,0,0,4,0,0,0,0,0,0,0,0,0,0,0,0,0,0,0,0,0,0,0,0,0,0,0,0,0,0,0,0,0,0,0,0,0,0,5,0,0,0,0,0,0,0,0,0,0,0,0,0,0,0,0,0,0,0,0,0,0,0,0,0,0,0,0,0,0,0,0,0,0,0,0,0,0,0,0,0,0,0,0,0,0,0,0,0,0,0,0,0,0,0,2,0,0,0,0,0,0,0,0,0,0,0,0,0,0,0,0,0,0,0,0,0,0,0,0,0,0,0,0,0,0,0,0,0,0,0,0,2026,5,HS-05-200-MUC-72h,HS-05-200-0.8gMUC-72h,S-KUHIMM
QEJ-057,1913,21309,14580,8349,0,10861,916,0,1800,341,721,1477,1257,228,5577,471,1023,6,0,4052,3406,0,0,2316,0,0,0,1167,41,43,0,2404,264,0,636,25,435,0,331,4192,0,12,0,0,212,69,0,0,0,21,0,0,0,0,0,166,0,0,0,0,0,0,0,27,0,0,131,0,9,42,12,0,0,0,0,6,0,0,0,21,0,0,0,0,0,0,0,0,0,0,13,0,0,0,0,0,0,7,0,0,0,0,0,0,15,0,0,0,0,0,4,0,0,0,0,0,0,0,0,0,0,0,0,0,20,0,0,0,0,0,0,0,0,0,0,0,0,0,0,0,0,0,0,0,0,0,0,0,0,0,0,0,0,0,0,0,0,0,0,0,0,0,0,0,0,0,0,0,0,0,0,0,0,0,0,0,0,0,0,0,0,0,0,0,0,0,0,0,0,0,0,0,0,0,0,0,0,0,0,0,0,0,0,0,0,0,0,0,0,0,0,0,0,0,0,0,0,0,0,0,0,0,0,0,0,0,0,0,0,0,0,0,0,0,0,0,0,0,0,0,0,0,0,0,0,0,0,0,0,0,0,0,0,0,0,0,0,0,0,0,0,0,0,0,0,0,0,0,0,0,0,0,2026,5,HS-05-500-CUL-72h,HS-05-500-CUL-72h,S-KUHIMM
QEJ-060,2302,19697,12233,6665,0,19306,2232,0,2889,3437,52,995,531,746,3801,279,2409,0,0,1408,310,0,0,1180,0,0,0,2317,1192,531,0,870,419,0,77,0,1322,8,429,1407,463,2481,0,0,49,244,22,0,0,200,0,0,0,18,0,55,0,0,0,0,0,6,0,116,0,0,0,0,12,102,46,0,0,0,32,31,0,0,12,16,37,0,0,0,41,0,0,95,12,0,46,34,0,0,0,0,0,22,18,0,0,0,9,0,22,0,0,7,0,0,0,0,0,0,0,0,0,0,20,0,0,0,0,0,22,0,0,0,0,0,0,0,0,0,0,0,0,0,0,0,0,0,0,0,0,0,0,0,0,6,0,0,0,0,0,0,0,0,0,0,0,0,0,0,0,0,0,0,0,0,0,0,0,0,0,19,0,7,0,0,0,0,0,0,2,0,0,0,0,0,0,0,0,0,0,0,0,0,0,0,0,0,0,0,0,0,0,0,0,0,0,0,0,0,0,0,0,0,0,0,0,0,0,0,0,0,0,0,0,0,0,0,0,0,0,3,4,0,0,0,0,0,0,0,0,0,0,0,0,4,0,0,0,0,0,0,0,0,0,0,0,0,0,0,0,0,0,0,0,0,0,0,2026,5,HS-05-500-MUC-72h,HS-05-500-0.8gMUC-72h,S-KUHIMM
QH-001,780,10,156,6624,24,40537,2010,19,0,18717,19,2890,1205,718,0,126,6119,0,0,254,5338,0,0,563,0,4,1238,0,571,14,0,323,255,289,1657,0,0,576,633,0,221,0,0,0,403,746,0,0,9,98,0,171,0,435,145,0,0,451,0,96,59,11,0,36,0,69,0,0,1719,67,570,0,35,0,0,30,0,28,14,708,16,0,84,0,29,0,34,0,247,468,15,0,307,0,0,0,0,46,12,643,0,421,0,5,43,0,0,61,628,46,282,0,25,0,8,0,0,209,0,0,0,4,0,0,17,0,15,0,0,69,332,0,0,0,34,0,0,9,0,61,302,3,0,0,13,0,0,0,209,0,0,0,0,0,128,0,16,0,0,0,0,210,191,123,0,25,39,14,0,0,5,21,15,7,0,34,0,0,0,0,0,0,0,0,0,12,18,0,0,7,0,0,0,0,0,0,0,0,0,0,0,4,0,0,0,0,0,0,0,22,0,0,0,0,0,0,0,3,0,8,0,0,0,0,0,0,0,0,0,0,0,0,0,0,0,0,0,0,0,0,0,6,0,0,0,0,0,0,0,0,0,0,0,0,0,0,0,0,0,0,0,0,0,0,0,0,0,0,0,0,0,0,2026,5,HS-06-FEC,HS-06-FEC,S-KUHIMM
QHJ-017,5685,0,6,3927,0,26885,2810,160,0,4174,660,6497,1876,1270,0,210,1562,68,0,4249,3976,0,0,767,0,0,2356,0,723,295,6502,427,19,110,612,19,0,203,642,744,75,0,0,0,30,36,0,0,3,75,0,75,3,65,24,0,0,10,0,0,41,0,0,20,0,0,0,0,21,34,24,0,36,0,0,18,0,2,0,5,0,0,40,0,22,0,120,0,3,128,12,0,0,0,0,0,0,0,0,2,0,37,2,0,12,0,0,46,2,0,7,0,5,0,51,0,0,58,0,0,0,0,0,0,22,0,0,0,0,0,8,0,0,0,0,0,0,0,0,0,0,0,0,0,0,0,0,0,5,0,0,0,0,0,0,0,0,16,0,0,0,0,0,0,0,0,0,0,0,0,0,0,0,0,0,8,0,0,0,0,0,0,0,0,0,0,0,0,0,0,0,0,0,0,0,0,0,0,0,0,0,0,0,0,0,0,0,0,0,0,0,0,0,0,0,0,0,0,0,0,0,0,0,0,0,0,0,0,0,0,0,8,0,0,0,0,0,0,0,0,0,0,0,0,0,0,0,0,0,0,0,0,0,0,0,0,0,0,0,0,0,0,0,0,0,0,0,0,0,0,0,0,2026,5,QHJ-017,HS-06-200-CUL-24h,S-KUHIMM
QHJ-025,5581,0,9,3995,0,27779,2890,14,0,3120,823,9990,1063,756,0,80,482,42,0,4383,9343,0,0,146,0,0,3147,0,198,127,6,884,13,27,1050,15,0,24,464,779,31,0,0,0,50,9,0,0,0,90,0,0,0,8,0,0,0,13,0,9,15,0,0,8,0,22,0,0,9,11,60,0,6,0,0,11,0,0,0,11,0,0,26,0,0,0,84,0,5,214,0,0,0,0,0,0,0,0,0,0,0,84,0,0,10,0,0,22,0,0,5,0,8,0,10,0,0,44,0,0,0,0,0,0,22,0,0,0,0,0,0,0,0,0,0,0,0,0,0,0,0,0,0,0,0,0,0,0,14,0,0,0,0,0,0,0,0,0,0,0,0,0,3,0,0,0,0,0,0,0,0,0,0,0,0,0,0,0,0,0,0,0,0,0,0,0,0,0,0,0,0,0,0,0,0,0,0,0,0,0,0,0,0,0,0,0,0,0,0,0,0,0,0,0,0,0,0,0,0,0,0,0,0,0,0,0,0,0,0,0,0,0,0,0,0,0,0,0,0,0,0,0,0,0,0,0,0,0,0,0,0,0,0,0,0,0,0,0,0,0,0,0,0,0,0,0,0,0,0,0,0,0,2026,5,QHJ-025,HS-06-500-CUL-24h,S-KUHIMM
QHJ-028,3137,0,0,4806,0,21900,364,12,0,12318,371,9087,1556,499,0,10,5462,18,0,2183,3030,0,0,107,0,0,1504,0,464,87,13,505,52,7,711,5,0,840,273,366,281,0,0,0,115,18,0,0,0,37,0,10,0,35,0,0,0,11,0,8,179,0,0,27,0,255,0,0,23,17,46,0,6,0,111,101,0,0,0,9,0,0,176,0,0,0,65,122,28,133,0,0,0,0,0,0,0,0,0,5,0,16,0,0,7,0,0,8,3,0,16,0,55,0,0,0,0,35,28,0,0,0,0,0,12,22,0,0,0,0,0,0,0,0,0,0,0,0,0,0,0,0,0,0,0,0,0,0,7,0,0,0,0,0,0,0,2,0,0,0,0,0,0,10,0,0,6,0,0,0,0,0,15,0,0,5,0,0,0,0,0,0,0,0,0,0,0,0,0,0,0,0,0,0,0,0,0,0,0,0,0,0,0,0,0,0,0,0,0,0,0,0,0,0,0,0,0,0,0,0,0,0,0,0,0,0,0,0,0,0,0,0,0,0,0,0,3,0,0,0,0,0,0,0,0,0,0,0,0,0,0,0,0,0,0,0,0,0,0,0,0,0,0,0,0,0,0,0,0,0,0,0,2026,5,QHJ-028,HS-06-500-MUC-24h,S-KUHIMM
QHJ-033,9956,9,4,6707,14,27769,5224,1187,0,6210,1308,11807,9279,2493,5,555,2833,225,0,5516,6010,0,759,1360,0,0,4584,0,1104,648,102,901,26,1291,1578,197,0,165,746,953,149,0,0,0,25,679,0,0,19,613,147,576,0,92,67,0,0,47,0,44,63,3,0,22,0,0,0,0,23,112,65,0,90,0,0,92,0,198,9,27,10,0,120,0,119,0,295,0,9,314,91,0,15,0,0,0,0,6,0,0,0,132,0,0,16,0,0,70,37,0,6,0,12,0,74,0,0,155,0,0,0,0,11,0,63,0,0,0,6,7,17,0,0,0,6,0,0,6,0,0,3,0,0,0,9,0,0,0,9,0,0,11,0,0,12,0,0,51,0,0,0,11,4,19,0,0,7,0,0,0,0,0,0,0,0,8,0,0,0,0,0,0,0,0,0,0,0,0,0,9,0,0,0,0,0,0,0,0,0,0,0,0,0,0,0,0,0,0,0,0,0,0,0,0,0,0,0,0,0,0,0,0,0,0,0,0,0,0,0,0,0,0,0,0,0,0,0,0,0,0,0,0,0,0,0,0,0,2,0,0,0,0,0,0,0,0,0,0,0,0,0,0,0,0,0,0,0,0,0,0,0,0,2026,5,HS-06-200-CUL-48h,HS-06-200-CUL-48h,S-KUHIMM
QHJ-041,6597,12,8,6959,0,24171,3894,0,0,2748,1586,13419,2876,1293,0,565,1258,211,0,6889,11770,0,2855,755,0,0,4499,0,439,253,0,1202,14,590,2308,789,0,11,757,1122,32,0,0,0,15,279,0,0,20,1294,85,44,0,14,21,0,0,50,0,11,37,0,0,19,0,11,0,0,20,60,112,0,53,0,0,41,0,165,0,18,0,0,22,0,27,0,164,0,13,554,25,0,0,0,0,0,0,0,0,4,0,378,2,0,6,0,0,43,29,0,5,0,28,0,37,0,0,117,0,0,0,0,11,0,33,0,0,0,5,3,24,0,0,0,0,0,0,11,0,0,3,0,0,0,0,0,0,0,9,0,0,51,0,0,9,0,0,10,0,0,0,0,0,12,0,0,16,0,0,0,0,0,0,0,0,0,0,0,0,0,0,0,0,0,0,0,0,0,0,22,0,0,0,0,0,0,0,0,0,0,0,0,0,0,0,0,0,0,0,0,0,0,0,0,0,0,0,0,0,0,0,0,0,0,0,0,0,0,0,0,0,0,0,0,0,0,0,0,0,0,0,0,0,0,0,0,0,0,0,0,0,0,0,0,0,0,0,0,0,0,0,0,0,0,0,0,0,0,0,0,0,0,2026,5,HS-06-500-CUL-48h,HS-06-500-CUL-48h,S-KUHIMM
QHJ-044,2674,11,7,5035,4,21773,3153,2,0,17034,544,11227,1848,694,0,91,6103,0,0,4161,4032,0,0,705,0,0,2436,0,635,132,0,618,59,64,713,171,0,1341,503,767,527,0,0,0,212,113,0,0,0,395,3,71,0,29,14,0,0,4,0,10,228,14,12,71,0,299,0,0,32,50,51,0,13,0,66,222,0,0,0,6,0,0,183,0,0,0,115,100,19,277,49,0,0,0,0,0,0,0,0,4,0,24,0,0,4,0,0,29,14,0,0,0,64,0,6,0,0,26,19,0,0,0,4,0,29,0,0,0,0,0,24,0,0,0,0,0,0,2,0,0,9,0,0,0,0,0,0,0,4,0,0,0,0,0,0,0,0,0,0,0,0,0,0,10,0,0,8,0,0,0,0,0,30,0,0,5,0,0,0,0,0,0,0,0,0,10,0,0,0,0,0,0,0,0,0,0,0,0,0,0,0,0,0,0,0,0,0,0,0,0,0,0,0,0,0,0,0,0,0,0,0,0,0,0,0,0,0,0,0,0,0,0,0,0,0,0,0,0,0,0,0,0,0,0,0,0,0,0,0,0,0,0,0,0,0,0,0,0,0,0,0,0,0,0,0,0,0,0,0,0,0,0,2026,5,HS-06-500-MUC-48h,HS-06-500-MUC-48h,S-KUHIMM
QHJ-049,7212,10,6,6830,0,15393,3277,384,0,1959,1323,10202,4680,2027,0,761,1128,208,0,513,6404,0,1981,1464,0,0,3675,0,219,670,64,1037,31,539,714,231,0,10,203,93,106,0,0,0,0,609,54,0,17,532,3191,556,0,81,56,0,0,38,0,74,73,0,0,23,0,0,0,0,42,85,35,0,59,0,0,136,0,180,33,39,8,0,56,0,51,0,358,0,0,178,56,0,0,0,0,0,0,14,0,4,6,29,0,0,17,0,0,90,34,0,4,0,14,0,110,0,0,86,0,43,0,0,22,0,49,0,0,0,12,0,18,0,0,0,18,0,0,8,0,0,11,8,0,0,10,0,0,0,10,0,0,23,0,0,0,0,0,63,0,0,0,23,10,14,0,0,0,0,0,0,0,0,0,0,0,8,0,0,0,3,7,0,0,0,0,2,0,0,0,16,0,0,0,0,0,0,0,53,0,0,0,0,0,0,0,0,0,0,0,0,0,0,0,0,0,0,0,0,0,0,0,0,0,0,0,0,8,0,0,0,0,0,0,0,0,0,0,0,0,0,0,0,0,0,0,0,0,0,0,0,0,0,0,0,0,0,0,0,0,0,0,0,0,0,0,0,0,0,0,0,0,0,2026,5,QHJ-049,HS-06-200-CUL-72h,S-KUHIMM
QHJ-052,6037,14,24,5137,0,18791,1568,13,0,12272,846,12335,4050,649,0,191,3767,8,0,3395,3603,0,0,675,0,0,2152,0,1088,258,0,556,47,69,386,405,0,2056,507,614,1203,0,0,0,59,110,0,0,7,722,77,1122,0,31,8,0,0,6,0,9,439,16,0,112,0,517,0,0,25,33,19,0,5,0,98,333,0,0,0,0,15,0,114,0,134,0,128,66,18,256,105,0,0,0,0,0,0,0,0,0,0,6,3,0,3,0,0,25,31,0,0,0,89,0,6,0,0,22,0,0,0,0,15,0,30,0,0,0,0,0,46,0,0,0,0,0,0,0,0,0,6,0,0,0,0,0,0,0,4,0,0,4,0,0,9,2,0,0,0,0,0,8,0,8,0,0,13,0,0,0,3,0,39,0,2,3,0,0,0,0,0,0,0,0,0,13,0,0,0,10,0,0,0,0,0,0,0,0,0,0,0,0,0,0,0,0,0,0,0,0,0,0,0,0,0,0,0,0,0,0,0,0,0,0,0,0,0,0,0,0,2,0,0,0,0,0,0,0,0,0,0,0,0,0,0,0,0,0,0,0,0,0,0,0,0,0,0,0,0,0,0,0,0,0,0,0,0,0,0,0,0,0,2026,5,HS-06-200-MUC-72h,HS-06-200-MUC-72h,S-KUHIMM
QHJ-057,5974,11,6,6819,0,17953,2839,0,0,1305,1875,9481,803,1041,0,1045,1022,210,0,4115,11764,0,5309,779,0,0,3890,0,81,260,0,1287,10,523,1170,761,0,0,547,826,42,0,0,0,0,300,0,0,18,1704,2039,42,0,16,14,0,0,44,0,13,41,0,0,26,0,5,0,0,17,109,85,0,21,0,0,77,0,204,5,32,8,0,33,0,51,0,192,0,7,453,23,0,5,0,0,0,0,0,0,7,0,120,0,0,12,0,0,40,37,0,13,0,30,0,24,0,0,82,0,0,0,0,12,0,40,0,0,0,19,3,36,0,0,0,0,0,0,6,0,0,2,5,0,0,8,0,0,0,5,0,0,53,0,0,0,0,0,12,0,0,0,5,7,8,0,0,10,0,0,0,8,0,0,0,0,3,0,0,0,0,3,0,0,0,0,2,0,0,0,5,0,0,0,0,0,0,0,3,0,0,0,0,0,0,0,0,0,0,0,0,0,0,0,0,0,0,0,0,0,0,0,0,0,0,0,0,0,0,0,0,0,0,0,0,0,0,0,0,0,0,0,0,0,0,0,0,0,0,0,0,0,0,0,0,0,0,0,0,0,0,0,0,0,0,0,0,0,0,0,0,0,0,2026,5,HS-06-500-CUL-72h,HS-06-500-CUL-72h,S-KUHIMM
QHJ-060,2972,7,21,5998,8,22516,3831,2,0,14730,785,13894,5105,761,0,222,6513,3,4,4739,5517,0,0,1023,0,0,3166,0,980,208,0,653,55,81,1304,626,0,1529,635,859,877,0,6,0,97,330,0,0,12,1276,136,496,0,37,19,0,0,15,0,17,337,0,0,67,0,477,0,0,40,94,69,0,33,0,71,298,0,4,0,0,18,0,176,0,98,0,142,88,12,386,121,0,4,0,0,0,0,0,9,0,0,9,0,0,5,0,0,97,43,0,0,0,109,0,17,0,0,46,16,0,0,0,43,0,30,0,0,0,0,0,52,0,0,0,0,0,0,5,0,0,0,0,0,0,9,0,0,0,5,0,0,40,0,0,6,0,0,0,0,0,0,6,0,0,0,0,10,0,0,0,0,0,35,0,0,0,0,0,0,2,2,0,0,0,0,19,0,0,0,15,0,0,0,0,0,0,0,0,0,0,0,0,0,0,0,0,0,0,0,0,0,0,0,0,0,0,0,0,0,0,0,0,0,0,0,0,0,0,0,0,0,4,0,0,0,0,0,0,0,0,0,0,0,0,0,0,0,0,0,0,0,0,0,0,0,0,0,0,0,0,0,0,0,0,0,0,0,0,0,0,0,0,2026,5,HS-06-500-MUC-72h,HS-06-500-MUC-72h,S-KUHIMM