index,d__Bacteria;p__Bacillota;c__Bacilli;o__Erysipelotrichales;f__Erysipelatoclostridiaceae;g__Erysipelotrichaceae_UCG-003,d__Bacteria;p__Bacteroidota;c__Bacteroidia;o__Bacteroidales;f__Bacteroidaceae;g__Bacteroides,d__Bacteria;p__Bacteroidota;c__Bacteroidia;o__Bacteroidales;f__Tannerellaceae;g__Parabacteroides,d__Bacteria;p__Pseudomonadota;c__Gammaproteobacteria;o__Burkholderiales;f__Sutterellaceae;g__Sutterella,d__Bacteria;p__Pseudomonadota;c__Gammaproteobacteria;o__Enterobacterales;f__Enterobacteriaceae;g__Escherichia-Shigella,d__Bacteria;p__Bacillota;c__Clostridia;o__Lachnospirales;f__Lachnospiraceae;g__Blautia,d__Bacteria;p__Bacillota;c__Clostridia;o__Lachnospirales;f__Lachnospiraceae;g__Lachnospiraceae_UCG-010,d__Bacteria;p__Bacillota;c__Clostridia;o__Lachnospirales;f__Lachnospiraceae;g__Anaerostipes,d__Bacteria;p__Bacillota;c__Clostridia;o__Oscillospirales;f__Ruminococcaceae;g__Faecalibacterium,d__Bacteria;p__Actinomycetota;c__Coriobacteriia;o__Coriobacteriales;f__Coriobacteriaceae;g__Collinsella,d__Bacteria;p__Bacillota;c__Negativicutes;o__Acidaminococcales;f__Acidaminococcaceae;g__Phascolarctobacterium,d__Bacteria;p__Bacillota;c__Clostridia;o__Oscillospirales;f__Oscillospiraceae;g__UCG-003,d__Bacteria;p__Bacillota;c__Clostridia;o__Lachnospirales;f__Lachnospiraceae;g__Dorea,d__Bacteria;p__Bacillota;c__Clostridia;o__Lachnospirales;f__Lachnospiraceae;g__Anaerobutyricum,d__Bacteria;p__Bacillota;c__Clostridia;o__Oscillospirales;f__Oscillospiraceae;g__UCG-002,d__Bacteria;p__Actinomycetota;c__Actinobacteria;o__Bifidobacteriales;f__Bifidobacteriaceae;g__Bifidobacterium,d__Bacteria;p__Bacillota;c__Clostridia;o__Lachnospirales;f__Lachnospiraceae;g__Lachnoclostridium,d__Bacteria;p__Bacillota;c__Clostridia;o__Lachnospirales;f__Lachnospiraceae;g__[Ruminococcus]_gauvreauii_group,d__Bacteria;p__Bacillota;c__Clostridia;o__Peptostreptococcales-Tissierellales;f__Peptostreptococcaceae;g__Peptostreptococcus,d__Bacteria;p__Bacillota;c__Clostridia;o__Lachnospirales;f__Lachnospiraceae;g__Enterocloster,d__Bacteria;p__Bacillota;c__Clostridia;o__Oscillospirales;f__Oscillospiraceae;g__Colidextribacter,d__Bacteria;p__Bacillota;c__Clostridia;o__Oscillospirales;f__Butyricicoccaceae;g__Agathobaculum,d__Bacteria;p__Bacillota;c__Clostridia;o__Oscillospirales;f__Oscillospiraceae;g__Oscillibacter,d__Bacteria;p__Bacillota;c__Clostridia;o__Lachnospirales;f__Lachnospiraceae;g__Incertae_Sedis,d__Bacteria;p__Bacillota;c__Clostridia;o__Lachnospirales;f__Lachnospiraceae;g__Lachnospiraceae_UCG-004,d__Bacteria;p__Bacillota;c__Clostridia;o__Oscillospirales;f__Oscillospiraceae;g__Intestinimonas,d__Bacteria;p__Verrucomicrobiota;c__Verrucomicrobiia;o__Verrucomicrobiales;f__Akkermansiaceae;g__Akkermansia,d__Bacteria;p__Bacillota;c__Clostridia;o__Oscillospirales;f__Oscillospiraceae;g__Flavonifractor,d__Bacteria;p__Bacillota;c__Clostridia;o__Lachnospirales;f__Lachnospiraceae;__,d__Bacteria;p__Bacillota;c__Clostridia;o__Lachnospirales;f__Lachnospiraceae;g__Lachnospiraceae_NK4A136_group,d__Bacteria;p__Bacillota;c__Bacilli;o__Erysipelotrichales;f__Erysipelatoclostridiaceae;g__Thomasclavelia,d__Bacteria;p__Bacteroidota;c__Bacteroidia;o__Bacteroidales;f__Rikenellaceae;g__Alistipes,d__Bacteria;p__Bacteroidota;c__Bacteroidia;o__Bacteroidales;f__Prevotellaceae;g__Paraprevotella,d__Bacteria;p__Bacillota;c__Clostridia;o__Lachnospirales;f__Lachnospiraceae;g__[Ruminococcus]_gnavus_group,d__Bacteria;p__Bacillota;c__Clostridia;o__Oscillospirales;f__Ruminococcaceae;g__Acutalibacter,d__Bacteria;p__Bacillota;c__Clostridia;o__Oscillospirales;f__Ruminococcaceae;g__Gemmiger,d__Bacteria;p__Bacillota;c__Clostridia;o__Oscillospirales;f__Ruminococcaceae;g__Phocea,d__Bacteria;p__Bacillota;c__Clostridia;o__Oscillospirales;f__Ruminococcaceae;g__Incertae_Sedis,d__Bacteria;p__Bacillota;c__Clostridia;o__Lachnospirales;f__Lachnospiraceae;g__Faecalimonas,d__Bacteria;p__Bacillota;c__Clostridia;o__Lachnospirales;f__Lachnospiraceae;g__Sellimonas,d__Bacteria;p__Bacillota;c__Clostridia;o__Clostridiales;f__Clostridiaceae;g__Clostridium,d__Bacteria;p__Bacteroidota;c__Bacteroidia;o__Bacteroidales;f__Marinifilaceae;g__Odoribacter,d__Bacteria;p__Bacillota;c__Clostridia;o__Lachnospirales;f__Lachnospiraceae;g__[Eubacterium]_ventriosum_group,d__Bacteria;p__Bacillota;c__Clostridia;o__Peptostreptococcales-Tissierellales;f__Anaerovoracaceae;g__Family_XIII_AD3011_group,d__Bacteria;p__Bacillota;c__Clostridia;o__Oscillospirales;f__Oscillospiraceae;g__Incertae_Sedis,d__Bacteria;p__Bacillota;c__Clostridia;o__Lachnospirales;f__Lachnospiraceae;g__Eisenbergiella,d__Bacteria;p__Bacillota;c__Clostridia;o__Oscillospirales;f__[Eubacterium]_coprostanoligenes_group;g__Incertae_Sedis,d__Bacteria;p__Thermodesulfobacteriota;c__Desulfovibrionia;o__Desulfovibrionales;f__Desulfovibrionaceae;g__Bilophila,d__Bacteria;p__Bacillota;c__Bacilli;o__Erysipelotrichales;f__Erysipelotrichaceae;g__Holdemania,d__Bacteria;p__Bacillota;c__Clostridia;o__Peptostreptococcales-Tissierellales;f__Family_XI;g__Peptoniphilus,d__Bacteria;p__Fusobacteriota;c__Fusobacteriia;o__Fusobacteriales;f__Fusobacteriaceae;g__Fusobacterium,d__Bacteria;p__Bacillota;c__Clostridia;o__Lachnospirales;f__Lachnospiraceae;g__Hungatella,d__Bacteria;p__Bacillota;c__Bacilli;o__Erysipelotrichales;f__Erysipelotrichaceae;g__[Clostridium]_innocuum_group,d__Bacteria;p__Bacillota;c__Clostridia;o__Lachnospirales;f__Lachnospiraceae;g__Roseburia,d__Bacteria;p__Bacteroidota;c__Bacteroidia;o__Bacteroidales;f__Marinifilaceae;g__Butyricimonas,d__Bacteria;p__Bacillota;c__Bacilli;o__Erysipelotrichales;f__Erysipelotrichaceae;g__Turicibacter,d__Bacteria;p__Bacillota;c__Clostridia;o__Peptostreptococcales-Tissierellales;f__Peptostreptococcaceae;g__Paraclostridium,d__Bacteria;p__Actinomycetota;c__Coriobacteriia;o__Coriobacteriales;f__Eggerthellaceae;g__Eggerthella,d__Bacteria;p__Bacillota;c__Clostridia;o__Lachnospirales;f__Lachnospiraceae;g__Tyzzerella,d__Bacteria;p__Bacillota;c__Clostridia;o__Oscillospirales;f__Ruminococcaceae;g__Ruthenibacterium,d__Bacteria;p__Bacillota;c__Clostridia;o__Oscillospirales;f__Oscillospiraceae;g__Oscillospira,d__Bacteria;p__Bacillota;c__Clostridia;o__Lachnospirales;f__Lachnospiraceae;g__Mediterraneibacter,d__Bacteria;p__Bacillota;c__Clostridia;o__Lachnospirales;f__Lachnospiraceae;g__Lachnospiraceae_FCS020_group,d__Bacteria;p__Bacillota;c__Clostridia;o__Peptostreptococcales-Tissierellales;f__Anaerovoracaceae;g__Family_XIII_UCG-001,d__Bacteria;p__Bacillota;c__Clostridia;o__Oscillospirales;f__Ruminococcaceae;g__Anaerotruncus,d__Bacteria;p__Bacillota;c__Bacilli;o__Lactobacillales;f__Enterococcaceae;g__Enterococcus,d__Bacteria;p__Bacillota;c__Clostridia;o__Oscillospirales;f__Ruminococcaceae;g__Harryflintia,d__Bacteria;p__Bacillota;c__Clostridia;o__Peptostreptococcales-Tissierellales;f__Peptostreptococcaceae;g__Romboutsia,d__Bacteria;p__Bacillota;c__Clostridia;o__Lachnospirales;f__Lachnospiraceae;g__Marvinbryantia,d__Bacteria;p__Bacillota;c__Clostridia;o__Monoglobales;f__Monoglobaceae;g__Monoglobus,d__Bacteria;p__Bacillota;c__Clostridia;o__Peptostreptococcales-Tissierellales;f__Family_XI;g__Finegoldia,d__Bacteria;p__Bacillota;c__Bacilli;o__Erysipelotrichales;f__Erysipelatoclostridiaceae;g__Massiliomicrobiota,d__Bacteria;p__Bacillota;c__Bacilli;o__Lactobacillales;f__Streptococcaceae;g__Streptococcus,d__Bacteria;p__Bacillota;c__Clostridia;o__Oscillospirales;f__Ruminococcaceae;__,d__Bacteria;p__Actinomycetota;c__Actinobacteria;o__Actinomycetales;f__Actinomycetaceae;g__Arcanobacterium,d__Bacteria;p__Bacillota;c__Bacilli;o__Lactobacillales;f__Lactobacillaceae;g__Weissella,d__Bacteria;p__Bacillota;c__Clostridia;o__Lachnospirales;f__Lachnospiraceae;g__Lactonifactor,d__Bacteria;p__Bacillota;c__Clostridia;o__Oscillospirales;f__Ruminococcaceae;g__Caproiciproducens,d__Bacteria;p__Bacillota;c__Negativicutes;o__Acidaminococcales;f__Acidaminococcaceae;g__Acidaminococcus,d__Bacteria;p__Bacillota;c__Clostridia;o__Lachnospirales;f__Lachnospiraceae;g__Shuttleworthia,d__Bacteria;p__Bacillota;c__Clostridia;o__Oscillospirales;f__Ruminococcaceae;g__Candidatus_Soleaferrea,d__Bacteria;p__Bacillota;c__Clostridia;o__Oscillospirales;f__Ethanoligenenaceae;g__Acetanaerobacterium,d__Bacteria;p__Bacillota;c__Clostridia;o__Christensenellales;f__Christensenellaceae;g__Christensenellaceae_R-7_group,d__Bacteria;p__Bacillota;c__Clostridia;o__Oscillospirales;f__Ruminococcaceae;g__DTU089,d__Bacteria;p__Bacillota;c__Clostridia;o__Oscillospirales;f__Ruminococcaceae;g__Paludicola,d__Bacteria;p__Bacillota;c__Clostridia;o__Peptostreptococcales-Tissierellales;f__Peptostreptococcaceae;g__Paeniclostridium,d__Bacteria;p__Bacillota;c__Clostridia;o__Lachnospirales;f__Lachnospiraceae;g__Faecalicatena,d__Bacteria;p__Bacillota;c__Clostridia;o__Christensenellales;f__Christensenellaceae;g__Christensenella,d__Bacteria;p__Bacteroidota;c__Bacteroidia;o__Bacteroidales;f__Prevotellaceae;g__Hoylesella,d__Bacteria;p__Bacillota;c__Clostridia;o__Oscillospirales;f__Ruminococcaceae;g__Angelakisella,d__Bacteria;p__Bacillota;c__Clostridia;o__Oscillospirales;f__Incertae_Sedis;g__Incertae_Sedis,d__Bacteria;p__Actinomycetota;c__Coriobacteriia;o__Coriobacteriales;f__Eggerthellaceae;g__Adlercreutzia,d__Bacteria;p__Bacillota;c__Clostridia;o__Eubacteriales;f__Anaerofustaceae;g__Anaerofustis,d__Bacteria;p__Actinomycetota;c__Coriobacteriia;o__Coriobacteriales;f__Coriobacteriales_Incertae_Sedis;g__Raoultibacter,d__Bacteria;p__Bacillota;c__Negativicutes;o__Veillonellales-Selenomonadales;f__Veillonellaceae;g__Veillonella,d__Bacteria;p__Bacillota;c__Clostridia;o__Peptostreptococcales-Tissierellales;f__Peptostreptococcaceae;g__Intestinibacter,d__Bacteria;p__Bacillota;c__Clostridia;o__Peptostreptococcales-Tissierellales;f__Family_XI;g__Murdochiella,d__Bacteria;p__Bacillota;c__Clostridia;o__Oscillospirales;f__Ruminococcaceae;g__Negativibacillus,Unassigned;__;__;__;__;__,d__Bacteria;p__Bacillota;c__Clostridia;o__Christensenellales;f__Christensenellaceae;g__Incertae_Sedis,d__Bacteria;p__Bacillota;c__Clostridia;o__Lachnospirales;f__Defluviitaleaceae;g__Defluviitaleaceae_UCG-011,d__Bacteria;p__Bacillota;c__Bacilli;o__Lactobacillales;f__Lactobacillaceae;g__Lactobacillus,d__Bacteria;p__Bacillota;c__Clostridia;o__Lachnospirales;f__Lachnospiraceae;g__GCA-900066575,d__Bacteria;p__Bacillota;c__Clostridia;o__Oscillospirales;f__Ruminococcaceae;g__[Clostridium]_methylpentosum_group,d__Bacteria;p__Actinomycetota;c__Coriobacteriia;o__Coriobacteriales;f__Eggerthellaceae;g__Gordonibacter,d__Bacteria;p__Bacillota;c__Clostridia;o__Lachnospirales;f__Lachnospiraceae;g__Fusicatenibacter,d__Bacteria;p__Bacillota;c__Clostridia;o__Peptococcales;f__Peptococcaceae;g__Incertae_Sedis,d__Bacteria;p__Bacillota;c__Clostridia;o__Lachnospirales;f__Lachnospiraceae;g__Moryella,d__Bacteria;p__Pseudomonadota;c__Gammaproteobacteria;o__Burkholderiales;f__Sutterellaceae;__,d__Bacteria;p__Pseudomonadota;c__Gammaproteobacteria;o__Burkholderiales;f__Sutterellaceae;g__Incertae_Sedis,d__Bacteria;p__Bacteroidota;c__Bacteroidia;o__Bacteroidales;f__Prevotellaceae;g__Prevotella,d__Bacteria;__;__;__;__;__,d__Bacteria;p__Bacillota;c__Clostridia;o__Oscillospirales;f__Oscillospiraceae;g__UCG-005,d__Bacteria;p__Bacillota;c__Clostridia;o__Oscillospirales;f__Oscillospiraceae;g__Papillibacter,d__Bacteria;p__Bacillota;c__Clostridia;o__Oscillospirales;f__Oscillospiraceae;__,d__Bacteria;p__Bacillota;c__Clostridia;o__Lachnospirales;f__Lachnospiraceae;g__GCA-900066755,d__Bacteria;p__Actinomycetota;c__Actinobacteria;o__Actinomycetales;f__Actinomycetaceae;g__Schaalia,d__Bacteria;p__Bacillota;c__Clostridia;o__Oscillospirales;f__Ruminococcaceae;g__Ruminococcus,d__Bacteria;p__Bacillota;c__Negativicutes;o__Veillonellales-Selenomonadales;f__Selenomonadaceae;g__Megamonas,d__Bacteria;p__Bacillota;c__Bacilli;o__Erysipelotrichales;f__Erysipelotrichaceae;g__Faecalitalea,d__Bacteria;p__Bacillota;c__Clostridia;o__Peptostreptococcales-Tissierellales;f__Family_XI;g__Anaerococcus,d__Bacteria;p__Bacillota;c__Bacilli;o__Lactobacillales;f__Lactobacillaceae;g__Limosilactobacillus,d__Bacteria;p__Bacillota;c__Clostridia;o__Peptostreptococcales-Tissierellales;f__Anaerovoracaceae;g__[Eubacterium]_brachy_group,d__Bacteria;p__Bacillota;c__Clostridia;o__Peptostreptococcales-Tissierellales;f__Anaerovoracaceae;__,d__Bacteria;p__Bacillota;c__Clostridia;o__Peptostreptococcales-Tissierellales;f__Family_XI;g__Parvimonas,d__Bacteria;p__Bacteroidota;c__Bacteroidia;o__Bacteroidales;f__Porphyromonadaceae;g__Porphyromonas,d__Bacteria;p__Bacillota;c__Bacilli;o__Bacillales;f__Bacillaceae;g__Bacillus,d__Bacteria;p__Bacteroidota;c__Bacteroidia;o__Bacteroidales;f__Prevotellaceae;g__Segatella,d__Bacteria;p__Bacillota;c__Negativicutes;o__Veillonellales-Selenomonadales;f__Veillonellaceae;g__Dialister,d__Bacteria;p__Bacillota;c__Clostridia;o__Peptostreptococcales-Tissierellales;f__Family_XI;g__Tissierella,d__Bacteria;p__Bacillota;__;__;__;__,d__Bacteria;p__Bacteroidota;c__Bacteroidia;o__Bacteroidales;f__Dysgonomonadaceae;g__Dysgonomonas,d__Bacteria;p__Patescibacteria;c__Saccharimonadia;o__Saccharimonadales;f__Saccharimonadaceae;g__TM7x,d__Bacteria;p__Bacillota;c__Clostridia;__;__;__,d__Bacteria;p__Bacillota;c__Negativicutes;o__Veillonellales-Selenomonadales;f__Veillonellaceae;g__Megasphaera,d__Bacteria;p__Bacillota;c__Clostridia;o__Lachnospirales;f__Lachnospiraceae;g__[Eubacterium]_oxidoreducens_group,d__Bacteria;p__Actinomycetota;c__Coriobacteriia;o__Coriobacteriales;f__Atopobiaceae;g__Lancefieldella,d__Bacteria;p__Bacillota;c__Bacilli;o__Lactobacillales;f__Lactobacillaceae;__,d__Bacteria;p__Bacillota;c__Bacilli;o__Erysipelotrichales;f__Erysipelotrichaceae;g__Solobacterium,BarcodeSequence,LinkerPrimerSequence,Month,Year,Feature,Subject,Cluster,Description
G-001,2373,21991,2732,324,35,5962,162,810,3811,76,895,94,480,1445,217,798,192,1732,0,1147,257,240,269,200,51,66,1086,54,154,620,10,1691,1139,80,387,517,23,260,42,23,15,417,442,91,240,70,337,227,28,0,41,10,33,13,235,153,0,20,338,36,29,359,30,43,48,0,17,92,0,134,0,16,142,18,0,6,0,4,0,46,13,6,16,64,13,0,0,24,0,8,3,9,0,0,0,12,0,17,0,3,4,0,6,0,0,0,0,6,0,0,0,0,7,0,0,6,5,0,0,0,0,0,3,0,4,0,0,0,0,0,0,0,2,2,0,0,0,0,0,ATCTCAGG,CTGTCTCTTATACACATCT,2026,5,FEC,FEC,HS-FEC,S-KUHIMM
G-006,17328,43160,1946,5200,13861,1355,5,39,517,58,2881,0,48,53,4,332,192,104,0,496,3,52,3,0,63,0,89,0,70,13,41,123,248,0,11,12,0,0,0,0,49,82,5,0,0,0,3,22,0,0,30,0,0,5,35,4,103,4,13,0,0,0,7,0,0,3,0,0,0,0,0,0,9,0,0,9,0,0,0,0,0,0,2,0,0,10,0,0,0,0,0,0,0,0,0,0,0,0,0,0,0,0,0,0,0,0,0,0,0,0,0,0,0,0,0,0,0,0,0,0,0,0,0,0,0,0,0,0,0,0,0,0,0,0,0,0,0,0,0,TAAGGCGA,CTGTCTCTTATACACATCT,2026,5,CUL,jar-6h,HS-6h-GAM-5,S-KUHIMM
G-007,13878,43228,2042,5426,16196,1249,4,53,420,159,3053,0,63,68,0,362,198,119,0,624,0,42,0,0,48,2,72,5,99,6,35,140,302,0,7,8,0,0,0,0,170,70,8,3,0,0,7,35,0,0,43,0,0,4,40,7,0,6,13,0,2,0,11,2,0,3,0,0,0,5,0,0,13,0,0,3,0,0,0,0,0,0,0,0,0,10,0,0,0,0,0,0,0,0,0,0,0,0,0,0,0,0,0,0,0,0,0,0,0,0,0,3,0,0,0,0,0,0,2,0,0,0,0,0,0,0,0,0,0,0,0,0,0,0,0,0,0,0,0,TAAGGCGA,CTGTCTCTTATACACATCT,2026,5,CUL,jar-6h,HS-6h-GAM-6,S-KUHIMM
G-008,12384,29274,3883,5293,7854,5897,1160,1595,3235,326,4844,98,845,437,0,475,2290,663,10,2132,20,659,4,0,626,55,34,39,406,77,133,151,15,94,41,13,6,0,90,3,764,80,9,0,0,0,0,33,0,0,32,29,11,66,12,0,0,27,0,3,9,0,24,0,0,26,0,0,0,0,0,0,25,0,0,10,0,0,0,0,0,0,0,0,0,66,0,0,0,0,0,0,0,0,0,0,0,0,0,0,0,0,0,0,0,0,0,0,0,0,0,0,0,0,0,0,0,0,0,0,0,0,0,0,0,0,0,2,0,0,0,0,0,0,0,0,0,0,0,TAAGGCGA,CTGTCTCTTATACACATCT,2026,5,CUL,jar-24h,HS-24h-GAM-1,S-KUHIMM
G-009,12131,33338,3879,5848,9763,3508,2290,1175,932,404,5902,104,964,435,7,558,1629,422,11,2226,9,938,5,0,300,13,25,15,207,100,106,146,10,18,40,11,0,0,158,0,1432,71,4,0,0,0,0,25,4,0,39,28,0,99,13,0,0,31,0,0,0,0,0,0,0,44,0,0,0,0,0,0,8,0,0,4,0,0,0,0,0,0,0,0,0,0,8,0,0,0,0,0,0,0,0,0,0,0,2,0,0,0,0,0,0,0,0,0,0,0,0,0,0,0,0,0,0,0,0,0,0,0,0,0,0,0,0,0,0,0,0,0,0,0,0,0,0,0,0,TAAGGCGA,CTGTCTCTTATACACATCT,2026,5,CUL,jar-24h,HS-24h-GAM-2,S-KUHIMM
G-010,12625,26262,4369,4852,6046,7710,771,1952,5716,299,4598,351,1045,509,38,553,2413,921,16,1861,29,621,0,0,1078,96,28,108,585,224,155,107,15,466,84,30,19,0,99,12,221,84,7,0,0,20,0,0,10,0,23,32,25,37,16,0,0,28,0,0,11,0,28,0,9,12,0,0,0,0,0,0,22,0,0,3,0,0,0,0,5,0,0,0,0,15,6,0,0,0,0,0,0,0,0,0,0,0,0,0,0,0,0,0,0,0,0,0,0,0,0,0,0,0,0,0,0,0,0,0,0,0,0,0,0,0,0,0,0,0,0,0,0,2,0,0,0,0,0,TAAGGCGA,CTGTCTCTTATACACATCT,2026,5,CUL,jar-24h,HS-24h-GAM-3,S-KUHIMM
G-011,9515,24026,3622,4275,5287,6435,402,1776,5178,160,4377,301,636,374,43,290,2586,925,5,1715,24,507,0,0,793,68,27,102,448,193,129,110,11,401,53,21,27,0,89,5,157,65,9,0,0,18,0,0,11,4,28,39,24,28,18,0,0,11,0,0,8,0,24,0,4,10,0,0,0,0,0,0,16,0,0,4,0,0,0,0,9,2,0,0,0,37,11,0,0,0,0,0,0,0,0,0,0,0,0,0,0,0,0,0,0,0,0,0,0,2,0,0,0,0,0,0,0,0,0,0,0,0,0,0,0,0,0,0,0,0,0,0,0,0,0,0,0,0,0,TAAGGCGA,CTGTCTCTTATACACATCT,2026,5,CUL,jar-24h,HS-24h-GAM-4,S-KUHIMM
G-012,12650,30485,3999,5540,7375,6061,499,1652,2850,186,5235,82,899,459,0,538,2672,655,10,2101,22,771,0,0,731,36,40,27,311,126,175,119,10,160,60,22,5,0,116,0,612,53,8,3,0,0,0,20,6,3,53,21,13,80,19,0,1442,11,0,0,8,0,17,0,3,31,0,0,0,0,0,0,16,0,0,7,7,0,0,0,0,0,0,0,0,34,6,5,0,0,0,0,0,0,0,0,0,0,0,0,0,0,0,0,0,0,0,0,0,0,0,4,0,0,0,0,0,0,0,0,0,0,0,0,0,0,0,0,0,0,0,0,0,0,0,0,0,0,0,TAAGGCGA,CTGTCTCTTATACACATCT,2026,5,CUL,jar-24h,HS-24h-GAM-5,S-KUHIMM
G-013,10924,28851,3516,4883,7853,4494,1094,1287,1700,122,5008,63,832,373,0,430,2208,608,6,2003,16,722,0,0,434,25,35,25,185,98,121,117,6,52,34,5,0,0,130,0,1123,44,12,0,0,0,0,15,3,0,50,30,6,101,14,0,0,8,0,0,8,0,17,0,0,40,0,0,0,0,0,0,25,0,0,8,0,0,5,0,0,0,0,0,0,28,0,0,0,0,0,0,0,0,0,0,0,0,0,0,0,0,0,0,0,0,0,0,0,0,0,0,0,0,0,0,0,0,0,0,0,0,0,0,0,0,0,0,0,0,0,0,0,0,0,0,0,0,0,TAAGGCGA,CTGTCTCTTATACACATCT,2026,5,CUL,jar-24h,HS-24h-GAM-6,S-KUHIMM
G-014,15239,20172,3444,4384,6261,2745,3609,1274,1963,212,3796,980,883,60,51,453,1132,156,494,982,6,338,12,19,47,114,24,147,61,100,74,90,0,98,35,5,91,0,24,9,192,62,0,6,0,0,0,0,9,20,42,31,16,0,9,2,0,20,0,0,17,0,11,0,7,18,13,0,0,0,0,0,9,0,0,7,0,0,0,0,5,0,0,0,0,0,0,0,0,0,0,0,0,0,0,0,0,0,0,0,0,0,0,0,0,0,0,0,0,0,0,0,0,0,0,0,0,0,0,0,0,0,0,0,0,0,0,0,0,0,0,0,0,0,0,0,0,0,0,CGTACTAG,CTGTCTCTTATACACATCT,2026,5,CUL,jar-48h,HS-48h-GAM-1,S-KUHIMM
G-015,12680,20491,2988,4463,7156,1576,3513,890,574,373,3824,814,1089,49,20,555,1126,114,202,1278,13,394,14,23,33,124,21,106,59,94,75,60,0,91,35,6,119,0,23,0,958,36,0,6,0,0,0,24,9,24,54,15,15,0,0,0,0,33,0,0,15,0,0,0,5,39,3,0,0,0,0,0,9,0,0,3,0,0,8,0,9,0,0,0,0,0,0,0,0,0,0,0,0,0,0,0,0,0,0,0,0,0,0,0,0,0,0,0,0,0,0,0,0,0,0,0,0,0,0,0,0,0,0,0,0,0,0,0,0,0,0,0,0,0,0,0,0,0,0,CGTACTAG,CTGTCTCTTATACACATCT,2026,5,CUL,jar-48h,HS-48h-GAM-2,S-KUHIMM
G-016,16838,18143,3915,4123,4947,4352,3747,1415,4180,342,3312,1488,1021,188,363,607,1127,314,670,1052,38,385,22,40,284,132,19,193,128,166,108,85,0,63,43,21,95,0,22,35,143,51,5,0,0,14,7,0,18,71,56,30,26,17,11,0,0,25,0,4,9,0,15,0,6,19,43,0,0,0,0,0,0,0,0,6,0,0,4,0,8,0,0,0,0,0,0,0,0,0,0,0,0,0,0,0,0,0,0,0,0,0,0,0,0,0,0,0,0,0,0,2,0,0,0,0,0,0,0,0,0,0,0,0,0,0,0,0,0,0,0,0,0,0,0,0,0,0,0,CGTACTAG,CTGTCTCTTATACACATCT,2026,5,CUL,jar-48h,HS-48h-GAM-3,S-KUHIMM
G-017,14382,17448,3601,3769,4583,3522,3008,1303,3615,347,3102,1266,884,199,391,541,991,240,680,956,31,345,25,24,93,117,19,208,97,179,109,133,0,40,24,15,87,0,23,40,209,50,0,0,0,16,6,30,33,58,25,30,21,16,5,2,0,35,0,0,9,0,11,0,6,16,38,0,0,0,0,0,9,0,0,0,0,2,11,0,8,5,0,0,0,0,3,4,0,0,0,0,0,0,0,0,0,0,0,0,0,0,0,2,0,0,0,0,0,0,0,0,0,0,0,0,0,0,0,0,0,0,0,0,0,0,0,0,0,0,0,0,0,0,2,0,0,0,0,CGTACTAG,CTGTCTCTTATACACATCT,2026,5,CUL,jar-48h,HS-48h-GAM-4,S-KUHIMM
G-018,15304,20775,3496,4605,6111,2698,3440,1134,1777,345,3554,809,967,30,76,585,1369,159,773,1113,29,317,11,31,114,125,11,165,57,122,92,101,2,106,41,7,119,0,29,0,161,36,5,8,0,0,8,24,10,53,29,24,12,0,0,0,186,19,0,0,7,0,9,0,0,18,18,0,0,3,0,0,9,2,0,7,0,0,10,0,12,0,0,0,0,0,0,0,0,0,0,0,0,0,0,0,0,0,0,0,0,0,0,0,0,0,0,0,0,0,0,2,0,0,0,0,0,0,0,0,0,0,0,0,0,0,0,0,0,0,0,0,0,0,0,0,0,0,0,CGTACTAG,CTGTCTCTTATACACATCT,2026,5,CUL,jar-48h,HS-48h-GAM-5,S-KUHIMM
G-019,13740,20480,3031,4355,6745,2055,3756,1227,1125,270,3824,1038,813,62,37,474,1318,120,602,1145,12,355,13,25,31,124,12,129,56,104,78,81,4,95,20,6,128,0,25,5,307,36,4,3,0,0,0,23,18,22,30,31,24,0,0,0,0,15,0,0,7,0,7,0,3,28,10,0,0,0,0,0,27,0,0,0,0,0,0,0,0,0,0,0,0,0,0,0,0,0,0,0,0,0,0,3,0,0,0,0,0,0,0,0,0,0,0,0,0,0,0,0,0,0,0,0,0,0,0,0,0,0,0,0,0,0,0,0,0,0,0,0,0,0,0,0,0,0,0,CGTACTAG,CTGTCTCTTATACACATCT,2026,5,CUL,jar-48h,HS-48h-GAM-6,S-KUHIMM
G-020,16016,21408,4119,5051,7403,2050,4638,1240,946,343,3379,1281,1698,25,148,750,1471,14,1196,1160,0,394,19,117,23,164,20,185,81,69,122,56,0,0,49,0,137,0,34,14,105,75,0,14,4,5,5,0,15,125,46,23,26,0,7,0,0,36,0,0,8,0,0,0,7,44,13,0,0,0,10,0,26,2,0,0,7,0,13,0,7,0,0,0,0,0,10,0,0,0,0,0,0,0,0,0,0,0,0,0,0,0,0,0,0,0,0,0,0,0,0,0,0,0,0,0,0,0,0,0,0,0,0,0,0,0,0,0,0,0,0,0,0,0,0,0,0,0,0,CGTACTAG,CTGTCTCTTATACACATCT,2026,5,CUL,jar-72h,HS-72h-GAM-1,S-KUHIMM
G-021,10424,17286,2797,3601,6531,359,2842,591,86,108,2164,606,500,0,25,329,1034,11,209,1073,7,59,5,80,14,112,19,97,29,58,63,16,0,41,26,6,132,0,21,0,399,43,0,6,0,0,0,27,5,77,25,0,11,0,0,5,0,20,0,0,0,0,0,0,4,28,3,0,0,0,0,0,13,0,0,0,0,0,12,0,0,0,0,0,0,0,0,0,0,0,0,0,0,0,0,0,0,0,0,0,0,0,0,0,0,0,0,0,0,0,0,0,0,0,0,0,0,0,0,0,0,0,0,0,0,0,0,0,0,0,0,0,0,0,0,0,0,0,0,CGTACTAG,CTGTCTCTTATACACATCT,2026,5,CUL,jar-72h,HS-72h-GAM-2,S-KUHIMM
G-022,20630,22860,5401,5048,6475,3708,4689,1370,2909,374,4308,1729,1358,22,383,668,1592,29,980,1166,40,359,21,85,113,171,20,231,118,67,146,77,0,41,43,13,137,0,22,37,80,56,0,16,6,29,32,0,23,141,29,27,18,6,7,0,0,28,0,6,9,0,11,0,22,30,23,0,0,3,11,0,10,0,0,8,7,0,0,0,18,0,0,0,0,0,0,3,4,0,0,0,0,0,0,0,0,0,0,0,0,2,0,0,0,0,0,0,0,0,0,2,0,0,0,0,0,0,0,0,0,0,0,0,0,0,0,0,0,0,0,0,0,0,0,2,0,0,0,AGGCAGAA,CTGTCTCTTATACACATCT,2026,5,CUL,jar-72h,HS-72h-GAM-3,S-KUHIMM
G-023,22230,27033,5894,5726,7494,2883,5370,1439,2625,728,4805,1382,1614,47,636,837,1640,31,1065,1292,33,350,25,35,47,184,30,333,132,42,164,127,0,27,37,15,148,0,22,67,182,73,0,31,8,43,32,21,37,350,50,40,33,0,12,0,0,76,0,7,10,0,11,0,12,41,15,0,0,0,14,0,16,0,0,0,5,0,0,7,16,4,6,0,0,0,0,0,8,0,0,0,0,0,0,0,0,0,0,0,0,0,0,0,0,0,0,0,0,0,0,0,0,0,0,0,0,0,0,0,0,0,0,0,0,0,0,0,0,0,0,0,0,0,0,0,0,0,0,AGGCAGAA,CTGTCTCTTATACACATCT,2026,5,CUL,jar-72h,HS-72h-GAM-4,S-KUHIMM
G-024,19348,28341,5470,6867,8756,2334,4695,1032,890,592,3935,1531,868,21,211,1019,1754,24,1607,1548,15,475,32,153,28,223,23,289,53,68,154,95,0,33,55,0,179,0,38,12,158,70,4,14,9,0,0,55,17,281,41,43,21,0,4,4,261,32,0,7,8,0,0,0,11,34,13,0,0,0,29,0,6,0,0,0,0,0,0,0,0,0,0,0,0,0,6,6,3,0,0,0,0,0,0,0,0,0,4,0,0,0,0,0,0,0,0,0,0,0,0,0,0,0,0,0,0,0,0,0,0,0,0,0,0,0,0,0,0,0,0,0,0,0,0,0,0,0,0,AGGCAGAA,CTGTCTCTTATACACATCT,2026,5,CUL,jar-72h,HS-72h-GAM-5,S-KUHIMM
G-025,17230,28588,5112,6505,10067,1780,5247,1491,489,529,3885,1526,1978,19,89,777,1830,15,1450,1458,8,409,33,185,0,178,28,195,102,106,141,93,0,47,72,9,177,0,43,0,269,89,0,19,7,0,3,36,18,230,46,56,36,0,6,0,0,53,0,0,8,0,0,0,9,44,7,0,0,0,8,0,2,0,0,7,7,3,0,0,6,0,0,0,0,0,0,0,0,0,0,0,0,0,0,0,0,0,0,0,0,0,0,0,0,0,0,0,0,0,0,0,0,0,0,0,0,0,0,0,0,0,0,0,0,0,0,0,0,0,0,0,0,0,0,0,0,0,0,AGGCAGAA,CTGTCTCTTATACACATCT,2026,5,CUL,jar-72h,HS-72h-GAM-6,S-KUHIMM
G-026,19914,30135,6713,7505,11174,2153,3516,1313,979,744,2280,1381,1336,6,310,1006,2381,11,1265,1753,13,392,34,249,14,219,38,372,118,24,189,71,0,29,69,9,119,0,37,8,167,94,0,24,12,15,0,30,6,228,46,30,39,4,0,5,0,57,0,0,12,0,0,0,7,60,0,0,0,0,31,0,8,0,0,8,0,0,0,0,0,4,0,0,0,0,8,8,11,0,0,0,0,0,0,0,0,0,0,0,0,0,0,2,0,0,0,0,0,0,0,2,0,0,0,0,0,0,0,0,0,0,0,0,0,0,0,0,0,0,0,0,0,0,0,0,0,0,0,AGGCAGAA,CTGTCTCTTATACACATCT,2026,5,CUL,jar-96h,HS-96h-GAM-1,S-KUHIMM
G-027,14350,33780,7202,6842,14519,438,3627,850,159,740,2633,866,639,0,113,928,2160,15,760,1793,7,44,23,81,0,363,27,183,87,35,121,68,0,59,64,7,333,0,70,6,1112,97,0,17,6,0,0,28,0,512,84,41,36,0,12,0,0,56,0,3,0,0,0,0,8,101,0,0,0,0,52,0,14,0,0,10,5,0,9,0,4,0,3,0,0,7,0,0,6,0,2,0,0,0,0,0,0,0,0,0,0,0,0,0,0,0,0,0,0,0,0,0,0,0,0,0,0,0,0,0,0,0,0,0,0,0,0,0,0,0,0,0,0,0,0,0,0,0,0,AGGCAGAA,CTGTCTCTTATACACATCT,2026,5,CUL,jar-96h,HS-96h-GAM-2,S-KUHIMM
G-028,23563,26718,7322,6374,8377,3672,4478,1295,2492,497,3611,572,1450,18,590,940,2042,23,1217,1482,35,484,43,24,35,186,30,393,116,61,224,107,0,27,40,0,144,0,39,38,124,92,0,29,0,35,24,48,34,305,38,51,35,6,20,0,0,65,0,6,17,0,0,0,29,35,25,0,0,0,60,0,21,3,0,9,4,0,14,0,10,5,0,0,0,0,13,0,50,0,0,0,0,0,0,0,0,0,0,0,0,2,0,0,0,0,4,0,0,0,0,2,0,0,0,0,0,0,0,0,0,0,2,0,0,0,0,0,0,0,0,0,0,0,0,0,0,0,0,AGGCAGAA,CTGTCTCTTATACACATCT,2026,5,CUL,jar-96h,HS-96h-GAM-3,S-KUHIMM
G-029,19228,24775,6493,5544,7534,1889,3427,962,1936,251,3030,106,698,9,594,682,1920,15,924,1206,19,140,27,0,0,202,17,373,141,52,192,108,0,27,31,5,131,0,24,22,199,92,0,14,8,40,14,26,27,458,60,42,26,0,13,0,0,45,2,6,11,0,0,0,8,34,14,5,0,0,62,0,20,5,0,7,0,0,7,0,9,6,7,0,0,0,11,3,59,0,0,3,0,0,0,0,0,0,0,0,0,0,0,0,0,0,0,0,0,0,0,0,0,0,0,0,0,0,0,0,0,0,0,0,0,0,0,0,0,0,0,0,0,0,0,0,0,0,0,AGGCAGAA,CTGTCTCTTATACACATCT,2026,5,CUL,jar-96h,HS-96h-GAM-4,S-KUHIMM
G-030,17478,26558,5529,6538,8907,1450,1316,547,435,290,2000,971,294,0,142,813,1549,6,1085,1236,0,110,25,84,0,156,13,238,38,18,172,50,0,0,33,4,106,0,17,6,106,71,0,20,4,5,0,30,0,300,35,30,46,0,5,3,219,44,0,0,0,0,0,0,4,45,0,0,0,0,33,0,6,2,0,5,0,0,4,0,0,0,0,0,0,0,4,0,7,0,0,0,0,0,0,0,0,0,0,0,0,0,0,0,0,0,0,0,0,0,0,0,0,0,0,0,0,0,0,0,0,0,0,0,0,0,0,0,0,0,0,0,0,0,0,0,0,0,0,TCCTGAGC,CTGTCTCTTATACACATCT,2026,5,CUL,jar-96h,HS-96h-GAM-5,S-KUHIMM
G-031,16999,31662,6600,7918,12492,1271,3435,1379,431,840,2572,1351,794,0,135,1196,2217,14,1440,1871,15,148,36,240,0,265,27,319,111,20,150,77,0,24,64,5,127,0,47,0,284,96,0,0,5,0,0,51,6,476,56,44,40,0,10,4,0,65,0,0,0,0,0,0,15,83,0,0,0,0,45,5,14,0,0,8,8,0,15,3,6,0,0,0,0,7,11,4,0,0,0,0,0,0,0,0,0,0,0,0,0,0,0,0,0,0,0,0,2,0,0,2,0,0,0,0,0,0,0,0,0,0,0,0,0,0,0,0,0,0,0,0,0,0,0,0,0,0,0,TCCTGAGC,CTGTCTCTTATACACATCT,2026,5,CUL,jar-96h,HS-96h-GAM-6,S-KUHIMM
GA-005,10595,34894,1487,2329,1033,6001,11,199,3464,468,2729,7,99,243,50,1071,110,1080,0,412,138,244,44,32,58,8,263,11,24,489,123,296,616,102,31,185,8,15,0,11,6,132,129,9,0,28,36,106,9,0,25,0,8,0,100,39,0,11,22,19,11,43,26,0,3,0,0,16,6,12,0,22,12,0,0,0,0,0,14,0,0,0,0,8,8,0,0,0,0,0,0,0,0,0,0,0,0,0,0,0,0,0,0,0,0,0,0,0,0,0,0,0,0,0,6,0,0,0,0,0,0,0,0,0,0,0,0,0,0,0,0,0,0,0,0,0,0,0,0,TCCTGAGC,CTGTCTCTTATACACATCT,2026,5,CUL,6h_96well,HS-6h-96well-P1-1,S-KUHIMM
GA-006,14448,45532,2319,4102,1460,7867,10,241,4113,1268,3970,17,106,301,55,1581,129,1276,0,583,152,391,61,38,37,21,334,29,32,531,128,385,787,123,47,161,14,40,0,14,16,180,159,8,14,44,65,178,19,0,49,13,16,10,153,62,0,32,45,14,7,60,44,0,7,0,0,23,0,15,0,22,24,0,0,8,7,0,7,11,2,0,0,8,8,0,0,0,0,0,0,4,0,0,0,0,0,0,0,3,0,0,0,0,0,0,0,0,0,0,0,0,0,0,0,0,0,0,0,0,0,0,0,0,0,0,0,0,0,0,0,0,0,0,0,0,0,0,0,TCCTGAGC,CTGTCTCTTATACACATCT,2026,5,CUL,6h_96well,HS-6h-96well-P2-1,S-KUHIMM
GA-007,3178,14563,492,641,449,3422,0,128,2091,24,744,5,67,65,14,492,65,575,0,208,80,95,20,0,74,0,110,0,0,219,25,86,109,79,18,69,0,21,0,8,0,60,63,0,5,18,19,35,0,0,9,0,0,0,13,16,0,0,19,4,0,27,11,0,0,0,0,7,0,6,0,0,0,0,0,0,0,0,0,0,0,0,0,0,0,0,0,0,0,0,0,0,0,0,0,0,0,3,0,0,0,0,0,0,0,0,0,0,0,0,0,0,0,0,0,0,0,0,0,0,0,0,0,0,0,0,0,0,0,0,0,0,0,0,0,0,0,0,0,TCCTGAGC,CTGTCTCTTATACACATCT,2026,5,CUL,6h_96well,HS-6h-96well-P1-2,S-KUHIMM
GA-008,12922,48891,2585,5135,2748,7552,11,146,3549,1031,3076,15,80,326,35,1182,114,925,0,590,141,291,65,36,37,10,177,45,89,498,156,395,805,103,50,142,5,26,9,19,4,196,99,10,26,30,48,162,19,0,58,15,8,3,162,40,0,25,56,21,5,50,37,3,6,4,4,24,8,25,0,15,24,0,0,14,11,0,19,12,0,0,0,10,6,0,0,0,0,0,0,0,0,0,0,5,0,0,0,3,0,0,0,0,0,0,0,0,0,0,0,0,0,0,0,0,0,0,0,0,0,0,0,0,0,0,0,0,0,0,0,0,0,0,0,0,0,0,0,TCCTGAGC,CTGTCTCTTATACACATCT,2026,5,CUL,6h_96well,HS-6h-96well-P2-2,S-KUHIMM
GA-009,15442,44076,2136,4219,2054,7518,10,232,4030,963,3237,11,92,336,27,1407,124,1183,0,583,181,338,48,43,93,7,309,20,66,537,187,324,773,162,66,143,0,24,7,12,9,214,135,14,22,39,68,137,20,0,48,13,10,0,149,44,0,39,42,15,0,49,50,0,9,0,0,21,12,25,0,22,52,0,0,8,5,0,12,6,0,4,0,13,4,0,0,6,0,3,0,0,0,0,0,0,0,9,0,2,0,0,0,0,0,0,4,0,0,0,0,0,0,0,0,0,6,0,0,0,0,0,0,0,0,0,0,0,0,0,0,0,0,0,0,0,0,0,0,TCCTGAGC,CTGTCTCTTATACACATCT,2026,5,CUL,6h_96well,HS-6h-96well-P1-3,S-KUHIMM
GA-010,11496,39713,2069,3681,1650,6476,12,191,3872,462,3054,16,94,253,29,1051,137,934,0,548,148,280,53,28,38,4,286,17,45,423,133,325,733,101,34,151,6,20,11,12,17,138,134,6,9,37,59,137,16,0,42,14,13,5,103,32,0,21,43,11,0,44,30,0,0,0,0,23,0,13,0,11,31,0,0,7,0,0,0,0,0,0,0,14,4,0,0,0,0,0,0,0,0,0,0,0,0,4,0,0,4,0,0,0,0,0,0,0,0,0,0,0,0,0,2,0,0,0,0,0,0,0,0,0,0,0,0,0,0,0,0,0,0,0,0,0,0,0,0,TCCTGAGC,CTGTCTCTTATACACATCT,2026,5,CUL,6h_96well,HS-6h-96well-P2-3,S-KUHIMM
GA-011,10534,51446,2171,5272,3989,5567,0,130,2251,392,1936,20,70,186,22,912,95,584,0,383,132,147,38,39,21,9,240,24,21,310,180,332,703,131,23,78,5,21,11,5,14,194,68,2,11,30,38,99,10,0,42,12,6,0,113,31,0,21,41,11,6,43,28,2,0,3,3,13,6,13,0,14,34,0,0,4,0,0,0,5,0,0,0,7,4,0,0,0,0,5,0,0,0,0,0,0,0,0,0,0,0,3,0,0,0,0,0,0,0,0,0,0,0,0,0,0,0,0,0,0,0,0,0,0,0,0,0,0,0,0,0,0,0,0,0,0,0,0,0,GGACTCCT,CTGTCTCTTATACACATCT,2026,5,CUL,6h_96well,HS-6h-96well-P1-4,S-KUHIMM
GA-012,16245,45857,2394,4578,2165,8424,20,302,4559,1279,3856,16,85,297,46,1625,129,1168,0,635,181,373,70,42,60,7,300,31,53,557,166,382,801,141,48,187,9,44,16,17,8,199,155,17,15,35,80,130,16,0,51,0,15,0,155,50,0,27,40,17,11,48,37,7,3,0,0,19,10,12,0,17,37,3,0,0,8,0,0,4,2,0,0,15,3,0,0,2,0,0,0,5,0,0,0,8,0,0,0,2,0,0,0,0,0,0,0,0,0,0,0,3,0,0,0,0,0,0,0,0,0,0,0,0,0,0,0,0,0,0,0,0,0,0,0,0,0,0,0,GGACTCCT,CTGTCTCTTATACACATCT,2026,5,CUL,6h_96well,HS-6h-96well-P2-4,S-KUHIMM
GA-013,17798,44957,2120,3782,1692,8730,17,273,4535,1118,3682,18,136,361,58,1572,174,1500,0,586,167,354,51,39,48,7,333,23,59,532,198,329,719,181,50,173,6,24,11,20,6,200,140,5,27,31,63,118,18,0,61,6,9,0,100,54,0,21,45,17,6,57,42,0,3,3,6,28,0,20,0,20,38,0,0,10,0,0,0,0,0,0,0,18,0,0,0,0,0,0,0,0,0,0,0,0,0,0,0,0,0,0,0,0,0,0,0,0,0,0,0,3,0,0,0,0,0,0,0,0,0,0,0,0,0,0,0,0,0,0,0,0,0,0,0,0,0,0,0,GGACTCCT,CTGTCTCTTATACACATCT,2026,5,CUL,6h_96well,HS-6h-96well-P1-5,S-KUHIMM
GA-014,16969,51613,2620,5387,2656,8618,11,276,4744,1365,3982,16,112,373,54,1486,138,1095,0,641,178,399,52,41,45,15,315,26,73,546,242,473,864,134,47,147,11,37,9,12,0,184,149,5,26,39,73,165,12,0,73,18,8,7,136,49,0,19,41,13,0,56,43,0,7,0,0,28,9,17,0,21,29,0,0,6,0,0,0,6,3,0,0,15,0,0,0,2,0,8,0,3,0,0,0,6,0,0,0,0,0,0,0,0,0,0,0,0,0,0,0,0,0,0,0,0,0,0,0,0,0,0,0,0,0,0,0,0,0,0,0,0,0,0,0,0,0,0,0,GGACTCCT,CTGTCTCTTATACACATCT,2026,5,CUL,6h_96well,HS-6h-96well-P2-5,S-KUHIMM
GA-015,17408,46372,2246,3827,1390,8361,8,264,4915,1207,4232,5,151,395,70,1912,186,1743,0,627,192,335,51,47,59,19,325,33,95,597,199,385,760,169,79,207,12,43,7,13,12,213,161,8,25,36,93,146,23,0,40,14,12,11,139,59,0,36,68,18,11,60,39,0,4,0,0,30,9,28,0,21,34,0,0,18,7,0,11,7,0,0,0,15,0,0,0,0,0,7,0,0,0,3,0,0,0,0,0,0,0,0,0,0,0,0,0,0,0,0,0,0,0,0,0,0,0,0,0,0,0,0,0,0,0,0,0,0,0,0,0,0,0,0,0,0,0,0,0,GGACTCCT,CTGTCTCTTATACACATCT,2026,5,CUL,6h_96well,HS-6h-96well-P1-6,S-KUHIMM
GA-016,17042,47638,2594,4094,1578,7717,12,215,4685,1493,4261,14,76,365,44,1692,151,1330,0,632,172,386,71,47,80,8,235,36,103,612,207,402,916,143,66,236,6,19,10,11,8,194,170,8,33,33,82,168,29,0,50,16,10,12,182,30,0,26,48,14,6,65,57,0,5,3,5,20,0,22,0,20,36,3,0,6,9,0,13,7,0,2,5,9,6,0,0,0,0,0,0,0,0,0,0,0,0,0,0,3,0,0,0,0,0,0,0,0,0,0,0,4,0,0,0,0,0,0,0,0,0,0,0,0,0,0,0,0,0,0,0,0,0,0,0,0,0,0,0,GGACTCCT,CTGTCTCTTATACACATCT,2026,5,CUL,6h_96well,HS-6h-96well-P2-6,S-KUHIMM
GA-017,12120,30895,4457,4890,801,5523,64,5421,4899,1405,3859,366,972,4937,351,1437,2514,1413,3,1414,375,512,164,53,1759,142,295,118,1313,1200,140,408,110,320,126,115,25,37,230,29,0,148,55,11,28,56,67,82,70,0,44,33,26,219,96,21,0,50,21,18,16,29,24,0,29,5,0,16,20,16,0,0,19,0,0,9,25,5,11,0,26,0,5,0,6,0,0,0,0,0,0,0,0,4,3,0,0,0,0,2,0,0,0,0,0,3,0,0,2,0,0,2,0,0,0,0,3,0,0,0,0,0,0,0,0,0,3,0,0,0,0,0,0,0,0,0,0,0,0,GGACTCCT,CTGTCTCTTATACACATCT,2026,5,CUL,24h_96well,HS-24h-96well-P1-1,S-KUHIMM
GA-018,8266,26790,4761,4499,878,3286,29,3726,4613,617,3226,528,662,4453,402,957,2255,878,0,1308,336,532,159,61,1929,159,219,142,1334,857,128,394,75,279,99,103,69,23,250,31,0,150,45,22,20,49,67,78,61,0,55,31,29,95,87,19,0,28,11,16,18,18,16,0,14,5,7,12,9,11,0,8,7,7,0,11,28,6,7,0,17,0,0,9,9,0,4,2,0,0,0,0,0,0,0,0,0,0,0,0,0,0,0,0,0,0,0,0,0,0,0,0,0,0,0,0,0,0,0,0,0,0,0,0,0,0,0,0,0,0,0,0,0,0,0,0,0,0,0,GGACTCCT,CTGTCTCTTATACACATCT,2026,5,CUL,24h_96well,HS-24h-96well-P2-1,S-KUHIMM
GA-019,13076,32058,4631,5375,1171,5172,38,4311,4874,921,3846,406,1157,4980,348,1161,2577,1395,0,1407,305,633,177,62,1972,145,277,150,1512,1369,167,348,107,203,116,139,27,30,96,41,7,115,64,14,8,45,63,92,51,0,60,30,38,142,66,23,0,21,14,18,42,23,22,0,8,6,0,14,11,13,0,0,15,7,0,7,22,7,11,0,12,3,3,4,6,0,0,9,0,0,0,0,0,0,2,0,0,0,0,0,0,0,0,0,0,0,0,0,0,0,0,0,0,0,0,0,0,0,0,0,0,0,0,0,0,0,0,0,0,0,0,0,0,0,0,0,0,0,0,TAGGCATG,CTGTCTCTTATACACATCT,2026,5,CUL,24h_96well,HS-24h-96well-P1-2,S-KUHIMM
GA-020,13002,33815,4941,5737,1336,5190,42,4562,5601,1407,3979,638,1124,4862,400,1087,2923,1242,0,1633,360,679,233,75,2400,167,319,149,1676,1339,181,460,84,306,154,138,46,32,118,35,7,175,70,23,20,63,80,105,65,0,50,65,36,55,59,25,0,56,21,14,40,28,31,0,15,7,6,14,9,15,0,10,14,0,0,6,20,6,16,5,14,3,5,5,4,0,4,0,0,0,0,4,0,0,0,0,0,4,0,0,0,0,0,0,0,0,0,0,0,0,0,0,0,0,0,0,0,0,0,0,0,0,0,0,0,0,0,0,0,0,0,0,0,0,0,0,0,0,0,TAGGCATG,CTGTCTCTTATACACATCT,2026,5,CUL,24h_96well,HS-24h-96well-P2-2,S-KUHIMM
GA-021,12562,37626,5270,6096,1871,6083,56,5254,6031,1715,4151,293,1028,6587,406,1188,2993,1368,0,1663,454,711,238,66,2214,179,334,167,1536,1366,171,474,84,337,135,177,22,39,66,46,0,151,109,18,18,65,84,108,73,0,57,68,34,218,76,32,0,40,26,28,38,23,34,0,18,10,0,13,10,11,4,14,30,2,0,0,18,0,17,7,18,4,6,6,0,0,0,0,0,6,0,0,0,0,0,0,0,0,2,0,0,0,3,0,0,0,0,0,0,0,0,0,0,0,0,0,0,0,0,0,0,0,0,0,0,0,0,0,0,0,0,0,0,0,0,0,0,0,0,TAGGCATG,CTGTCTCTTATACACATCT,2026,5,CUL,24h_96well,HS-24h-96well-P1-3,S-KUHIMM
GA-022,11815,33213,4964,5801,961,5472,83,5597,5597,1591,3809,648,1229,5860,558,1415,2775,1432,0,1629,401,662,236,80,2507,197,292,198,1744,1372,147,443,77,289,121,152,56,27,171,47,0,166,91,37,26,69,73,87,74,0,44,62,53,136,85,38,0,52,24,19,44,34,34,0,20,14,5,12,13,25,0,0,24,0,0,13,24,9,9,6,15,8,8,8,0,0,0,0,0,0,0,0,0,0,0,0,0,0,4,0,0,0,0,0,0,0,0,0,0,6,0,0,0,2,0,0,0,0,0,0,0,0,0,0,0,0,0,3,0,0,0,0,0,0,0,0,0,0,0,TAGGCATG,CTGTCTCTTATACACATCT,2026,5,CUL,24h_96well,HS-24h-96well-P2-3,S-KUHIMM
GA-023,13287,32679,4821,5779,852,6348,56,5823,5865,1555,3796,431,1345,5084,483,1482,2788,1845,0,1712,325,583,171,70,2268,166,309,143,1656,1285,152,382,96,297,135,117,46,35,227,29,2,155,79,22,22,67,77,105,63,0,46,45,57,217,82,16,0,61,20,20,44,25,41,3,20,11,0,11,0,19,0,10,34,0,0,7,13,5,14,7,13,2,8,12,0,0,8,0,0,0,0,0,0,0,0,0,0,0,2,0,0,0,0,0,3,0,0,0,4,0,0,0,0,0,0,0,0,0,2,0,0,0,0,0,0,0,0,0,0,0,0,0,0,0,0,0,0,0,0,TAGGCATG,CTGTCTCTTATACACATCT,2026,5,CUL,24h_96well,HS-24h-96well-P1-4,S-KUHIMM
GA-024,10046,29301,4758,5149,772,4845,66,4351,5379,1090,3615,560,918,5409,368,949,2730,1280,5,1736,314,588,179,96,2252,182,222,152,1586,1056,114,416,80,212,139,119,58,34,165,46,0,148,76,24,15,40,72,73,70,2,49,37,43,161,74,21,0,28,20,14,36,26,33,0,19,10,4,7,13,8,0,4,11,7,0,6,14,7,12,0,16,5,2,0,4,0,0,4,0,4,0,0,0,0,0,0,0,0,0,0,0,0,0,0,0,0,0,0,0,0,0,0,0,0,0,0,0,0,0,0,0,0,0,0,0,0,0,0,0,0,0,0,0,0,0,0,0,0,0,TAGGCATG,CTGTCTCTTATACACATCT,2026,5,CUL,24h_96well,HS-24h-96well-P2-4,S-KUHIMM
GA-025,11585,31616,4339,5107,992,5069,42,4745,5406,1249,3737,384,1030,4740,413,1184,2619,1411,7,1511,360,537,137,47,2149,158,299,143,1514,1262,124,367,97,211,123,127,34,39,132,17,9,119,61,17,18,43,61,97,71,0,53,34,34,138,66,21,0,49,19,20,31,28,26,0,11,0,0,11,9,15,0,9,20,3,0,6,9,4,0,0,16,6,0,0,0,0,11,4,0,0,0,0,0,0,0,0,0,6,0,2,0,0,0,0,0,0,0,0,0,0,0,0,0,0,0,0,0,0,0,0,0,0,0,0,0,0,0,0,0,0,0,0,0,0,0,0,0,0,0,TAGGCATG,CTGTCTCTTATACACATCT,2026,5,CUL,24h_96well,HS-24h-96well-P1-5,S-KUHIMM
GA-026,12128,30902,5276,5551,1104,4964,41,4295,4963,923,3519,658,1157,5017,405,1020,2738,1081,6,1654,332,645,151,84,2307,150,241,165,1642,1194,147,419,92,243,117,119,49,29,139,36,0,135,87,16,16,63,80,93,64,6,46,29,47,116,59,22,0,18,23,17,41,21,26,0,9,5,0,7,0,7,0,9,11,0,0,10,12,9,0,0,17,7,0,6,10,0,0,2,0,0,2,0,0,0,0,0,0,3,3,0,0,0,0,0,0,0,0,0,0,0,0,0,0,0,0,0,0,0,0,0,0,0,0,0,0,0,0,0,0,0,0,0,0,0,0,0,0,0,0,TAGGCATG,CTGTCTCTTATACACATCT,2026,5,CUL,24h_96well,HS-24h-96well-P2-5,S-KUHIMM
GA-027,10149,34997,5160,5816,863,5405,71,5796,6149,827,4097,405,597,5715,390,1389,2701,1799,10,1397,368,610,152,36,2242,155,262,163,1605,1191,136,400,114,200,130,136,50,35,184,43,0,147,76,25,18,66,104,110,65,0,61,34,36,200,73,29,0,46,30,26,24,32,35,0,16,10,0,10,0,18,0,4,9,0,0,9,13,8,0,0,26,0,3,6,7,0,0,0,0,0,0,0,0,0,0,0,0,0,0,0,0,0,0,0,0,0,0,0,0,0,3,0,0,0,0,0,0,0,0,0,0,0,0,0,0,0,0,0,0,0,0,0,0,0,0,0,0,0,0,CTCTCTAC,CTGTCTCTTATACACATCT,2026,5,CUL,24h_96well,HS-24h-96well-P1-6,S-KUHIMM
GA-028,8849,33019,4899,5364,799,4780,183,5894,5679,1263,3968,538,565,5426,495,1345,2840,1413,10,1204,368,659,158,70,2211,224,205,170,1527,1211,160,421,81,172,131,184,43,45,246,31,11,134,59,31,21,57,79,102,56,0,44,48,60,194,85,32,0,38,24,21,26,18,23,0,21,9,13,8,13,10,0,5,17,0,0,4,19,12,0,0,11,0,0,7,0,0,0,5,0,5,0,2,0,4,0,0,0,0,0,0,0,0,0,0,0,0,0,0,0,0,0,0,0,0,0,0,0,0,0,0,0,0,0,0,0,0,0,0,0,0,0,0,0,0,0,0,0,0,0,CTCTCTAC,CTGTCTCTTATACACATCT,2026,5,CUL,24h_96well,HS-24h-96well-P2-6,S-KUHIMM
GA-029,11468,29910,6770,6861,906,3743,2575,6859,1951,2187,3997,2441,902,1285,1485,1947,2039,1424,1257,1190,626,888,389,609,833,571,240,357,544,1099,199,626,12,258,192,161,319,199,189,251,0,183,59,272,115,79,100,141,93,55,44,54,62,8,90,33,0,33,22,19,26,15,14,86,36,6,64,17,13,24,5,14,14,26,0,6,0,16,0,11,8,7,13,8,5,0,0,4,0,6,0,0,0,0,0,0,0,0,0,0,0,2,0,0,0,0,0,0,0,0,0,0,0,0,0,0,0,0,0,0,0,0,0,0,0,0,0,0,0,0,0,0,0,0,0,0,0,0,0,CTCTCTAC,CTGTCTCTTATACACATCT,2026,5,CUL,48h_96well,HS-48h-96well-P1-1,S-KUHIMM
GA-030,12460,28227,7194,6538,986,3490,2296,6200,1848,2309,3878,2588,879,1434,1787,2089,1958,1062,1003,1107,580,830,429,744,1026,495,222,389,696,749,218,647,8,182,165,148,262,299,211,282,0,208,79,272,115,95,149,122,80,42,49,75,53,0,76,37,0,65,13,19,21,21,13,73,49,4,45,17,25,19,0,13,18,0,0,9,7,11,4,8,7,5,13,18,7,0,0,8,0,4,0,4,0,0,0,0,0,0,0,0,3,0,6,0,0,0,0,0,0,0,0,2,0,0,0,0,0,0,0,0,0,0,0,0,0,0,0,0,3,0,0,0,0,0,0,0,0,0,0,CTCTCTAC,CTGTCTCTTATACACATCT,2026,5,CUL,48h_96well,HS-48h-96well-P2-1,S-KUHIMM
GA-031,12037,26830,5899,5954,723,3814,2115,6768,1858,2194,3417,2064,1049,1404,1569,1867,2059,1164,1265,1228,594,724,346,541,829,431,283,356,580,1132,158,534,8,203,157,129,279,222,168,260,29,151,68,248,99,92,127,97,86,36,40,84,74,5,91,26,0,72,12,14,26,19,26,72,50,7,58,24,13,15,0,10,22,3,0,5,4,7,0,6,2,13,8,0,5,0,0,8,0,9,0,0,0,0,0,0,0,0,0,0,0,0,0,0,0,0,0,0,0,0,0,0,0,0,0,0,0,0,0,0,0,0,0,0,0,0,0,0,0,0,0,0,0,0,0,0,0,0,0,CTCTCTAC,CTGTCTCTTATACACATCT,2026,5,CUL,48h_96well,HS-48h-96well-P1-2,S-KUHIMM
GA-032,10551,27931,6578,6570,878,3368,2772,4932,1748,1907,3676,2094,689,1266,1361,1604,1765,1099,1220,970,558,722,374,553,1211,488,258,309,819,620,140,543,16,167,153,168,270,305,135,222,0,190,62,237,101,70,98,127,83,35,60,80,50,8,79,23,0,59,31,25,18,25,9,60,38,8,38,15,18,20,0,9,10,0,0,0,0,13,16,0,6,5,18,7,7,4,0,0,0,5,0,10,2,0,0,0,0,0,0,0,0,0,0,0,0,0,0,0,0,0,2,2,0,0,3,0,0,0,0,0,0,0,0,0,0,0,0,0,0,0,0,0,0,0,0,0,2,0,0,CTCTCTAC,CTGTCTCTTATACACATCT,2026,5,CUL,48h_96well,HS-48h-96well-P2-2,S-KUHIMM
GA-033,12597,28638,6492,6579,957,3293,1761,5713,1729,1675,3716,2221,792,1498,909,1734,1733,1241,968,1092,589,769,310,579,818,495,174,354,546,1112,195,480,5,166,145,121,218,147,175,235,5,158,62,236,118,60,107,112,81,54,43,42,74,0,62,36,0,67,11,18,25,15,12,82,49,7,34,11,12,8,6,10,33,2,0,4,0,10,16,0,0,9,6,4,0,0,0,2,0,4,0,8,0,0,0,0,0,0,0,0,0,0,0,0,0,0,0,0,0,0,4,0,0,0,0,0,0,0,0,0,0,0,0,0,0,0,0,0,0,0,0,0,0,0,0,0,0,0,0,CTCTCTAC,CTGTCTCTTATACACATCT,2026,5,CUL,48h_96well,HS-48h-96well-P1-3,S-KUHIMM
GA-034,12101,23513,6131,5872,790,2627,1710,5098,1345,984,3334,1814,591,974,852,1363,1590,758,658,875,525,642,224,659,687,361,123,246,406,692,182,433,5,154,105,91,193,216,138,194,2,189,65,183,88,56,88,80,68,34,33,34,55,8,53,23,0,33,20,24,5,9,12,48,34,7,37,12,19,9,0,10,9,27,0,7,5,9,16,6,11,8,5,0,0,0,0,0,0,0,0,0,0,0,0,0,0,0,0,0,0,0,0,0,0,0,0,0,4,0,0,0,0,0,0,0,0,0,0,0,0,0,0,0,0,0,0,0,0,0,0,0,0,0,0,0,0,0,0,CTCTCTAC,CTGTCTCTTATACACATCT,2026,5,CUL,48h_96well,HS-48h-96well-P2-3,S-KUHIMM
GA-035,10894,26414,5805,5282,2786,3371,515,3992,1394,984,3175,2086,1023,1580,1229,1006,2207,870,636,1136,781,607,306,166,716,421,224,248,614,577,229,486,10,277,138,62,323,102,188,132,12,209,81,167,70,41,77,112,58,43,36,84,45,0,82,20,0,32,5,10,34,16,12,83,17,10,53,7,0,15,0,0,13,0,0,7,0,0,19,7,3,3,6,4,0,0,0,3,0,10,0,0,0,0,0,0,0,0,0,0,0,0,0,0,0,0,0,0,3,0,0,0,0,0,0,0,0,0,0,0,0,0,0,0,0,0,0,0,0,0,0,0,0,0,0,0,0,0,0,CGAGGCTG,CTGTCTCTTATACACATCT,2026,5,CUL,48h_96well,HS-48h-96well-P1-4,S-KUHIMM
GA-036,11409,23322,5909,5467,1169,3208,1104,5473,1323,1697,2883,2150,1076,1088,1154,1192,1839,760,1040,1023,575,638,303,540,776,384,209,338,555,529,146,574,5,207,121,122,255,252,198,227,0,164,44,207,99,67,118,111,62,50,35,72,66,0,53,32,0,48,18,18,18,8,9,35,34,10,36,14,14,11,0,10,16,12,0,0,5,9,17,4,0,11,0,0,7,0,0,2,0,5,0,0,0,4,0,0,0,0,0,0,2,0,0,0,0,0,0,3,0,0,0,0,0,0,0,0,0,0,0,0,0,0,0,0,0,0,0,0,0,3,0,0,0,0,0,0,0,0,0,CGAGGCTG,CTGTCTCTTATACACATCT,2026,5,CUL,48h_96well,HS-48h-96well-P2-4,S-KUHIMM
GA-037,14296,27842,6514,6324,810,3470,2084,6220,1892,1826,3665,2207,1367,1084,1464,1716,2002,1329,1163,1176,585,776,290,537,736,532,197,351,528,1139,189,559,16,197,180,141,254,181,211,209,17,194,74,239,93,72,112,113,71,28,30,83,62,0,67,28,0,53,7,17,22,20,8,75,48,5,44,10,11,15,0,8,0,8,0,10,8,7,20,0,12,5,0,10,5,0,0,4,0,10,0,0,2,5,0,0,0,0,0,3,0,0,0,0,0,0,0,0,0,0,0,8,0,0,0,0,0,0,0,0,0,0,0,0,0,0,0,0,0,0,3,0,0,0,0,0,0,0,0,CGAGGCTG,CTGTCTCTTATACACATCT,2026,5,CUL,48h_96well,HS-48h-96well-P1-5,S-KUHIMM
GA-038,12889,23547,6324,5693,752,3097,2228,5613,1590,1877,3253,2311,1195,1199,1414,1556,1802,893,831,1174,595,692,308,633,920,461,199,355,684,737,158,599,9,202,149,116,250,270,208,233,3,165,73,253,117,85,117,101,64,33,52,86,67,0,51,32,0,55,19,31,20,12,10,57,25,0,45,13,11,19,0,6,16,7,0,5,11,4,10,14,5,8,6,9,0,3,0,6,0,5,4,0,0,0,0,0,0,0,0,0,0,0,3,0,0,0,0,0,0,0,0,3,0,0,0,0,0,0,0,0,0,0,0,0,0,0,0,0,0,0,0,0,0,0,0,0,0,0,0,CGAGGCTG,CTGTCTCTTATACACATCT,2026,5,CUL,48h_96well,HS-48h-96well-P2-5,S-KUHIMM
GA-039,14229,24993,5843,5886,872,3453,1877,5700,1840,2068,3550,2146,1458,1679,1580,1756,2022,1111,971,1108,618,770,387,589,625,517,223,330,490,1124,188,509,10,222,172,154,248,130,182,200,4,169,66,283,103,79,97,106,52,39,47,59,60,0,80,34,0,65,10,13,27,35,8,95,50,6,43,7,9,15,0,9,15,0,0,7,9,13,15,0,0,6,8,4,0,0,7,3,0,0,0,0,0,0,0,0,0,0,5,2,0,4,0,0,0,0,0,0,0,0,0,0,0,0,0,0,0,0,0,0,0,0,0,5,0,0,0,0,0,0,0,0,0,0,0,0,0,0,0,CGAGGCTG,CTGTCTCTTATACACATCT,2026,5,CUL,48h_96well,HS-48h-96well-P1-6,S-KUHIMM
GA-040,13965,22471,6191,5821,936,2881,1810,4959,1560,1806,3317,2143,1169,1176,1321,1479,1780,743,712,1157,497,637,293,822,829,369,156,297,559,777,192,553,5,190,124,104,190,256,210,253,0,171,51,201,71,77,129,110,79,35,44,94,72,4,55,29,0,53,13,28,16,9,17,54,30,5,46,8,14,10,7,8,8,0,0,8,5,11,0,0,7,7,10,0,6,0,6,4,0,4,0,0,0,0,0,0,0,0,2,0,0,0,0,0,0,5,3,0,0,0,0,0,0,0,0,0,0,0,0,0,0,0,0,0,0,0,0,0,0,0,0,2,0,0,0,0,0,2,0,CGAGGCTG,CTGTCTCTTATACACATCT,2026,5,CUL,48h_96well,HS-48h-96well-P2-6,S-KUHIMM
GA-041,12877,24277,5928,5423,687,3028,2196,5847,1739,1816,3421,1639,1132,897,1129,1683,2018,1101,1325,1063,516,705,287,431,689,442,209,317,455,826,154,533,0,146,125,140,242,150,195,238,0,162,83,188,87,84,132,98,61,37,38,41,70,7,59,19,0,56,24,28,13,14,14,63,24,11,38,9,14,12,4,5,0,0,0,6,12,6,0,9,12,0,7,4,0,0,0,0,2,0,4,0,4,4,0,0,0,0,0,0,0,0,0,0,0,0,0,0,0,0,0,0,0,0,0,0,0,6,0,0,0,0,0,0,0,0,0,0,0,0,0,0,0,2,0,2,0,0,0,CGAGGCTG,CTGTCTCTTATACACATCT,2026,5,CUL,48h_96well,HS-48h-96well-P1-7,S-KUHIMM
GA-042,11564,22752,5631,5372,714,2715,3277,5386,1496,1291,3336,1785,1114,642,1024,1323,2060,756,1319,1026,513,619,276,730,764,381,183,306,507,587,157,485,9,182,121,142,273,234,177,201,4,115,52,177,53,63,95,104,80,38,45,93,49,7,71,33,0,51,11,17,19,17,4,39,24,0,37,12,8,11,0,3,21,0,0,6,9,6,0,0,5,5,8,8,11,0,0,8,0,4,0,5,0,5,0,0,0,0,0,0,0,0,0,0,0,0,0,0,0,0,0,0,0,0,0,0,0,0,0,0,0,0,0,0,0,0,0,0,0,0,0,0,0,0,0,0,0,0,0,CGAGGCTG,CTGTCTCTTATACACATCT,2026,5,CUL,48h_96well,HS-48h-96well-P2-7,S-KUHIMM
GA-043,14620,27564,6434,6307,211,3292,3018,5610,1408,848,3515,1708,1911,51,1174,1678,1465,223,852,1117,554,569,250,472,299,358,256,280,217,129,144,591,6,112,153,93,238,402,65,237,10,175,79,155,93,97,112,134,62,73,40,21,64,0,79,41,0,63,21,23,21,20,8,22,32,10,14,17,33,13,14,10,22,9,0,5,8,13,0,4,4,8,13,6,0,17,12,5,0,0,0,0,4,0,0,0,0,0,0,0,0,0,0,0,0,0,0,0,0,0,0,4,0,0,0,0,0,0,0,0,0,0,0,0,0,0,0,0,0,0,0,0,0,0,0,0,0,0,0,AAGAGGCA,CTGTCTCTTATACACATCT,2026,5,CUL,72h_96well,HS-72h-96well-P1-1,S-KUHIMM
GA-044,16492,28684,7853,7507,270,3478,3222,5300,1388,1753,2890,2467,1387,86,1552,1566,1654,190,716,1060,597,530,408,792,283,391,287,387,303,170,212,691,0,213,160,133,227,410,92,263,15,195,75,227,88,111,119,133,71,60,40,54,52,0,60,37,0,71,15,25,22,24,10,31,48,8,15,16,30,15,14,15,29,60,0,7,0,7,0,7,3,6,7,7,0,26,0,7,2,0,3,0,0,4,0,0,0,0,3,4,0,0,0,0,5,0,0,0,0,0,0,2,0,0,0,0,5,0,0,0,0,0,0,0,0,0,0,0,0,0,0,0,0,0,0,0,0,0,0,AAGAGGCA,CTGTCTCTTATACACATCT,2026,5,CUL,72h_96well,HS-72h-96well-P2-1,S-KUHIMM
GA-045,17739,28438,6912,6633,252,3881,3458,5498,1375,2194,3603,2263,1896,48,1680,2073,1637,276,839,954,658,808,572,1155,250,503,235,399,179,177,174,559,0,107,192,108,213,506,72,263,11,213,76,200,124,99,108,129,99,73,65,78,81,0,65,29,0,75,22,33,24,20,10,24,31,5,23,18,17,14,8,14,33,0,0,10,8,9,0,15,0,10,8,7,3,9,0,8,0,0,5,9,3,0,0,0,0,0,0,0,3,0,0,0,8,0,3,0,0,0,0,0,0,0,0,0,0,0,0,0,0,0,0,0,0,0,0,0,0,0,0,0,0,0,0,0,0,0,0,AAGAGGCA,CTGTCTCTTATACACATCT,2026,5,CUL,72h_96well,HS-72h-96well-P1-2,S-KUHIMM
GA-046,18328,28972,7935,7719,343,3523,3589,5393,1295,2311,3070,2550,1648,95,1993,1812,1670,194,752,1012,703,797,533,1314,256,483,309,485,255,200,209,727,0,160,185,105,172,591,86,329,15,235,99,167,152,90,109,156,109,63,88,90,57,0,92,38,0,85,14,27,21,19,14,13,53,4,24,12,37,23,17,9,7,4,0,9,0,13,0,0,8,6,11,9,12,0,13,0,0,5,9,8,0,7,0,0,0,0,0,3,0,0,0,0,0,0,0,0,0,0,0,0,0,0,0,0,0,0,0,0,0,0,0,0,0,0,0,0,0,0,0,0,0,0,0,0,0,0,0,AAGAGGCA,CTGTCTCTTATACACATCT,2026,5,CUL,72h_96well,HS-72h-96well-P2-2,S-KUHIMM
GA-047,13533,34688,6988,7105,2071,4855,2965,2222,935,2519,2986,1538,1521,50,2732,1772,2003,565,552,999,824,695,554,409,439,455,233,289,425,169,384,527,11,339,146,93,222,286,66,277,31,249,91,122,72,78,119,129,88,119,100,84,73,0,119,37,0,81,13,39,38,24,26,20,27,13,20,15,0,19,11,21,20,0,0,11,3,15,0,5,0,8,0,7,0,0,4,0,2,0,0,4,0,0,2,0,0,0,0,0,0,0,0,0,0,0,0,0,0,0,0,0,0,0,0,0,0,0,3,0,0,0,0,0,0,0,0,0,0,0,0,0,0,2,0,0,0,0,0,AAGAGGCA,CTGTCTCTTATACACATCT,2026,5,CUL,72h_96well,HS-72h-96well-P1-3,S-KUHIMM
GA-048,14250,29658,7321,6801,812,4583,3519,5029,907,2479,2462,2044,1200,88,2166,1460,1631,199,638,1145,673,718,566,1176,326,395,168,354,328,123,209,649,0,174,166,89,212,332,67,304,32,243,84,224,132,97,117,147,94,62,84,78,68,0,84,28,0,69,26,35,30,16,21,20,44,15,28,17,18,16,11,13,13,44,0,4,6,14,0,9,7,7,14,8,8,0,5,7,0,0,0,0,3,4,0,11,0,0,0,0,0,4,0,3,0,0,0,0,0,0,0,0,0,0,0,0,5,0,0,0,0,0,0,0,0,0,0,0,0,0,0,0,0,0,0,0,0,0,0,AAGAGGCA,CTGTCTCTTATACACATCT,2026,5,CUL,72h_96well,HS-72h-96well-P2-3,S-KUHIMM
GA-049,18437,29735,6577,6450,1514,4333,2823,4026,886,2450,2836,2206,1851,136,1543,1364,1754,425,535,905,819,658,503,1092,201,484,223,383,263,238,321,553,0,234,181,82,161,227,70,238,9,236,98,138,122,59,102,102,91,76,63,76,75,0,97,24,0,64,16,33,21,11,10,20,35,9,27,15,14,19,11,17,33,56,0,11,9,7,0,5,3,8,7,6,6,0,4,13,0,0,0,5,4,0,0,0,0,0,0,0,0,2,0,0,6,0,0,0,0,0,0,2,0,0,0,0,0,0,0,0,0,0,0,0,0,0,0,0,0,0,0,0,0,0,0,0,0,0,0,AAGAGGCA,CTGTCTCTTATACACATCT,2026,5,CUL,72h_96well,HS-72h-96well-P1-4,S-KUHIMM
GA-050,14893,25884,6859,6367,454,3325,3046,4660,1086,1672,2486,2413,1418,93,1432,1229,1391,188,608,984,574,681,440,1179,237,419,243,395,242,128,228,640,0,144,150,83,204,518,81,244,6,214,71,197,132,94,109,122,82,58,41,67,46,0,87,32,14,65,23,28,13,18,9,18,43,7,17,14,29,17,13,10,24,39,0,4,7,10,0,15,6,0,6,10,6,0,0,6,0,5,5,4,5,4,0,0,0,0,0,0,0,0,0,0,0,0,0,0,0,0,0,0,0,2,0,0,0,0,0,0,0,0,0,0,0,0,0,0,0,0,0,0,0,0,0,0,0,0,0,AAGAGGCA,CTGTCTCTTATACACATCT,2026,5,CUL,72h_96well,HS-72h-96well-P2-4,S-KUHIMM
GA-051,16254,28351,7071,6652,253,3657,3536,6189,1380,861,3720,1780,2004,33,1528,1649,1874,237,972,1092,603,832,433,893,267,454,268,377,257,122,177,633,4,61,176,93,260,544,82,232,5,191,98,134,111,90,130,143,96,100,67,80,62,9,66,29,20,57,25,22,41,12,10,28,20,8,23,19,33,18,0,13,16,0,0,12,7,8,0,11,0,5,11,6,7,0,0,5,0,0,4,3,7,3,0,0,0,0,0,0,0,0,0,0,0,0,0,0,0,0,0,2,0,0,0,0,0,0,0,0,0,0,0,0,0,0,0,0,0,0,0,0,0,0,0,0,0,0,0,GTAGAGGA,CTGTCTCTTATACACATCT,2026,5,CUL,72h_96well,HS-72h-96well-P1-5,S-KUHIMM
GA-052,13183,26928,6797,6305,232,2734,4341,5975,1111,1289,3792,1487,1214,35,1452,1638,1670,152,1040,1101,530,790,417,1132,199,357,295,349,232,104,144,639,0,100,167,96,233,617,37,221,9,209,76,129,113,107,128,110,100,47,54,71,47,8,77,31,0,53,13,25,22,23,4,14,30,10,11,17,34,15,6,14,9,0,6,17,7,14,0,6,8,9,15,8,13,0,8,7,0,0,6,0,0,3,7,0,0,0,0,0,0,0,0,0,0,0,0,0,0,0,0,0,0,0,0,0,0,0,0,2,0,0,0,0,0,0,0,2,0,0,0,0,0,0,0,0,0,0,0,GTAGAGGA,CTGTCTCTTATACACATCT,2026,5,CUL,72h_96well,HS-72h-96well-P2-5,S-KUHIMM
GA-053,19268,30032,8341,7946,336,3882,3242,6604,1754,2069,4053,1576,1839,86,1777,2089,1978,188,1069,1148,679,905,565,1203,273,470,273,489,247,226,202,787,0,151,196,104,253,564,102,285,19,216,109,150,139,94,151,140,139,144,66,90,50,4,79,34,0,61,24,35,26,19,10,11,58,14,18,23,36,17,18,22,29,63,0,8,0,10,0,13,14,9,13,5,8,0,0,9,0,0,4,3,0,0,8,0,0,0,4,4,0,0,0,0,0,6,0,0,0,0,0,0,0,0,0,0,0,0,0,0,0,0,0,0,0,0,0,0,0,0,0,0,0,0,0,0,0,0,0,GTAGAGGA,CTGTCTCTTATACACATCT,2026,5,CUL,72h_96well,HS-72h-96well-P1-6,S-KUHIMM
GA-054,14878,30266,8556,8218,279,3417,4283,6528,1309,2442,4098,944,1185,79,2310,2104,2003,226,1022,1219,645,1101,579,1029,360,486,318,445,391,81,198,767,0,95,227,126,274,599,63,245,23,219,114,145,142,125,141,171,106,82,54,95,75,6,115,42,0,73,28,32,27,20,0,20,50,8,15,14,23,15,22,12,19,12,5,7,0,20,0,9,6,10,14,8,13,0,0,12,0,0,4,0,6,0,10,0,0,0,0,0,2,0,0,0,0,0,0,0,0,0,0,0,0,0,0,0,0,0,0,0,0,0,0,0,0,0,0,0,0,0,0,0,0,0,0,0,0,0,0,GTAGAGGA,CTGTCTCTTATACACATCT,2026,5,CUL,72h_96well,HS-72h-96well-P2-6,S-KUHIMM
GA-055,18794,33499,8990,8575,93,4005,3707,6347,1650,2409,3257,656,1414,32,2355,2324,1947,123,827,937,650,1089,756,174,115,412,395,508,186,34,177,843,5,50,257,82,144,260,43,277,19,271,125,141,160,146,195,204,106,210,76,55,40,9,94,46,0,76,14,46,22,28,9,10,56,6,0,16,42,17,26,21,11,63,57,8,10,20,9,10,11,10,16,15,19,0,0,7,9,0,8,0,5,8,0,0,3,0,4,0,6,0,0,4,0,0,0,0,2,0,0,0,0,0,0,0,0,0,3,0,0,0,0,0,0,0,0,0,0,0,0,0,0,0,0,0,0,0,0,GTAGAGGA,CTGTCTCTTATACACATCT,2026,5,CUL,96h_96well,HS-96h-96well-P1-1,S-KUHIMM
GA-056,18562,31159,9193,8402,118,3081,3611,5509,1350,2382,2514,819,989,20,2196,2023,1884,101,692,838,659,971,804,398,119,369,222,537,180,54,222,851,0,73,207,61,74,407,73,292,18,212,102,208,176,146,206,193,124,140,53,70,46,7,63,31,0,73,25,45,12,32,8,15,67,7,0,23,36,14,17,13,18,4,14,8,15,13,0,17,6,14,22,21,12,0,0,11,0,3,8,6,3,0,0,7,0,0,0,4,0,0,0,0,0,0,0,0,0,0,0,0,0,0,0,0,0,0,0,0,0,0,0,0,0,0,0,0,0,0,0,0,0,0,0,0,0,0,0,GTAGAGGA,CTGTCTCTTATACACATCT,2026,5,CUL,96h_96well,HS-96h-96well-P2-1,S-KUHIMM
GA-057,18844,32351,8142,7442,78,4154,3519,5155,1513,2129,2984,1202,1567,24,1788,2048,1897,109,848,1037,752,939,717,261,118,540,345,469,157,63,155,695,3,53,225,59,161,264,56,230,24,263,124,191,223,114,160,195,90,180,45,72,48,10,101,44,0,76,18,34,19,21,10,11,64,7,0,21,36,13,18,11,11,11,173,8,13,18,7,7,20,11,11,15,9,0,6,8,15,0,7,7,7,0,0,0,0,0,0,0,0,0,0,0,0,0,0,0,0,0,0,0,0,0,0,0,0,0,0,0,0,0,0,0,0,0,0,0,0,0,0,0,0,0,0,0,0,0,0,GTAGAGGA,CTGTCTCTTATACACATCT,2026,5,CUL,96h_96well,HS-96h-96well-P1-2,S-KUHIMM
GA-058,14669,19338,5228,4932,100,2776,1869,3387,917,899,1830,658,738,24,1122,1178,1280,57,271,567,424,514,437,346,66,211,188,263,171,65,131,473,5,80,123,40,53,455,59,224,0,160,67,100,71,99,115,126,80,69,26,46,28,0,51,24,0,28,7,13,20,15,6,0,44,7,0,11,30,15,12,5,5,5,9,5,7,6,9,6,0,7,6,12,4,0,0,8,0,0,0,3,5,0,0,0,0,0,0,2,0,0,0,0,0,0,0,0,0,0,0,0,0,0,0,0,0,0,0,0,0,0,0,0,0,0,0,0,0,0,0,0,0,0,0,0,0,0,0,GTAGAGGA,CTGTCTCTTATACACATCT,2026,5,CUL,96h_96well,HS-96h-96well-P2-2,S-KUHIMM
GA-059,17456,26101,6910,6386,101,3878,2594,3275,1087,730,2172,1425,1071,24,1416,1429,1430,86,638,740,656,757,418,442,38,335,239,339,102,51,173,521,2,61,169,41,66,235,50,213,4,214,82,169,115,107,158,125,57,124,44,41,33,0,94,36,0,56,10,13,22,19,0,8,31,2,0,10,25,12,15,18,22,56,27,3,0,5,0,7,10,6,9,11,4,0,5,6,8,0,5,0,6,4,0,0,4,0,0,0,0,0,0,0,4,0,0,0,0,0,0,0,0,0,0,0,0,0,0,0,0,0,0,0,0,0,0,0,0,0,0,0,0,0,0,0,0,0,0,GCTCATGA,CTGTCTCTTATACACATCT,2026,5,CUL,96h_96well,HS-96h-96well-P1-3,S-KUHIMM
GA-060,15268,30854,7814,7155,107,3849,3400,5438,1145,1279,2259,632,449,26,1636,1805,1597,84,590,859,602,806,538,183,152,387,286,397,260,53,172,641,0,54,178,61,116,336,45,218,7,206,105,142,144,106,135,165,117,98,45,63,33,6,132,47,0,58,16,44,17,35,6,8,36,8,0,30,28,17,13,13,36,7,54,7,10,15,12,16,0,9,16,12,9,3,0,8,0,0,0,4,5,0,0,0,0,0,0,0,0,0,0,0,0,0,0,0,0,0,0,0,0,3,4,0,0,0,0,0,0,0,0,0,0,0,0,0,0,0,0,0,0,0,0,0,0,0,2,GCTCATGA,CTGTCTCTTATACACATCT,2026,5,CUL,96h_96well,HS-96h-96well-P2-3,S-KUHIMM
GA-061,15461,32333,7481,7538,727,6691,3058,1666,732,2385,2262,1196,1173,17,2522,2148,1532,130,240,818,792,690,537,298,141,316,255,313,150,114,399,583,0,135,160,49,175,335,41,355,16,226,104,179,98,85,158,153,96,245,48,49,31,0,119,33,0,96,15,38,25,17,7,12,32,24,12,17,20,11,38,16,28,57,17,4,0,19,0,5,0,10,10,5,9,0,0,9,18,4,0,0,0,0,12,8,4,0,0,0,0,2,0,0,0,0,0,0,0,3,0,0,0,0,0,0,0,0,0,0,3,0,2,0,0,2,0,0,0,0,0,0,0,0,0,0,0,0,0,GCTCATGA,CTGTCTCTTATACACATCT,2026,5,CUL,96h_96well,HS-96h-96well-P1-4,S-KUHIMM
GA-062,17621,29852,8410,7167,325,5451,3175,4173,857,2610,1308,906,1253,36,2118,1969,1248,61,610,806,814,847,657,648,99,488,256,471,74,41,238,716,0,105,190,47,88,610,71,390,5,246,120,208,195,114,183,159,96,160,49,78,31,8,100,63,0,106,41,46,17,29,13,8,62,19,0,35,18,20,38,9,33,48,25,7,6,13,0,13,12,7,17,20,8,0,0,13,0,0,8,8,4,9,11,0,6,0,0,3,2,2,0,0,0,0,0,0,0,0,0,0,0,0,0,0,0,0,0,0,0,0,0,0,0,0,0,0,0,0,0,3,2,0,0,2,0,0,0,GCTCATGA,CTGTCTCTTATACACATCT,2026,5,CUL,96h_96well,HS-96h-96well-P2-4,S-KUHIMM
GA-063,21293,30100,8168,7335,228,4983,3161,3906,1144,2613,2677,1624,1948,17,2313,2065,1425,91,620,847,879,842,662,673,111,469,303,451,118,47,235,682,0,85,244,70,81,454,67,318,20,250,91,171,181,116,157,144,122,139,72,90,39,0,109,28,0,87,13,36,18,29,5,12,71,13,0,21,29,23,22,17,25,6,19,11,8,16,0,8,8,10,14,14,16,0,8,12,0,0,6,3,4,0,15,0,13,0,0,0,0,0,0,6,0,0,0,0,0,2,0,0,0,0,0,0,0,0,0,4,0,2,0,0,0,0,0,0,0,0,0,0,0,0,0,0,0,0,0,GCTCATGA,CTGTCTCTTATACACATCT,2026,5,CUL,96h_96well,HS-96h-96well-P1-5,S-KUHIMM
GA-064,18603,30068,8688,7542,151,3562,3083,4462,1145,2305,2825,784,646,24,2003,1952,2029,86,565,886,657,813,734,205,71,266,172,505,156,47,208,658,0,51,228,49,81,262,42,266,12,205,93,163,162,121,190,169,96,168,64,77,29,7,102,25,0,48,9,38,14,28,7,4,50,9,0,22,40,14,30,15,9,19,42,5,4,24,14,8,9,13,16,11,16,0,0,5,12,6,5,5,0,0,6,0,4,0,0,0,0,0,0,0,0,0,0,0,0,0,0,0,0,0,0,0,0,0,0,0,0,0,0,0,0,0,0,0,0,0,0,0,0,0,0,0,0,0,0,GCTCATGA,CTGTCTCTTATACACATCT,2026,5,CUL,96h_96well,HS-96h-96well-P2-5,S-KUHIMM
GA-065,18326,30248,7796,7109,84,4192,3075,5025,1601,2129,2912,900,1397,25,1654,2088,1879,105,821,856,742,910,664,187,110,399,343,431,127,48,147,674,0,51,222,52,131,258,49,270,24,248,93,196,173,106,148,181,101,280,65,58,55,6,102,36,0,81,23,37,18,25,9,9,35,10,0,23,26,19,18,13,8,79,50,5,10,12,7,11,3,14,18,14,21,0,4,12,13,0,0,0,0,0,0,0,0,0,0,0,0,0,0,0,8,0,0,0,0,0,0,0,0,0,0,0,0,0,0,0,3,0,0,0,0,0,0,0,0,0,0,0,0,0,0,0,0,0,0,GCTCATGA,CTGTCTCTTATACACATCT,2026,5,CUL,96h_96well,HS-96h-96well-P1-6,S-KUHIMM
GA-066,14934,28464,7636,7228,110,3381,2911,5572,1227,1722,2542,557,615,16,1658,2022,1719,72,621,888,576,854,533,231,129,321,344,404,190,44,188,615,3,54,217,59,134,232,34,206,15,193,97,129,142,114,202,171,97,116,49,47,45,8,88,41,0,74,27,35,14,24,14,12,36,9,0,15,41,23,24,16,25,63,97,4,17,21,9,0,3,11,14,9,8,0,5,0,0,0,0,7,0,4,3,0,3,0,0,0,0,0,0,0,0,0,0,0,0,0,0,0,0,0,0,0,0,0,0,0,0,0,0,0,0,2,0,0,0,0,0,0,0,0,0,0,0,0,0,GCTCATGA,CTGTCTCTTATACACATCT,2026,5,CUL,96h_96well,HS-96h-96well-P2-6,S-KUHIMM
GA-067,19168,29232,7907,7883,103,4537,2769,4469,1501,616,3275,1151,1710,30,1364,1641,1774,94,805,859,724,816,483,315,85,344,300,493,124,55,193,698,0,91,201,45,66,395,71,251,3,237,96,168,88,114,157,165,66,155,47,65,45,0,82,36,0,23,13,21,16,9,4,5,31,3,0,18,17,14,21,12,6,5,5,8,13,21,8,10,4,13,9,6,7,0,0,7,6,0,7,0,7,0,0,0,12,0,0,2,3,0,0,0,0,0,2,0,0,0,0,0,0,0,0,0,0,0,0,0,0,0,0,0,0,0,0,0,0,0,0,0,0,0,0,0,0,0,0,ATCTCAGG,CTGTCTCTTATACACATCT,2026,5,CUL,96h_96well,HS-96h-96well-P1-7,S-KUHIMM
GA-068,18139,31951,8894,8403,107,3927,3572,5821,1349,1109,2563,810,905,20,1853,2343,1962,108,827,942,686,961,601,303,132,355,384,526,157,52,194,750,6,65,245,54,107,254,35,298,6,227,112,159,118,121,190,239,109,182,38,77,32,10,101,47,0,63,17,28,15,18,0,7,45,11,0,17,26,25,26,17,29,54,36,8,17,22,5,14,3,11,16,8,15,0,8,9,15,0,8,6,3,0,0,0,0,0,0,0,0,0,0,0,0,0,0,0,0,0,0,0,0,0,3,0,0,0,0,0,0,6,0,0,0,0,0,0,0,0,0,0,3,0,0,0,0,0,0,ATCTCAGG,CTGTCTCTTATACACATCT,2026,5,CUL,96h_96well,HS-96h-96well-P2-7,S-KUHIMM