index,d__Bacteria;p__Bacillota;c__Clostridia;o__Peptostreptococcales-Tissierellales;f__Peptostreptococcaceae;g__Paraclostridium,d__Bacteria;p__Bacillota;c__Bacilli;o__Lactobacillales;f__Streptococcaceae;g__Streptococcus,d__Bacteria;p__Bacillota;c__Negativicutes;o__Acidaminococcales;f__Acidaminococcaceae;g__Acidaminococcus,d__Bacteria;p__Bacillota;c__Negativicutes;o__Veillonellales-Selenomonadales;f__Selenomonadaceae;g__Megamonas,d__Bacteria;p__Bacteroidota;c__Bacteroidia;o__Bacteroidales;f__Bacteroidaceae;g__Bacteroides,d__Bacteria;p__Pseudomonadota;c__Gammaproteobacteria;o__Enterobacterales;f__Enterobacteriaceae;g__Escherichia-Shigella,d__Bacteria;p__Actinomycetota;c__Actinobacteria;o__Bifidobacteriales;f__Bifidobacteriaceae;g__Bifidobacterium,d__Bacteria;p__Bacteroidota;c__Bacteroidia;o__Bacteroidales;f__Prevotellaceae;g__Segatella,d__Bacteria;p__Bacillota;c__Clostridia;o__Oscillospirales;f__Ruminococcaceae;g__Faecalibacterium,d__Bacteria;p__Bacillota;c__Clostridia;o__Clostridiales;f__Clostridiaceae;g__Clostridium,d__Bacteria;p__Bacillota;c__Negativicutes;o__Veillonellales-Selenomonadales;f__Veillonellaceae;g__Megasphaera,d__Bacteria;p__Bacillota;c__Clostridia;o__Lachnospirales;f__Lachnospiraceae;g__Mediterraneibacter,d__Bacteria;p__Bacteroidota;c__Bacteroidia;o__Bacteroidales;f__Tannerellaceae;g__Parabacteroides,d__Bacteria;p__Bacillota;c__Clostridia;o__Lachnospirales;f__Lachnospiraceae;g__Anaerostipes,d__Bacteria;p__Bacillota;c__Bacilli;o__Lactobacillales;f__Enterococcaceae;g__Enterococcus,d__Bacteria;p__Pseudomonadota;c__Gammaproteobacteria;o__Burkholderiales;f__Sutterellaceae;g__Sutterella,d__Bacteria;p__Pseudomonadota;c__Gammaproteobacteria;o__Burkholderiales;f__Sutterellaceae;g__Incertae_Sedis,d__Bacteria;p__Bacillota;c__Clostridia;o__Lachnospirales;f__Lachnospiraceae;g__Blautia,d__Bacteria;p__Actinomycetota;c__Coriobacteriia;o__Coriobacteriales;f__Coriobacteriaceae;g__Collinsella,d__Bacteria;p__Bacillota;c__Clostridia;o__Lachnospirales;f__Lachnospiraceae;g__Fusicatenibacter,d__Bacteria;p__Bacillota;c__Clostridia;o__Lachnospirales;f__Lachnospiraceae;g__Lachnoclostridium,d__Bacteria;p__Bacillota;c__Clostridia;o__Lachnospirales;f__Lachnospiraceae;g__[Ruminococcus]_gnavus_group,d__Bacteria;p__Bacillota;c__Clostridia;o__Lachnospirales;f__Lachnospiraceae;g__Dorea,d__Bacteria;p__Bacillota;c__Negativicutes;o__Acidaminococcales;f__Acidaminococcaceae;g__Phascolarctobacterium,d__Bacteria;p__Bacillota;c__Bacilli;o__Erysipelotrichales;f__Erysipelotrichaceae;g__Holdemanella,d__Bacteria;p__Bacillota;c__Clostridia;o__Lachnospirales;f__Lachnospiraceae;__,d__Bacteria;p__Bacillota;c__Clostridia;o__Lachnospirales;f__Lachnospiraceae;g__Tyzzerella,d__Bacteria;p__Bacillota;c__Bacilli;o__Erysipelotrichales;f__Erysipelatoclostridiaceae;g__Erysipelotrichaceae_UCG-003,d__Bacteria;p__Fusobacteriota;c__Fusobacteriia;o__Fusobacteriales;f__Fusobacteriaceae;g__Fusobacterium,d__Bacteria;p__Bacillota;c__Bacilli;o__Erysipelotrichales;f__Erysipelatoclostridiaceae;g__Longibaculum,d__Bacteria;p__Bacteroidota;c__Bacteroidia;o__Bacteroidales;f__Prevotellaceae;g__Prevotellaceae_NK3B31_group,d__Bacteria;p__Verrucomicrobiota;c__Verrucomicrobiia;o__Verrucomicrobiales;f__Akkermansiaceae;g__Akkermansia,d__Bacteria;p__Bacillota;c__Negativicutes;o__Veillonellales-Selenomonadales;f__Veillonellaceae;g__Veillonella,d__Bacteria;p__Bacillota;c__Clostridia;o__Oscillospirales;f__Ruminococcaceae;g__Negativibacillus,d__Bacteria;p__Bacteroidota;c__Bacteroidia;o__Bacteroidales;f__Prevotellaceae;g__Incertae_Sedis,d__Bacteria;p__Bacillota;c__Clostridia;o__Lachnospirales;f__Lachnospiraceae;g__Agathobacter,d__Bacteria;p__Bacillota;c__Clostridia;o__Lachnospirales;f__Lachnospiraceae;g__Enterocloster,d__Bacteria;p__Bacillota;c__Clostridia;o__Oscillospirales;f__Oscillospiraceae;g__Flavonifractor,d__Bacteria;p__Bacillota;c__Bacilli;o__Erysipelotrichales;f__Erysipelatoclostridiaceae;g__Thomasclavelia,d__Bacteria;p__Bacillota;c__Negativicutes;o__Veillonellales-Selenomonadales;f__Veillonellaceae;g__Dialister,d__Bacteria;p__Bacillota;c__Clostridia;o__Lachnospirales;f__Lachnospiraceae;g__[Eubacterium]_ventriosum_group,d__Bacteria;p__Bacillota;c__Clostridia;o__Oscillospirales;f__Ruminococcaceae;g__Gemmiger,d__Bacteria;p__Bacillota;c__Clostridia;o__Oscillospirales;f__Butyricicoccaceae;g__Agathobaculum,d__Bacteria;p__Bacillota;c__Clostridia;o__Lachnospirales;f__Lachnospiraceae;g__Anaerobutyricum,d__Bacteria;p__Bacteroidota;c__Bacteroidia;o__Bacteroidales;f__Barnesiellaceae;g__Barnesiella,d__Bacteria;p__Bacillota;c__Clostridia;o__Lachnospirales;f__Lachnospiraceae;g__Faecalimonas,d__Bacteria;p__Bacillota;c__Clostridia;o__Oscillospirales;f__Oscillospiraceae;g__Oscillibacter,d__Bacteria;p__Bacillota;c__Clostridia;o__Oscillospirales;f__Oscillospiraceae;g__UCG-003,d__Bacteria;p__Bacillota;c__Negativicutes;o__Veillonellales-Selenomonadales;f__Veillonellaceae;g__Allisonella,d__Bacteria;p__Bacteroidota;c__Bacteroidia;o__Bacteroidales;f__Rikenellaceae;g__Alistipes,d__Bacteria;p__Bacillota;c__Clostridia;o__Lachnospirales;f__Lachnospiraceae;g__Lachnospiraceae_ND3007_group,d__Bacteria;p__Bacillota;c__Clostridia;o__Lachnospirales;f__Lachnospiraceae;g__Coprococcus,d__Bacteria;p__Bacillota;c__Clostridia;o__Lachnospirales;f__Lachnospiraceae;g__Sellimonas,d__Bacteria;p__Bacillota;c__Clostridia;o__Lachnospirales;f__Lachnospiraceae;g__CAG-56,d__Bacteria;p__Bacillota;c__Clostridia;o__Lachnospirales;f__Lachnospiraceae;g__Lachnospira,d__Bacteria;p__Bacillota;c__Clostridia;o__Lachnospirales;f__Lachnospiraceae;g__Roseburia,d__Bacteria;p__Bacillota;c__Clostridia;o__Lachnospirales;f__Lachnospiraceae;g__Lachnospiraceae_UCG-004,d__Bacteria;p__Bacillota;c__Bacilli;o__Erysipelotrichales;f__Erysipelotrichaceae;g__Faecalicoccus,d__Bacteria;p__Bacillota;c__Negativicutes;o__Veillonellales-Selenomonadales;f__Selenomonadaceae;g__Mitsuokella,d__Bacteria;p__Bacillota;c__Clostridia;o__Oscillospirales;f__Oscillospiraceae;g__Intestinimonas,d__Bacteria;p__Pseudomonadota;c__Gammaproteobacteria;o__Burkholderiales;f__Sutterellaceae;__,d__Bacteria;p__Thermodesulfobacteriota;c__Desulfovibrionia;o__Desulfovibrionales;f__Desulfovibrionaceae;g__Bilophila,d__Bacteria;p__Bacillota;c__Clostridia;o__Oscillospirales;f__Oscillospiraceae;g__UCG-002,d__Bacteria;p__Pseudomonadota;c__Alphaproteobacteria;o__Rhodospirillales;f__Incertae_Sedis;g__Incertae_Sedis,d__Bacteria;p__Bacillota;c__Clostridia;o__Lachnospirales;f__Lachnospiraceae;g__[Ruminococcus]_gauvreauii_group,d__Bacteria;p__Bacillota;c__Clostridia;o__Lachnospirales;f__Lachnospiraceae;g__Incertae_Sedis,d__Bacteria;p__Bacillota;c__Clostridia;o__Oscillospirales;f__Ruminococcaceae;g__Acutalibacter,d__Bacteria;p__Pseudomonadota;c__Gammaproteobacteria;o__Pseudomonadales;f__Moraxellaceae;g__Acinetobacter,d__Bacteria;p__Bacillota;c__Bacilli;o__Erysipelotrichales;f__Erysipelotrichaceae;g__[Clostridium]_innocuum_group,d__Bacteria;p__Bacillota;c__Clostridia;o__Oscillospirales;f__Ruminococcaceae;g__Ruminococcus,d__Bacteria;p__Pseudomonadota;c__Gammaproteobacteria;o__Enterobacterales;f__Succinivibrionaceae;g__Succinatimonas,d__Bacteria;p__Bacillota;c__Bacilli;o__Erysipelotrichales;f__Erysipelotrichaceae;g__Absiella,d__Bacteria;p__Bacillota;c__Bacilli;o__Erysipelotrichales;f__Erysipelotrichaceae;g__Faecalitalea,d__Bacteria;p__Bacillota;c__Clostridia;o__Monoglobales;f__Monoglobaceae;g__Monoglobus,d__Bacteria;p__Bacillota;c__Bacilli;o__Bacillales;f__Bacillaceae;g__Bacillus,d__Bacteria;p__Actinomycetota;c__Coriobacteriia;o__Coriobacteriales;f__Atopobiaceae;g__Tractidigestivibacter,d__Bacteria;p__Bacillota;c__Clostridia;o__Lachnospirales;f__Lachnospiraceae;g__Lachnospiraceae_NK4A136_group,d__Bacteria;p__Actinomycetota;c__Coriobacteriia;o__Coriobacteriales;f__Eggerthellaceae;g__Eggerthella,d__Bacteria;p__Actinomycetota;c__Coriobacteriia;o__Coriobacteriales;f__Eggerthellaceae;g__Slackia,d__Bacteria;p__Bacteroidota;c__Bacteroidia;o__Flavobacteriales;f__Weeksellaceae;g__Chryseobacterium,d__Bacteria;p__Pseudomonadota;c__Gammaproteobacteria;o__Burkholderiales;f__Sutterellaceae;g__Parasutterella,d__Bacteria;p__Bacillota;c__Bacilli;o__Erysipelotrichales;f__Erysipelotrichaceae;g__Holdemania,d__Bacteria;p__Bacillota;c__Clostridia;o__Oscillospirales;f__Oscillospiraceae;g__Colidextribacter,d__Bacteria;p__Bacillota;c__Clostridia;o__Peptostreptococcales-Tissierellales;f__Family_XI;g__Peptoniphilus,d__Bacteria;p__Bacillota;c__Clostridia;o__Oscillospirales;f__[Eubacterium]_coprostanoligenes_group;g__Incertae_Sedis,d__Bacteria;p__Bacteroidota;c__Bacteroidia;o__Bacteroidales;f__Marinifilaceae;g__Odoribacter,d__Bacteria;p__Bacillota;c__Clostridia;o__Lachnospirales;f__Lachnospiraceae;g__[Eubacterium]_eligens_group,d__Bacteria;p__Bacillota;c__Clostridia;o__Oscillospirales;f__Ruminococcaceae;__,d__Bacteria;p__Bacillota;c__Clostridia;o__Oscillospirales;f__Ruminococcaceae;g__Phocea,d__Bacteria;p__Bacteroidota;c__Bacteroidia;o__Bacteroidales;f__Barnesiellaceae;g__Coprobacter,d__Bacteria;p__Bacillota;c__Bacilli;o__Lactobacillales;f__Lactobacillaceae;g__Limosilactobacillus,d__Bacteria;p__Pseudomonadota;c__Gammaproteobacteria;o__Enterobacterales;f__Aeromonadaceae;g__Aeromonas,d__Bacteria;p__Bacillota;c__Clostridia;o__Peptostreptococcales-Tissierellales;f__Peptostreptococcaceae;g__Intestinibacter,d__Bacteria;p__Bacillota;c__Clostridia;o__Lachnospirales;f__Lachnospiraceae;g__Hungatella,d__Bacteria;p__Bacillota;c__Clostridia;o__Oscillospirales;f__Oscillospiraceae;g__Incertae_Sedis,d__Bacteria;p__Bacillota;c__Clostridia;o__Oscillospirales;f__Ruminococcaceae;g__Ruthenibacterium,d__Bacteria;p__Bacillota;c__Clostridia;o__Peptostreptococcales-Tissierellales;f__Peptostreptococcaceae;g__Romboutsia,d__Bacteria;p__Pseudomonadota;c__Gammaproteobacteria;o__Enterobacterales;f__Enterobacteriaceae;g__Citrobacter,d__Bacteria;p__Actinomycetota;c__Coriobacteriia;o__Coriobacteriales;f__Coriobacteriaceae;g__Enorma,d__Bacteria;p__Bacillota;c__Clostridia;o__Oscillospirales;f__Oscillospiraceae;g__NK4A214_group,d__Bacteria;p__Bacillota;c__Clostridia;o__Peptostreptococcales-Tissierellales;f__Peptostreptococcaceae;g__Peptostreptococcus,d__Bacteria;p__Pseudomonadota;c__Gammaproteobacteria;o__Enterobacterales;f__Enterobacteriaceae;__,d__Bacteria;p__Bacillota;c__Clostridia;o__Lachnospirales;f__Lachnospiraceae;g__Lachnospiraceae_FCS020_group,d__Bacteria;p__Bacillota;c__Bacilli;o__Erysipelotrichales;f__Erysipelotrichaceae;g__Amedibacillus,d__Bacteria;p__Bacteroidota;c__Bacteroidia;o__Bacteroidales;f__Prevotellaceae;g__Paraprevotella,d__Bacteria;p__Thermodesulfobacteriota;c__Desulfovibrionia;o__Desulfovibrionales;f__Desulfovibrionaceae;g__Desulfovibrio,d__Bacteria;p__Bacillota;c__Clostridia;o__Oscillospirales;f__Butyricicoccaceae;g__Butyricicoccus,d__Bacteria;p__Pseudomonadota;c__Gammaproteobacteria;o__Burkholderiales;f__Comamonadaceae;g__Delftia,d__Bacteria;p__Actinomycetota;c__Coriobacteriia;o__Coriobacteriales;f__Eggerthellaceae;g__Senegalimassilia,d__Bacteria;p__Bacillota;c__Clostridia;o__Oscillospirales;f__Ruminococcaceae;g__Candidatus_Soleaferrea,d__Bacteria;p__Bacillota;c__Clostridia;o__Oscillospirales;f__Ruminococcaceae;g__[Clostridium]_methylpentosum_group,d__Bacteria;p__Bacteroidota;c__Bacteroidia;o__Bacteroidales;f__Marinifilaceae;g__Butyricimonas,d__Bacteria;p__Bacillota;c__Clostridia;o__Oscillospirales;f__Ruminococcaceae;g__Fournierella,d__Bacteria;p__Bacillota;c__Clostridia;o__Peptostreptococcales-Tissierellales;f__Peptostreptococcaceae;g__Terrisporobacter,d__Bacteria;p__Bacillota;c__Clostridia;o__Oscillospirales;f__Oscillospiraceae;__,d__Bacteria;p__Bacillota;c__Clostridia;o__Lachnospirales;f__Lachnospiraceae;g__Lachnospiraceae_UCG-010,d__Bacteria;p__Bacillota;c__Clostridia;o__Oscillospirales;f__Oscillospiraceae;g__Oscillospira,d__Bacteria;p__Bacillota;c__Clostridia;o__Oscillospirales;f__Ruminococcaceae;g__DTU089,d__Bacteria;p__Bacteroidota;c__Bacteroidia;o__Bacteroidales;f__Muribaculaceae;g__Incertae_Sedis,d__Bacteria;p__Bacillota;c__Clostridia;o__Peptostreptococcales-Tissierellales;f__Anaerovoracaceae;g__[Eubacterium]_brachy_group,d__Bacteria;p__Bacillota;c__Negativicutes;o__Veillonellales-Selenomonadales;f__Veillonellaceae;g__Negativicoccus,d__Bacteria;p__Bacillota;c__Clostridia;o__Oscillospirales;f__Ruminococcaceae;g__Incertae_Sedis,d__Bacteria;p__Bacteroidota;c__Bacteroidia;o__Bacteroidales;f__Barnesiellaceae;g__Incertae_Sedis,d__Bacteria;p__Actinomycetota;c__Coriobacteriia;o__Coriobacteriales;f__Eggerthellaceae;g__Adlercreutzia,d__Bacteria;p__Pseudomonadota;c__Gammaproteobacteria;o__Burkholderiales;f__Sutterellaceae;g__Turicimonas,d__Bacteria;p__Bacillota;c__Clostridia;o__Lachnospirales;f__Lachnospiraceae;g__Eisenbergiella,d__Bacteria;p__Bacillota;c__Clostridia;o__Eubacteriales;f__Eubacteriaceae;g__Eubacterium,d__Bacteria;p__Bacillota;c__Clostridia;o__Oscillospirales;f__Ruminococcaceae;g__Paludicola,d__Bacteria;p__Bacillota;c__Clostridia;o__Christensenellales;f__Christensenellaceae;g__Christensenellaceae_R-7_group,d__Bacteria;__;__;__;__;__,d__Bacteria;p__Bacillota;c__Clostridia;o__Oscillospirales;f__Ethanoligenenaceae;g__Acetanaerobacterium,d__Bacteria;p__Bacillota;c__Bacilli;o__Lactobacillales;f__Lactobacillaceae;g__Lactobacillus,d__Bacteria;p__Bacillota;c__Clostridia;o__Lachnospirales;f__Lachnospiraceae;g__Lactonifactor,d__Bacteria;p__Bacillota;c__Clostridia;o__Peptostreptococcales-Tissierellales;f__Anaerovoracaceae;g__Family_XIII_AD3011_group,d__Bacteria;p__Bacillota;c__Bacilli;o__Erysipelotrichales;f__Erysipelatoclostridiaceae;g__Coprobacillus,d__Bacteria;p__Bacillota;c__Clostridia;o__Oscillospirales;f__Oscillospiraceae;g__UCG-005,d__Bacteria;p__Bacillota;c__Bacilli;o__Erysipelotrichales;f__Erysipelatoclostridiaceae;g__Massiliomicrobiota,d__Bacteria;p__Bacillota;c__Clostridia;o__Peptostreptococcales-Tissierellales;f__Family_XI;g__Finegoldia,d__Bacteria;p__Bacillota;c__Clostridia;o__Peptostreptococcales-Tissierellales;f__Anaerovoracaceae;g__Incertae_Sedis,d__Bacteria;p__Bacillota;c__Clostridia;o__Lachnospirales;f__Lachnospiraceae;g__Faecalicatena,d__Bacteria;p__Bacillota;c__Bacilli;o__Lactobacillales;f__Lactobacillaceae;g__Ligilactobacillus,d__Bacteria;p__Bacillota;c__Clostridia;o__Peptostreptococcales-Tissierellales;f__Peptostreptococcaceae;g__Clostridioides,d__Bacteria;p__Bacillota;c__Bacilli;o__Erysipelotrichales;f__Erysipelotrichaceae;g__Dielma,d__Bacteria;p__Bacillota;c__Clostridia;o__Lachnospirales;f__Lachnospiraceae;g__Extibacter,d__Bacteria;p__Actinomycetota;c__Coriobacteriia;o__Coriobacteriales;f__Atopobiaceae;g__Olsenella,d__Bacteria;p__Bacteroidota;c__Bacteroidia;o__Bacteroidales;f__Prevotellaceae;g__Prevotellaceae_UCG-001,d__Bacteria;p__Bacillota;c__Bacilli;o__Lactobacillales;f__Vagococcaceae;g__Vagococcus,d__Bacteria;p__Thermodesulfobacteriota;c__Desulfovibrionia;o__Desulfovibrionales;f__Desulfovibrionaceae;g__Incertae_Sedis,d__Bacteria;p__Actinomycetota;c__Coriobacteriia;o__Coriobacteriales;f__Eggerthellaceae;g__CHKCI002,d__Bacteria;p__Bacillota;c__Clostridia;o__Oscillospirales;f__Ruminococcaceae;g__Hydrogenoanaerobacterium,d__Bacteria;p__Bacteroidota;c__Bacteroidia;o__Flavobacteriales;f__Weeksellaceae;g__Empedobacter,d__Bacteria;p__Pseudomonadota;c__Gammaproteobacteria;o__Burkholderiales;f__Comamonadaceae;g__Comamonas,d__Bacteria;p__Bacillota;c__Bacilli;o__Lactobacillales;f__Streptococcaceae;g__Lactococcus,d__Bacteria;p__Pseudomonadota;c__Gammaproteobacteria;o__Enterobacterales;f__Hafniaceae;g__Edwardsiella,d__Bacteria;p__Bacillota;c__Clostridia;o__Lachnospirales;f__Lachnospiraceae;g__GCA-900066575,d__Bacteria;p__Bacillota;c__Clostridia;o__Lachnospirales;f__Lachnospiraceae;g__Butyribacter,d__Bacteria;p__Actinomycetota;c__Actinobacteria;o__Actinomycetales;f__Actinomycetaceae;g__Schaalia,d__Bacteria;p__Bacillota;c__Clostridia;o__Oscillospirales;f__Butyricicoccaceae;g__UCG-009,d__Bacteria;p__Actinomycetota;c__Coriobacteriia;o__Coriobacteriales;f__Eggerthellaceae;g__Gordonibacter,d__Bacteria;p__Pseudomonadota;c__Gammaproteobacteria;o__Enterobacterales;f__Pasteurellaceae;g__Haemophilus,d__Bacteria;p__Bacillota;c__Clostridia;o__Lachnospirales;f__Lachnospiraceae;g__Anaerotignum,d__Bacteria;p__Bacillota;c__Clostridia;o__Lachnospirales;f__Lachnospiraceae;g__GCA-900066755,d__Bacteria;p__Bacillota;c__Bacilli;o__Lactobacillales;f__Carnobacteriaceae;g__Granulicatella,d__Bacteria;p__Bacillota;c__Clostridia;o__Peptostreptococcales-Tissierellales;f__Anaerovoracaceae;g__Family_XIII_UCG-001,d__Bacteria;p__Bacillota;c__Clostridia;o__Christensenellales;f__Christensenellaceae;g__Incertae_Sedis,d__Bacteria;p__Bacillota;c__Clostridia;o__Lachnospirales;f__Lachnospiraceae;g__Shuttleworthia,d__Bacteria;p__Verrucomicrobiota;c__Lentisphaeria;o__Victivallales;f__Victivallaceae;g__Victivallis,d__Bacteria;p__Bacillota;c__Clostridia;o__Oscillospirales;f__Ruminococcaceae;g__Anaerotruncus,d__Bacteria;p__Bacillota;c__Incertae_Sedis;o__DTU014;f__Incertae_Sedis;g__Incertae_Sedis,d__Bacteria;p__Bacillota;c__Clostridia;o__Eubacteriales;f__Anaerofustaceae;g__Anaerofustis,d__Bacteria;p__Actinomycetota;c__Coriobacteriia;o__Coriobacteriales;f__Atopobiaceae;g__Atopobium,d__Bacteria;p__Bacillota;c__Clostridia;o__Oscillospirales;f__UCG-010;g__Incertae_Sedis,d__Bacteria;p__Bacillota;c__Bacilli;o__Erysipelotrichales;f__Erysipelotrichaceae;g__Turicibacter,d__Bacteria;p__Bacillota;c__Clostridia;o__Oscillospirales;f__Incertae_Sedis;g__Incertae_Sedis,d__Bacteria;p__Bacillota;c__Clostridia;o__Clostridia_UCG-014;f__Incertae_Sedis;g__Incertae_Sedis,d__Bacteria;p__Bacillota;c__Clostridia;__;__;__,d__Bacteria;p__Bacillota;c__Negativicutes;o__Veillonellales-Selenomonadales;f__Sporomusaceae;g__Anaerosinus,d__Bacteria;p__Bacillota;c__Clostridia;o__Lachnospirales;f__Lachnospiraceae;g__UC5-1-2E3,d__Bacteria;p__Bacillota;c__Bacilli;o__Bacillales;f__Planococcaceae;g__Lysinibacillus,d__Bacteria;p__Actinomycetota;c__Coriobacteriia;o__Coriobacteriales;f__Coriobacteriales_Incertae_Sedis;g__Incertae_Sedis,d__Bacteria;p__Bacillota;c__Clostridia;o__Christensenellales;f__Christensenellaceae;g__Christensenella,d__Bacteria;p__Bacillota;c__Clostridia;o__Clostridia_vadinBB60_group;f__Incertae_Sedis;g__Incertae_Sedis,d__Bacteria;p__Bacillota;c__Clostridia;o__Peptostreptococcales-Tissierellales;f__Family_XI;g__Anaerococcus,d__Bacteria;p__Bacillota;c__Negativicutes;o__Veillonellales-Selenomonadales;f__Sporomusaceae;g__Pelosinus,d__Bacteria;p__Bacillota;c__Clostridia;o__Lachnospirales;f__Lachnospiraceae;g__Frisingicoccus,d__Bacteria;p__Bacillota;c__Clostridia;o__Lachnospirales;f__Lachnospiraceae;g__[Eubacterium]_xylanophilum_group,d__Bacteria;p__Bacillota;c__Bacilli;o__Erysipelotrichales;f__Erysipelatoclostridiaceae;g__Catenibacterium,d__Bacteria;p__Bacillota;c__Clostridia;o__Oscillospirales;f__Ruminococcaceae;g__Anaerofilum,d__Bacteria;p__Bacillota;c__Clostridia;o__Oscillospirales;f__Ruminococcaceae;g__Angelakisella,d__Bacteria;p__Verrucomicrobiota;c__Lentisphaeria;o__Victivallales;f__vadinBE97;g__Incertae_Sedis,d__Bacteria;p__Bacillota;c__Bacilli;o__Staphylococcales;f__Gemellaceae;g__Gemella,Unassigned;__;__;__;__;__,d__Bacteria;p__Bacillota;c__Bacilli;o__Lactobacillales;f__Lactobacillaceae;g__Lactiplantibacillus,d__Bacteria;p__Pseudomonadota;c__Gammaproteobacteria;o__Enterobacterales;f__Enterobacteriaceae;g__Cronobacter,d__Bacteria;p__Bacillota;c__Clostridia;o__Lachnospirales;f__Lachnospiraceae;g__Catenibacillus,d__Bacteria;p__Bacillota;c__Clostridia;o__Oscillospirales;f__Ruminococcaceae;g__Harryflintia,d__Bacteria;p__Bacillota;c__Clostridia;o__Lachnospirales;f__Lachnospiraceae;g__Marvinbryantia,d__Bacteria;p__Bacillota;c__Bacilli;o__RF39;f__Incertae_Sedis;g__Incertae_Sedis,d__Bacteria;p__Bacteroidota;c__Bacteroidia;o__Flavobacteriales;f__Weeksellaceae;g__Elizabethkingia,d__Bacteria;p__Bacillota;c__Clostridia;o__Lachnospirales;f__Lachnospiraceae;g__[Eubacterium]_oxidoreducens_group,d__Bacteria;p__Bacillota;c__Clostridia;o__Lachnospirales;f__Lachnospiraceae;g__Lachnospiraceae_NC2004_group,d__Bacteria;p__Bacillota;c__Bacilli;o__Erysipelotrichales;f__Erysipelotrichaceae;g__Merdibacter,d__Bacteria;p__Actinomycetota;c__Coriobacteriia;o__Coriobacteriales;f__Atopobiaceae;g__Lancefieldella,d__Bacteria;p__Actinomycetota;c__Actinobacteria;o__Actinomycetales;f__Actinomycetaceae;g__Actinomyces,d__Bacteria;p__Bacillota;c__Clostridia;o__Oscillospirales;f__Oscillospiraceae;g__UCG-007,d__Bacteria;p__Bacillota;c__Clostridia;o__Peptococcales;f__Peptococcaceae;g__Incertae_Sedis,d__Bacteria;p__Pseudomonadota;c__Gammaproteobacteria;o__Enterobacterales;f__Yersiniaceae;g__Serratia,d__Bacteria;p__Bacillota;c__Bacilli;o__Erysipelotrichales;f__Erysipelotrichaceae;g__Solobacterium,d__Bacteria;p__Bacillota;c__Clostridia;o__Oscillospirales;__;__,d__Bacteria;p__Pseudomonadota;c__Gammaproteobacteria;o__Enterobacterales;f__Shewanellaceae;g__Shewanella,d__Bacteria;p__Bacillota;c__Negativicutes;o__Veillonellales-Selenomonadales;f__Veillonellaceae;g__Incertae_Sedis,d__Bacteria;p__Bacillota;c__Clostridia;o__Clostridiales;f__Clostridiaceae;__,d__Bacteria;p__Actinomycetota;c__Coriobacteriia;o__Coriobacteriales;f__Atopobiaceae;__,d__Bacteria;p__Bacillota;c__Bacilli;o__Lactobacillales;f__Lactobacillaceae;g__Leuconostoc,d__Bacteria;p__Bacillota;__;__;__;__,d__Bacteria;p__Bacteroidota;c__Bacteroidia;o__Flavobacteriales;f__Flavobacteriaceae;g__Myroides,d__Bacteria;p__Bacillota;c__Clostridia;o__Peptostreptococcales-Tissierellales;f__Peptostreptococcaceae;__,d__Bacteria;p__Pseudomonadota;c__Gammaproteobacteria;__;__;__,d__Bacteria;p__Bacillota;c__Bacilli;__;__;__,d__Bacteria;p__Bacillota;c__Bacilli;o__Bacillales;f__Bacillaceae;__,d__Bacteria;p__Bacillota;c__Bacilli;o__Lactobacillales;f__Lactobacillaceae;g__Lacticaseibacillus,d__Bacteria;p__Bacillota;c__Bacilli;o__Paenibacillales;f__Paenibacillaceae;g__Paenibacillus,d__Bacteria;p__Actinomycetota;c__Coriobacteriia;o__Coriobacteriales;f__Eggerthellaceae;g__Asaccharobacter,BarcodeSequence,LinkerPrimerSequence,Year,Month,Feature,Subject,Cluster,Description
PK-001,10,72,7,0,29143,61,1923,0,8062,0,2554,1085,5139,1961,0,1210,120,1860,519,1262,421,78,395,2412,0,420,326,1548,20,0,0,0,12,14,0,4322,1224,95,0,0,512,268,380,709,290,0,150,0,0,1420,141,428,3,0,1816,1976,0,0,0,0,0,358,34,0,0,0,324,0,9,0,59,12,0,223,0,0,224,63,0,0,0,23,154,0,6,268,39,465,16,354,0,0,10,8,183,14,0,0,0,177,0,0,14,10,0,0,0,0,0,6,0,77,0,0,0,14,0,5,0,0,0,65,58,6,23,11,2,0,0,0,0,3,4,7,0,6,0,0,0,0,0,0,14,0,0,0,0,0,0,0,0,0,5,0,0,0,18,3,0,0,0,0,0,0,0,0,0,0,0,0,0,0,5,0,0,0,0,0,0,5,0,0,0,0,0,0,7,0,0,0,5,0,0,0,0,0,0,0,0,0,2,0,4,2,0,0,0,0,0,0,0,0,2,2,0,0,0,0,0,0,0,0,0,TAGGCATG,CTGTCTCTTATACACATCT,2026,5,Feces,HS-01-FEC,HS-01,S-KUHIMM
PK-002,14,358,0,0,33592,161,4044,0,15469,3,0,295,3492,2022,0,0,2367,4066,0,0,103,455,481,875,0,804,438,0,4,262,0,0,738,0,0,1270,127,286,27,0,216,0,487,0,7,0,102,0,3,185,495,0,68,0,1401,86,101,28,0,0,0,199,136,0,50,0,1536,0,29,0,0,0,61,349,0,0,0,20,0,0,746,37,79,0,3,252,1033,0,12,0,3,0,93,0,54,7,54,0,82,0,0,0,0,0,0,298,0,0,0,4,0,24,19,0,0,8,18,10,85,2,0,100,116,41,0,6,10,0,128,3,0,0,0,0,0,44,16,0,0,6,0,0,0,0,8,0,0,67,8,0,0,0,0,0,15,0,30,15,0,46,0,0,3,0,0,0,11,0,0,0,0,0,7,9,5,0,0,0,0,0,0,0,0,0,0,0,0,7,0,0,0,0,0,0,0,0,0,0,0,2,3,0,0,0,0,0,0,3,0,0,0,0,0,0,0,0,0,0,0,0,0,0,0,TAGGCATG,CTGTCTCTTATACACATCT,2026,5,Feces,HS-02-FEC,HS-02,S-KUHIMM
PK-003,0,20,0,5746,8418,0,115,24433,6402,16,931,767,1742,184,0,0,1307,1360,571,223,352,12,498,21,0,568,165,0,0,0,0,44,0,324,0,399,108,63,7,1446,315,1306,338,599,0,18,152,221,19,1896,63,0,116,105,0,430,30,0,0,0,164,263,721,0,0,54,857,0,0,899,0,0,8,173,0,0,62,13,0,0,0,7,36,0,827,315,0,381,16,0,2,0,0,0,96,15,136,0,0,199,5,0,8,0,0,0,0,0,0,0,0,109,0,0,0,53,0,21,0,0,0,38,0,10,0,0,0,0,0,4,4,0,5,15,0,71,0,0,0,0,0,0,0,0,0,0,0,0,0,0,0,0,0,0,0,44,5,0,0,0,0,10,15,8,0,0,0,5,0,0,0,0,0,0,0,2,0,0,0,10,0,0,0,0,0,0,0,0,0,0,0,0,0,0,0,0,0,0,0,0,0,0,0,0,0,0,0,0,0,0,0,0,0,0,0,0,0,0,0,0,0,0,0,TAGGCATG,CTGTCTCTTATACACATCT,2026,5,Feces,HS-03-FEC,HS-03,S-KUHIMM
PK-004,7,644,1733,12185,17104,28,4835,0,5965,20,0,32,7063,1344,15,0,1852,2036,978,929,150,129,195,1114,0,202,14,0,0,0,9101,9,0,0,0,455,435,177,9,0,245,496,23,597,0,0,156,138,0,88,0,120,49,0,0,0,17,24,0,0,0,241,0,0,0,19,121,0,10,0,0,0,0,99,0,0,79,17,0,0,6,8,92,0,0,0,151,0,0,0,0,0,56,0,48,0,0,0,0,0,0,0,0,0,0,0,0,0,0,0,0,0,15,0,0,0,0,12,0,0,0,109,0,9,0,0,0,0,0,3,0,76,0,0,0,0,0,0,0,0,0,0,0,0,0,0,0,0,0,0,0,0,0,0,0,0,17,0,0,2,0,0,8,0,0,0,0,0,0,6,0,0,0,0,0,0,0,0,0,0,0,0,0,0,0,0,0,0,0,0,5,0,0,0,0,0,0,0,0,0,0,0,0,4,0,0,0,0,0,0,0,0,0,0,0,0,0,0,0,0,0,0,0,TAGGCATG,CTGTCTCTTATACACATCT,2026,5,Feces,HS-04-FEC,HS-04,S-KUHIMM
PK-005,0,157,575,8220,4426,18,717,26826,5111,40,0,10,1358,242,108,757,0,1417,291,253,25,8,432,0,509,110,0,83,0,0,0,18,24,77,3577,1101,153,68,0,3057,158,1691,219,550,0,12,86,50,0,991,58,27,7,0,188,176,179,0,472,31,0,162,544,1717,353,36,133,0,7,296,63,0,9,186,0,103,366,5,21,0,0,0,38,0,164,217,327,447,3,0,0,0,88,12,169,5,323,0,0,38,0,0,87,0,252,0,0,0,38,14,0,471,3,0,25,0,27,15,0,38,0,148,0,0,0,7,4,7,152,40,0,0,4,34,4,75,12,0,0,0,0,0,5,20,0,63,0,18,7,0,0,0,4,0,30,0,0,6,0,0,0,4,0,16,38,18,20,5,22,0,0,0,4,0,0,6,0,13,0,9,0,14,0,0,16,8,0,6,7,7,0,0,0,6,6,0,5,5,0,0,5,0,0,0,4,6,0,0,0,0,0,0,0,0,0,0,0,0,0,0,0,0,0,TAGGCATG,CTGTCTCTTATACACATCT,2026,5,Feces,HS-05-FEC,HS-05,S-KUHIMM
PK-006,0,934,0,2,26180,469,119,11,3170,0,0,50,0,1349,0,0,2454,4066,0,974,161,657,0,4500,0,227,796,0,356,0,0,11350,0,170,0,485,560,328,119,0,173,0,126,70,1351,400,666,0,0,501,0,0,26,0,484,1232,0,0,0,62,0,673,0,0,0,76,213,0,43,124,0,0,0,223,0,0,1395,80,0,0,0,50,156,0,462,253,0,0,0,365,0,0,163,55,291,108,35,0,0,0,0,0,0,0,0,0,8,0,0,0,3,0,12,0,0,0,0,25,0,21,0,241,0,0,0,67,0,0,17,0,0,3,0,7,0,12,12,0,6,8,0,0,0,11,0,0,0,0,0,0,0,0,0,0,0,0,11,0,4,0,0,0,0,18,5,0,0,17,0,0,0,15,14,0,0,0,0,0,0,0,0,0,0,0,0,0,0,0,0,0,7,0,0,0,0,0,0,0,0,2,0,0,0,0,0,0,0,0,0,0,0,0,0,0,0,0,0,0,0,0,0,0,0,CTCTCTAC,CTGTCTCTTATACACATCT,2026,5,Feces,HS-06-FEC,HS-06,S-KUHIMM
PL-001,2670,0,6,50,25684,9521,6710,29,126,0,12607,5359,6212,1478,23,6649,258,529,845,403,4053,188,1327,1970,0,877,0,566,797,0,0,7,0,0,0,1359,1398,17,23,0,0,0,779,850,27,0,0,0,0,36,0,0,0,0,0,26,106,0,0,0,0,0,0,0,0,0,5,0,16,0,31,31,0,0,0,0,0,60,0,0,0,0,0,0,0,17,0,26,0,60,0,0,0,0,0,0,0,0,0,0,0,0,0,18,0,0,0,0,0,9,0,2,0,0,0,0,0,0,0,0,0,0,0,0,16,0,0,5,0,2,0,0,0,0,0,0,0,0,0,0,0,0,0,0,0,0,0,0,0,0,0,0,0,0,0,0,0,0,0,0,0,0,0,0,0,0,0,0,0,0,0,0,0,0,0,0,0,0,0,0,0,0,0,0,0,0,0,0,0,0,0,4,0,0,0,0,0,0,0,0,0,0,0,0,0,0,0,0,0,0,0,0,0,0,0,0,0,0,0,0,0,0,0,ATCTCAGG,CTGTCTCTTATACACATCT,2026,5,0.0% Mucin (KUHIMM),HS-01-CUL-24h,HS-01,S-KUHIMM
PL-002,6952,0,25,36,29562,696,5531,47,441,3731,11240,4745,6754,710,10,5091,448,1392,527,680,4460,360,559,1149,0,846,0,1204,60,0,0,0,0,15,0,161,1634,185,78,2,7,101,403,1321,45,0,11,0,0,71,6,80,5,0,10,10,75,0,0,0,0,0,0,0,0,0,8,21,37,0,26,332,0,5,0,0,0,28,0,0,0,21,33,0,0,41,0,47,0,60,0,6,0,14,4,16,0,0,0,0,0,0,0,93,0,0,0,3,0,15,12,4,0,11,0,0,0,0,0,0,0,0,8,0,24,0,0,68,0,0,0,0,0,0,0,0,0,0,0,0,0,0,17,0,0,0,0,0,0,0,0,0,0,0,0,0,0,0,0,0,0,0,0,0,0,0,0,0,0,0,0,0,0,0,0,0,0,0,0,0,0,0,0,0,0,0,0,0,0,0,0,0,0,0,0,0,0,0,0,0,0,0,0,0,0,0,0,0,0,0,0,0,0,0,0,0,0,0,0,0,0,0,0,ATCTCAGG,CTGTCTCTTATACACATCT,2026,5,0.4% Mucin,HS-01-04MUC-24h,HS-01,S-KUHIMM
PL-003,11006,0,14,28,26249,317,4821,33,922,3674,7018,5812,3180,719,8,3521,409,1541,842,895,2523,424,460,722,0,623,0,3426,61,0,0,0,0,18,2,399,1273,108,28,0,28,192,375,1241,28,0,12,0,0,50,0,286,0,0,10,13,70,0,0,0,0,7,0,0,3,0,23,79,18,0,24,264,0,8,6,0,0,44,0,14,0,11,21,0,0,12,0,67,0,39,0,15,0,7,5,9,0,0,0,0,0,8,0,137,0,0,0,0,0,13,7,3,0,0,0,5,0,0,0,0,0,0,3,0,54,0,0,22,0,2,0,0,0,0,0,0,0,0,0,0,0,4,0,0,0,0,0,0,0,0,0,0,0,0,0,0,0,0,0,0,0,0,0,0,0,0,0,0,0,0,0,0,0,0,0,0,0,0,0,0,0,0,0,0,0,0,0,0,0,0,0,0,0,0,0,0,0,0,0,0,0,0,0,0,0,0,0,0,0,0,0,0,0,0,0,0,0,0,0,0,0,0,0,ATCTCAGG,CTGTCTCTTATACACATCT,2026,5,0.8% Mucin (S-KUHIMM),HS-01-08MUC-24h,HS-01,S-KUHIMM
PL-004,26235,0,0,23,14773,69,8253,43,2668,3638,3344,9994,1088,971,51,1663,132,541,2049,1332,192,269,400,197,0,168,4,4012,6,0,0,0,0,0,0,452,479,12,2,0,88,111,332,534,10,0,0,0,0,42,6,435,0,0,8,7,3,0,0,0,0,0,0,0,0,0,17,912,0,0,7,123,0,0,63,0,0,9,0,145,0,0,7,0,0,7,0,156,0,13,0,147,0,0,0,0,0,34,0,0,0,68,4,70,0,0,0,37,0,0,0,5,0,0,0,0,0,0,0,0,0,2,0,0,4,0,0,0,0,0,0,0,0,0,0,0,0,0,0,0,0,7,0,0,0,0,8,0,0,0,4,9,0,0,0,0,0,0,0,0,0,0,0,0,0,0,0,0,0,0,0,0,0,0,0,0,4,0,0,0,0,0,0,0,0,0,0,0,0,0,0,3,0,0,0,0,0,0,5,0,0,0,0,0,0,0,0,0,0,0,0,0,0,0,0,0,0,0,0,0,0,0,0,ATCTCAGG,CTGTCTCTTATACACATCT,2026,5,4.0% Mucin,HS-01-4MUC-24h,HS-01,S-KUHIMM
PL-005,472,55,7,30,24093,17716,8619,31,4797,0,0,7,1501,999,1097,10,2440,241,12,0,0,652,181,69,0,90,0,0,26,186,0,0,10056,0,0,13,870,0,748,0,0,0,18,0,0,0,0,0,0,8,14,0,15,0,0,0,0,24,5,0,0,0,0,0,0,0,14,0,19,0,0,0,41,0,0,0,0,16,0,0,24,0,0,0,0,8,0,3,0,0,0,0,0,0,0,0,0,0,0,0,0,0,0,0,0,3,0,0,0,0,0,0,6,0,0,0,0,0,17,0,0,0,4,0,0,0,5,0,0,0,0,0,0,0,0,0,0,0,0,0,0,0,0,0,14,0,0,0,0,0,0,0,0,27,0,0,0,0,0,0,0,0,0,0,0,0,0,0,0,0,0,0,0,0,0,0,0,0,0,0,0,0,0,0,0,0,0,0,0,0,0,0,3,0,0,0,0,0,0,0,2,0,0,0,0,0,0,0,0,0,0,0,0,0,2,0,0,0,0,0,0,0,0,ATCTCAGG,CTGTCTCTTATACACATCT,2026,5,0.0% Mucin (KUHIMM),HS-02-CUL-24h,HS-02,S-KUHIMM
PL-006,11381,60,16,69,27809,1871,5864,0,2798,4647,0,397,5892,1164,34,0,3797,702,6,0,360,358,724,348,0,1099,602,0,13,2437,0,0,3536,0,0,27,841,852,755,40,0,0,180,0,4,0,14,0,0,6,50,0,39,0,0,0,188,63,0,0,0,0,14,0,167,0,28,24,115,0,0,0,207,5,27,0,0,20,0,0,178,69,69,0,0,16,0,0,0,0,0,3,9,4,0,14,0,0,23,0,0,0,0,0,0,6,0,0,0,46,6,4,22,0,0,0,0,0,13,0,0,0,2,6,0,0,19,0,0,0,0,0,0,0,0,0,6,0,0,0,0,3,0,0,0,0,0,0,0,0,0,0,0,0,7,0,0,0,0,0,0,0,0,0,0,0,0,0,0,0,0,0,0,0,0,0,0,0,0,0,0,0,0,0,0,0,0,0,0,0,0,0,0,0,0,0,0,0,0,0,0,0,0,0,0,0,0,0,0,0,0,0,0,0,0,0,0,0,0,0,0,0,0,ATCTCAGG,CTGTCTCTTATACACATCT,2026,5,0.4% Mucin,HS-02-04MUC-24h,HS-02,S-KUHIMM
PL-007,10663,61,7,28,27820,1223,5763,21,5256,4574,0,441,2145,1626,43,3,4088,754,0,0,232,475,584,552,0,1776,1842,0,6,2385,0,0,2930,0,0,71,1049,485,682,4,0,0,188,0,0,0,8,0,0,0,83,0,28,0,3,0,272,123,0,0,0,5,6,0,331,0,70,75,111,0,0,0,221,9,60,0,0,15,0,8,185,33,42,0,0,6,0,0,0,0,0,14,15,0,0,26,0,10,10,0,0,0,0,0,0,2,0,5,0,20,3,0,37,0,0,0,0,6,27,0,0,0,5,8,0,0,17,0,0,0,0,0,0,0,0,0,13,0,0,8,0,3,0,0,0,0,0,0,0,0,3,0,0,0,6,0,0,0,0,0,0,0,0,0,0,0,0,0,0,0,0,0,0,0,2,0,0,0,0,0,0,0,0,0,0,0,0,0,0,0,0,0,0,0,0,0,0,0,0,0,0,0,0,0,0,0,0,0,0,0,0,0,0,0,0,0,0,0,0,0,0,0,0,ATCTCAGG,CTGTCTCTTATACACATCT,2026,5,0.8% Mucin (S-KUHIMM),HS-02-08MUC-24h,HS-02,S-KUHIMM
PL-008,19095,62,10,40,16298,131,9715,8,15604,3514,0,1429,325,2581,40,3,1956,1402,0,0,0,1040,629,339,2,141,1295,0,6,1303,0,0,1339,0,0,92,204,65,433,0,26,0,11,0,0,0,3,0,0,11,135,0,16,0,14,0,0,416,0,0,0,0,0,0,36,0,36,627,39,0,0,0,262,13,113,0,0,4,0,106,98,0,0,0,0,6,0,0,0,0,0,90,11,0,0,0,0,28,37,0,0,43,0,0,0,0,0,21,0,2,0,0,22,0,0,0,0,0,4,0,0,0,6,3,0,0,0,0,0,0,0,0,0,0,0,0,7,0,0,0,0,0,0,0,0,0,8,0,0,0,11,9,0,0,3,0,0,0,0,0,0,0,0,0,0,0,0,0,0,0,0,0,0,0,0,0,0,0,3,0,0,0,0,0,0,0,0,0,0,0,0,2,0,0,0,0,0,0,0,0,0,0,0,0,0,0,0,0,0,0,0,0,0,0,0,0,0,0,0,0,0,0,0,ATCTCAGG,CTGTCTCTTATACACATCT,2026,5,4.0% Mucin,HS-02-4MUC-24h,HS-02,S-KUHIMM
PL-009,0,0,15,19843,11263,165,397,13210,3262,0,2483,10472,2452,303,22,4,2074,1091,393,471,3321,24,628,11,0,3850,0,0,0,0,0,0,0,1702,0,37,289,85,180,1258,16,163,378,355,0,73,21,1010,1276,193,197,0,82,47,0,13,669,0,0,0,178,17,426,0,0,216,29,0,4,26,0,0,7,0,0,0,0,7,0,0,5,26,20,0,3,13,0,59,55,0,11,0,0,0,6,0,0,0,0,0,0,0,0,0,0,0,0,0,0,0,0,4,0,0,2,6,0,8,0,0,0,0,0,0,0,0,0,6,0,0,18,0,0,0,6,0,0,0,0,0,0,0,0,0,0,0,0,0,0,0,0,0,0,0,0,0,0,0,0,0,0,0,0,0,0,0,0,0,0,0,0,0,0,0,0,0,0,0,0,0,0,0,0,0,0,0,0,0,0,0,0,0,0,0,0,0,0,0,0,0,5,0,0,0,0,0,0,0,0,0,0,0,0,0,0,0,0,0,0,0,0,0,0,ATCTCAGG,CTGTCTCTTATACACATCT,2026,5,0.0% Mucin (KUHIMM),HS-03-CUL-24h,HS-03,S-KUHIMM
PL-010,1465,0,5,16370,9832,11,240,21592,1450,1670,1815,9405,3089,219,25,4,1824,1109,484,452,5017,34,384,11,0,1441,0,0,0,0,0,9,0,2252,0,69,397,190,189,1129,35,256,259,270,0,210,73,317,2017,195,118,0,85,406,0,0,116,0,5,0,300,14,132,0,0,693,83,0,29,95,0,0,6,0,0,0,7,54,0,2,0,65,37,0,25,44,0,68,78,0,0,0,0,2,27,31,0,0,0,0,0,0,8,0,0,0,0,0,0,5,14,0,0,0,0,19,0,16,0,0,0,0,0,0,0,0,0,16,8,9,3,0,7,5,28,8,0,3,0,0,0,0,0,0,0,0,0,0,0,0,0,0,0,0,0,0,0,0,0,0,0,0,0,0,0,0,0,0,0,0,0,0,0,0,0,0,0,0,0,0,0,0,0,0,0,0,0,0,0,0,0,0,0,0,0,0,0,0,0,0,3,0,0,0,0,0,0,0,0,0,0,0,0,0,0,0,0,0,0,0,0,0,0,ATCTCAGG,CTGTCTCTTATACACATCT,2026,5,0.4% Mucin,HS-03-04MUC-24h,HS-03,S-KUHIMM
PL-011,2437,0,17,14681,8551,16,222,23345,1930,2891,1755,6874,2583,244,30,5,1638,1093,814,403,5149,22,458,0,0,1295,0,0,0,0,0,6,0,2075,0,151,279,76,144,933,62,272,267,324,0,115,56,299,1889,128,129,0,140,388,0,0,79,0,0,0,229,7,165,0,0,427,82,43,23,109,0,0,3,2,4,0,10,45,0,0,0,50,27,0,17,39,0,61,39,0,0,11,0,0,9,13,0,0,0,0,0,0,9,0,0,0,0,0,0,0,6,0,0,0,0,14,0,17,0,0,0,2,0,0,0,0,0,21,0,7,0,0,0,0,11,0,0,0,0,8,0,0,0,0,0,0,0,0,0,0,0,0,0,0,0,0,0,0,0,0,0,0,0,0,0,0,0,0,0,0,0,0,0,0,0,0,0,0,0,0,0,0,0,0,0,0,0,0,0,0,0,0,0,0,0,0,0,0,0,0,0,0,0,0,0,0,0,0,0,0,0,0,0,0,0,0,0,0,0,0,0,0,0,ATCTCAGG,CTGTCTCTTATACACATCT,2026,5,0.8% Mucin (S-KUHIMM),HS-03-08MUC-24h,HS-03,S-KUHIMM
PL-012,13705,0,7,12738,2383,12,323,29257,4072,1700,650,2340,187,80,41,4,431,1153,1186,326,654,69,416,3,3,624,4,0,0,0,0,0,0,82,0,175,16,6,34,1411,877,389,81,523,0,0,0,0,1543,28,108,0,78,180,0,0,55,0,0,0,154,9,3,0,0,7,21,437,3,63,0,0,0,0,43,0,0,0,0,55,0,0,0,0,8,3,0,120,0,0,0,52,0,0,0,0,0,21,0,0,0,29,0,0,0,0,0,22,0,0,0,0,0,0,0,0,0,6,0,0,0,2,0,0,0,0,0,0,0,9,0,0,0,0,0,0,0,0,0,0,0,5,0,0,0,0,0,0,0,0,0,0,0,0,0,0,0,0,0,0,0,0,0,0,0,0,0,0,0,0,0,0,0,0,0,0,0,0,0,0,0,0,0,0,0,0,0,0,0,0,0,2,0,0,0,0,0,0,0,0,4,0,0,0,0,0,0,0,0,0,0,0,0,0,0,0,0,0,0,0,0,0,0,ATCTCAGG,CTGTCTCTTATACACATCT,2026,5,4.0% Mucin,HS-03-4MUC-24h,HS-03,S-KUHIMM
PL-013,6,10219,21085,12250,7228,5832,5530,9,234,0,0,0,1655,1967,133,0,968,267,1099,871,5,136,208,29,0,12,0,0,10,0,1645,2,8,0,0,244,58,37,11,0,0,11,0,279,0,0,0,0,0,4,0,11,19,0,0,0,0,12,0,0,0,15,0,0,0,0,17,0,11,0,0,0,0,0,0,0,13,3,0,0,0,0,0,0,0,0,0,0,0,0,10,0,0,0,0,0,0,0,0,0,0,0,0,0,0,0,0,0,0,0,0,0,12,0,0,0,0,0,0,0,0,0,0,11,0,0,0,0,0,0,0,7,0,0,0,0,0,0,0,0,0,0,0,0,0,0,0,0,0,0,0,0,0,0,0,0,0,0,0,0,0,0,0,0,0,0,0,0,0,0,0,0,0,0,0,0,0,0,0,0,0,0,0,0,0,0,0,0,0,0,0,0,0,0,0,0,0,0,0,0,0,0,0,0,0,0,0,0,0,0,0,0,0,0,0,0,0,0,0,0,0,0,0,ATCTCAGG,CTGTCTCTTATACACATCT,2026,5,0.0% Mucin (KUHIMM),HS-04-CUL-24h,HS-04,S-KUHIMM
PL-014,9342,6104,15277,6246,16191,806,5067,0,1735,1126,0,9,2530,528,54,2,3365,643,480,1217,42,157,891,525,0,262,0,0,0,0,3353,0,0,0,0,244,1965,268,49,0,0,19,4,1458,0,0,9,9,0,4,0,19,96,0,0,0,69,116,0,0,0,10,0,0,0,0,21,8,45,0,0,0,0,0,16,0,10,16,0,0,0,12,23,0,0,0,0,0,0,0,0,3,0,0,0,0,0,0,0,0,0,0,0,0,0,0,0,0,0,7,0,0,10,0,0,0,0,0,0,0,0,0,0,20,0,0,0,0,0,0,0,4,0,0,0,0,0,0,0,6,0,0,0,0,0,0,0,0,0,0,0,0,0,0,0,0,0,0,0,0,0,0,0,0,0,0,0,0,0,0,0,0,0,0,0,0,0,0,0,0,0,0,0,0,0,0,0,0,0,0,0,0,0,0,0,0,0,0,0,0,0,0,0,0,0,0,0,0,0,0,0,0,0,0,2,2,0,0,0,0,0,0,0,ATCTCAGG,CTGTCTCTTATACACATCT,2026,5,0.4% Mucin,HS-04-04MUC-24h,HS-04,S-KUHIMM
PL-015,16466,5934,14031,5112,12610,465,5035,9,1900,1354,0,3,978,477,51,0,2784,709,562,1007,11,241,626,212,0,186,0,0,0,0,3513,0,0,0,0,213,1568,125,26,0,3,41,0,1092,0,0,8,0,0,0,0,9,108,0,0,0,23,100,0,0,0,0,0,0,4,0,19,63,30,0,0,0,0,6,41,0,9,3,0,6,0,0,7,0,0,0,0,0,0,0,0,18,0,0,0,0,0,6,0,0,0,0,0,0,0,0,0,0,0,3,0,0,7,0,0,0,0,0,0,0,0,0,0,23,0,0,0,0,0,6,0,0,0,0,0,0,0,0,0,16,0,0,0,0,0,0,0,0,0,0,0,0,0,0,0,0,0,0,0,0,0,0,0,0,0,0,0,0,0,0,0,0,0,0,0,0,2,0,0,0,0,0,0,0,0,0,0,0,0,0,0,0,0,0,0,0,0,0,0,0,0,0,0,0,0,0,0,0,0,0,0,0,0,0,0,0,2,0,0,0,0,0,0,ATCTCAGG,CTGTCTCTTATACACATCT,2026,5,0.8% Mucin (S-KUHIMM),HS-04-08MUC-24h,HS-04,S-KUHIMM
PL-016,23785,4162,6604,6898,7786,95,7965,0,1805,2889,2,0,667,143,22,0,927,178,867,880,13,1070,41,50,0,27,0,0,3,0,1902,0,0,0,0,22,130,8,20,0,0,33,0,863,0,0,0,0,0,4,0,0,0,0,0,0,0,0,0,0,0,9,0,0,0,0,8,662,9,0,0,0,0,0,46,0,0,0,0,114,4,0,0,0,0,0,0,0,0,0,5,99,0,0,0,0,0,32,0,0,0,47,0,0,0,0,0,28,0,0,0,0,14,0,0,0,0,0,0,0,0,0,0,6,0,0,0,0,0,0,0,34,0,0,0,0,0,0,0,0,0,7,0,0,0,0,17,0,0,0,4,0,0,0,0,0,0,0,0,0,0,0,0,0,0,0,0,0,0,0,0,0,0,0,0,0,3,0,3,0,0,0,0,0,0,0,0,0,0,0,0,0,0,0,0,0,0,0,2,0,0,0,0,0,0,0,0,0,0,0,0,0,0,0,0,0,0,0,0,0,0,0,0,ATCTCAGG,CTGTCTCTTATACACATCT,2026,5,4.0% Mucin,HS-04-4MUC-24h,HS-04,S-KUHIMM
PL-017,0,38,7762,13608,1263,5706,3177,18581,84,0,0,0,294,176,17585,2076,2,22,181,45,0,8,216,0,342,2,0,26,0,0,0,6,0,0,41,0,0,0,3,192,4,16,0,49,0,0,0,0,0,11,0,5,0,0,2,0,0,0,936,0,0,5,0,4,0,0,4,0,0,0,16,0,0,0,0,46,0,0,35,0,0,0,0,0,0,3,0,0,0,0,0,0,0,0,0,0,0,0,0,0,0,0,0,0,2,0,0,0,16,0,0,6,0,0,0,0,0,0,0,0,0,0,0,0,0,0,0,0,0,15,0,0,0,0,0,0,0,0,0,0,123,0,0,0,0,0,0,0,0,0,0,0,28,0,0,0,0,0,0,0,0,0,0,0,0,0,0,0,0,0,0,0,0,0,0,0,0,0,0,0,0,0,0,0,0,0,0,0,0,0,0,0,0,0,0,0,0,0,0,0,0,0,0,0,0,0,0,0,0,0,0,0,0,0,0,0,0,0,0,0,0,0,0,ATCTCAGG,CTGTCTCTTATACACATCT,2026,5,0.0% Mucin (KUHIMM),HS-05-CUL-24h,HS-05,S-KUHIMM
PL-018,6536,3,9672,15100,8163,291,2008,21886,721,1678,0,35,1447,702,7062,2483,5,957,275,201,12,461,1707,0,262,0,0,59,52,0,0,0,0,5,2655,57,333,40,22,767,0,294,2,284,0,25,0,0,0,61,4,21,9,0,0,0,81,0,531,0,0,0,0,18,0,0,12,10,12,0,252,0,0,0,93,128,0,2,45,5,0,2,0,0,0,19,0,35,0,0,0,0,0,31,0,0,0,8,0,0,0,0,21,0,13,0,0,0,4,10,0,14,0,0,8,0,13,0,0,0,0,21,0,0,0,0,4,2,0,11,0,0,0,0,0,0,4,0,0,0,0,0,0,0,0,4,0,0,0,0,0,2,0,0,0,0,0,0,0,0,0,0,0,0,0,0,0,0,0,0,0,0,0,0,0,0,0,0,0,0,0,0,0,0,0,0,0,0,0,0,0,0,0,0,0,0,0,0,0,0,0,0,0,0,0,0,0,0,0,0,0,0,0,0,2,0,0,0,0,0,0,0,0,ATCTCAGG,CTGTCTCTTATACACATCT,2026,5,0.4% Mucin,HS-05-04MUC-24h,HS-05,S-KUHIMM
PL-019,8343,30,8316,14427,5452,119,1782,21630,1657,1574,0,52,482,667,4401,1814,0,1331,504,156,16,225,1417,0,511,2,0,213,3,0,0,0,0,16,1550,86,214,18,45,565,0,346,13,432,0,31,0,0,0,38,0,84,12,0,0,0,113,0,460,0,3,5,0,12,0,0,0,46,7,0,162,0,0,0,146,126,0,0,111,9,0,0,0,0,3,6,0,0,0,0,0,9,0,10,0,5,0,8,0,0,0,0,26,0,12,0,0,0,5,0,2,0,0,0,0,0,6,0,0,0,0,7,0,0,0,0,0,0,0,16,0,0,0,0,0,0,4,0,0,0,0,0,0,13,0,0,0,0,9,0,0,0,0,0,0,0,0,0,0,0,0,0,0,0,0,0,0,0,0,0,0,0,0,0,0,0,0,0,0,3,0,0,0,0,0,0,0,0,0,0,0,0,0,0,0,0,0,0,0,0,2,0,0,0,0,0,0,0,0,0,0,0,0,0,0,0,0,2,0,0,0,0,0,ATCTCAGG,CTGTCTCTTATACACATCT,2026,5,0.8% Mucin (S-KUHIMM),HS-05-08MUC-24h,HS-05,S-KUHIMM
PL-020,16666,32,2080,15351,450,36,2268,21783,1345,1495,0,0,59,40,1986,229,0,596,409,117,0,35,345,0,5138,0,0,400,12,0,0,0,5,0,3519,14,7,0,5,79,7,103,0,166,0,6,0,0,0,3,0,82,0,0,0,0,2,0,1231,0,0,0,0,7,4,0,0,334,0,0,7,0,0,3,109,226,0,0,265,42,0,0,0,0,0,0,0,0,0,0,0,51,0,0,0,0,0,16,0,0,0,30,0,0,10,0,0,13,67,0,0,0,0,0,0,0,0,0,0,0,0,0,0,0,0,0,0,0,0,14,0,0,0,0,0,0,0,0,0,0,0,5,0,0,0,2,0,0,0,0,4,10,0,0,0,0,0,0,0,0,0,0,0,0,0,0,0,0,0,0,0,0,0,0,0,0,0,0,2,0,0,0,0,0,0,0,0,0,0,0,0,0,0,0,0,0,0,0,0,0,0,0,0,0,0,0,0,0,0,0,0,0,0,0,0,0,0,0,0,0,0,0,0,ATCTCAGG,CTGTCTCTTATACACATCT,2026,5,4.0% Mucin,HS-05-4MUC-24h,HS-05,S-KUHIMM
PL-021,0,21917,0,8,14418,20674,478,0,2788,0,0,0,0,1088,628,0,745,358,0,984,26,547,0,1339,0,0,25,0,4230,0,0,1327,2,0,0,36,469,45,356,0,12,0,0,4,102,27,8,0,0,33,0,0,23,0,56,15,0,0,0,0,0,7,0,0,0,2,37,0,7,4,0,0,0,4,0,0,12,82,0,0,0,0,0,0,0,7,0,0,0,55,0,0,0,32,0,0,0,71,0,0,0,0,0,0,0,0,0,0,0,0,0,0,9,0,0,0,0,0,0,0,0,0,0,0,0,0,0,0,0,7,0,0,0,0,0,0,0,5,0,0,0,0,0,0,0,0,0,0,0,0,0,0,0,0,0,0,0,0,4,0,0,0,0,0,0,0,0,0,0,0,0,0,0,0,0,0,0,0,0,0,0,0,0,0,0,0,0,0,0,0,0,0,0,0,0,0,0,0,0,0,0,0,0,0,0,0,0,0,0,0,0,0,0,0,0,0,0,0,0,0,0,0,0,ATCTCAGG,CTGTCTCTTATACACATCT,2026,5,0.0% Mucin (KUHIMM),HS-06-CUL-24h,HS-06,S-KUHIMM
PL-022,15490,14109,0,10,23673,5101,246,0,4449,2617,0,24,3,241,93,0,1943,777,0,724,369,2194,0,1124,0,456,1686,0,1188,0,0,520,0,244,0,14,838,973,515,0,0,0,54,3,173,175,181,0,0,38,0,0,155,0,32,0,0,0,0,97,0,0,0,0,0,25,16,16,108,0,0,0,0,0,104,0,0,40,0,0,0,37,7,0,3,8,0,7,0,59,0,3,0,60,3,24,0,10,0,0,0,0,0,0,0,0,44,3,0,0,2,0,8,0,0,0,0,0,0,0,2,0,0,0,0,6,0,0,0,2,0,0,0,0,3,0,5,6,0,0,0,0,0,0,0,0,0,0,0,0,0,0,0,0,0,0,0,0,0,0,0,0,0,0,0,0,0,0,0,0,0,0,0,0,0,0,0,0,0,0,0,0,0,0,0,0,0,0,0,0,0,0,0,0,0,0,0,0,0,0,0,0,0,0,0,0,0,0,0,0,0,0,0,0,0,0,0,0,2,0,0,0,0,ATCTCAGG,CTGTCTCTTATACACATCT,2026,5,0.4% Mucin,HS-06-04MUC-24h,HS-06,S-KUHIMM
PL-023,20163,12199,0,0,19451,3960,435,0,6452,2905,0,19,0,725,70,0,2950,1118,0,830,238,2488,0,759,0,618,2243,0,808,0,0,889,0,228,0,17,605,734,537,0,0,0,86,14,155,271,159,0,0,28,0,0,232,0,42,8,0,0,0,54,0,9,0,0,0,37,16,99,109,0,0,0,0,2,135,0,5,37,0,15,3,8,0,0,6,0,0,0,0,48,0,17,0,55,8,9,0,13,0,0,0,0,0,0,0,0,43,0,0,0,0,0,16,0,0,0,0,0,0,0,5,3,0,0,0,5,0,0,0,2,0,0,0,0,0,0,5,5,0,0,0,0,0,0,0,0,0,0,0,0,0,0,0,0,0,0,0,0,0,0,0,0,0,0,0,0,0,0,0,0,0,0,0,0,0,0,0,0,0,0,0,0,3,0,0,0,0,0,0,0,0,0,0,0,0,0,0,0,0,0,0,0,0,0,0,0,0,0,0,0,0,0,0,0,0,0,0,0,0,0,0,0,0,ATCTCAGG,CTGTCTCTTATACACATCT,2026,5,0.8% Mucin (S-KUHIMM),HS-06-08MUC-24h,HS-06,S-KUHIMM
PL-024,26932,12243,0,3,11560,1097,2911,6,10047,4705,2,50,0,2570,30,0,1732,1421,0,1858,73,3412,0,812,0,452,1631,0,655,0,0,702,0,76,0,269,193,114,621,0,40,0,16,0,67,175,49,0,0,39,0,0,57,0,73,6,0,0,0,0,0,9,0,0,0,8,18,889,22,2,0,0,0,6,121,0,14,7,0,139,0,0,10,2,4,9,0,0,0,29,0,116,0,16,5,15,0,30,0,0,0,49,0,0,0,0,8,25,0,0,0,0,0,0,0,0,0,0,0,0,0,0,0,0,0,7,0,0,0,0,0,0,0,0,0,0,0,6,0,0,0,10,0,0,0,0,0,0,0,0,8,10,0,0,0,0,0,0,0,0,0,0,0,0,0,0,0,0,0,0,0,2,0,0,0,0,4,0,3,0,0,0,0,0,0,0,0,0,0,0,0,0,0,0,0,0,0,0,0,0,0,0,0,0,0,0,0,0,0,0,0,0,0,0,0,0,0,0,0,0,0,0,0,ATCTCAGG,CTGTCTCTTATACACATCT,2026,5,4.0% Mucin,HS-06-4MUC-24h,HS-06,S-KUHIMM
PL-025,0,3,0,9,20889,6344,8135,0,94,0,15831,2568,5000,1607,0,4201,259,1151,687,413,5309,159,3707,1892,0,1406,0,1127,5490,0,0,0,0,10,0,717,1576,57,140,0,7,0,585,173,62,0,0,0,0,88,0,61,5,0,0,59,159,0,0,0,0,30,0,0,0,0,13,0,58,0,17,10,0,0,0,0,17,73,0,0,5,31,34,0,0,14,0,46,73,98,0,0,0,7,0,6,0,0,0,0,0,0,0,43,0,0,0,0,0,17,0,0,0,0,0,0,0,0,0,0,0,0,0,0,27,0,9,3,0,0,21,0,0,0,0,0,0,0,0,0,0,0,9,0,0,0,0,0,0,0,0,0,0,0,0,0,0,0,0,0,0,0,0,0,0,0,0,0,0,0,0,0,0,0,0,0,0,0,0,0,2,0,0,0,0,0,0,0,0,0,0,0,0,0,0,0,0,0,0,0,0,0,0,0,0,0,0,0,0,0,0,0,0,0,0,0,0,0,0,0,0,0,0,ATCTCAGG,CTGTCTCTTATACACATCT,2026,5,0.0% Mucin (KUHIMM),HS-01-CUL-48h,HS-01,S-KUHIMM
PL-026,1874,4,0,6,21108,283,5343,0,291,3429,13324,5369,4831,614,5,3350,391,1927,727,1242,1850,191,2057,1353,0,220,0,3158,79,0,0,0,0,72,0,619,600,532,38,7,50,141,475,394,86,0,48,0,0,74,0,183,7,0,10,12,0,0,0,11,0,17,14,0,0,0,20,9,44,0,11,637,0,0,0,0,0,32,0,0,0,96,141,9,0,41,0,105,89,48,0,0,0,26,49,48,0,0,0,0,0,0,0,54,0,0,0,0,0,23,24,49,0,122,0,10,0,0,0,0,0,6,6,0,29,0,5,13,0,0,0,0,8,0,0,2,0,0,5,0,0,0,10,0,0,0,0,0,0,0,0,0,0,0,0,0,0,0,0,0,0,0,0,0,0,0,0,0,0,0,0,0,0,0,0,0,0,0,0,0,0,0,0,0,0,0,0,0,0,0,0,2,0,0,0,0,0,0,0,0,0,0,0,0,0,0,0,0,0,0,0,0,0,0,0,0,0,0,0,0,0,0,0,ATCTCAGG,CTGTCTCTTATACACATCT,2026,5,0.4% Mucin,HS-01-04MUC-48h,HS-01,S-KUHIMM
PL-027,1054,4,0,5,21754,169,4051,0,955,4229,12643,8296,3629,577,0,2239,531,1977,1172,1524,2504,243,1617,1111,0,375,2,5612,37,0,0,0,0,26,0,852,676,221,39,0,133,126,389,477,56,0,41,0,0,47,0,227,0,0,8,18,0,0,0,7,0,9,23,0,0,0,14,30,21,0,13,423,0,6,0,0,6,27,0,7,0,36,161,0,0,28,0,66,84,33,0,14,0,16,36,25,0,0,0,0,0,0,11,61,0,0,0,0,0,13,17,7,0,0,0,3,0,0,0,0,0,0,10,0,40,0,0,26,3,6,7,0,0,3,0,0,0,0,0,0,0,0,17,0,0,0,0,0,0,0,0,0,0,0,0,0,0,0,0,0,0,0,0,0,0,0,0,0,0,0,0,0,0,0,0,0,0,0,0,0,0,0,0,0,0,0,0,0,0,0,0,4,0,0,0,0,0,0,0,0,0,0,0,0,0,0,0,0,0,0,0,0,0,0,0,0,0,0,0,2,0,0,0,ATCTCAGG,CTGTCTCTTATACACATCT,2026,5,0.8% Mucin (S-KUHIMM),HS-01-08MUC-48h,HS-01,S-KUHIMM
PL-028,11648,0,0,10,11162,59,10196,8,3136,2776,3622,13557,877,987,0,1218,99,787,2662,1513,246,105,452,254,0,159,7,6745,25,0,0,0,0,0,0,386,440,3,13,0,1773,243,327,285,5,0,0,0,0,21,0,1137,0,0,7,0,0,0,0,0,0,0,0,0,0,0,12,554,4,0,7,232,0,4,10,0,7,24,0,65,0,0,0,0,0,0,0,171,0,11,0,123,0,0,0,0,0,27,0,0,0,29,0,50,0,0,0,21,0,0,0,2,0,0,0,0,0,0,0,0,0,0,4,0,13,0,0,0,0,0,0,0,0,0,0,0,0,0,0,0,0,8,0,0,0,0,0,0,0,0,0,6,0,0,0,0,0,0,0,0,0,0,0,0,0,0,0,0,0,0,0,0,0,0,0,0,0,0,0,0,0,0,0,0,0,0,0,0,0,0,0,0,0,0,0,0,0,0,0,0,0,0,0,0,0,0,0,0,0,0,0,0,0,0,0,0,0,0,0,0,0,0,0,ATCTCAGG,CTGTCTCTTATACACATCT,2026,5,4.0% Mucin,HS-01-4MUC-48h,HS-01,S-KUHIMM
PL-029,0,224,6,0,20687,11660,7561,0,4601,0,51,46,3969,1911,779,0,2981,444,8,0,239,1205,1666,157,0,6525,90,0,49,257,0,0,10104,0,0,211,597,522,597,1054,18,0,563,0,4,0,16,0,0,23,66,0,217,0,0,0,1166,21,0,0,0,0,13,0,0,0,16,0,55,0,0,0,24,0,0,0,0,70,0,0,454,42,67,0,0,9,0,0,24,3,0,0,112,0,0,0,0,0,4,0,254,0,0,10,0,89,0,0,0,29,0,0,8,0,0,0,0,28,22,0,0,0,5,35,0,0,28,0,0,0,15,0,4,0,0,0,0,0,0,0,0,0,0,0,16,0,0,0,0,0,0,0,0,22,0,0,0,0,0,0,0,0,0,0,0,0,0,0,0,0,21,0,0,0,3,0,0,0,0,0,0,0,0,0,0,0,0,0,0,0,0,0,0,0,0,0,0,0,0,0,0,0,0,0,0,0,0,0,0,0,0,0,0,0,0,0,0,0,0,0,2,0,0,ATCTCAGG,CTGTCTCTTATACACATCT,2026,5,0.0% Mucin (KUHIMM),HS-02-CUL-48h,HS-02,S-KUHIMM
PL-030,2626,94,11,0,23110,1648,8450,0,2572,6525,9,903,5159,2131,47,11,3718,1085,6,0,912,1431,2472,357,0,2099,871,0,37,5467,0,0,4094,0,0,238,759,1101,1287,265,9,0,231,0,3,0,124,0,0,6,111,0,160,0,0,0,365,140,0,0,0,2,29,0,451,0,68,6,169,0,0,0,368,3,0,0,0,52,0,0,401,68,327,10,0,9,0,0,34,0,0,0,18,0,9,18,0,0,88,0,0,0,0,0,0,4,0,0,0,39,47,5,27,7,4,0,27,4,19,0,0,2,10,21,0,0,58,0,2,0,11,0,23,0,0,2,15,0,0,0,0,0,0,0,6,0,0,0,6,0,0,0,0,0,10,0,0,14,0,0,0,0,0,0,0,0,0,0,0,0,0,0,0,3,3,0,0,0,0,0,0,0,0,0,0,0,0,0,0,0,0,0,0,0,0,0,0,0,0,0,0,0,0,0,0,0,0,0,0,0,0,0,0,0,0,0,0,0,0,0,0,0,0,ATCTCAGG,CTGTCTCTTATACACATCT,2026,5,0.4% Mucin,HS-02-04MUC-48h,HS-02,S-KUHIMM
PL-031,2592,63,14,0,21299,720,7304,0,3892,6190,27,1007,2105,1749,17,2,3195,1327,4,0,90,1587,2395,363,0,2381,1903,0,11,4285,0,0,2825,0,0,285,641,794,904,258,5,0,153,0,0,0,75,0,0,12,192,0,102,0,2,0,470,223,0,0,0,0,11,0,599,0,91,49,165,0,0,0,360,0,0,0,0,48,0,4,298,82,191,2,0,8,0,0,4,0,0,5,34,31,0,18,0,11,70,0,121,0,0,0,0,2,0,0,0,36,43,0,28,15,0,0,14,7,11,0,0,0,7,12,0,7,32,0,0,3,7,0,16,0,0,0,14,0,0,0,0,0,0,0,8,0,0,0,15,0,0,0,0,0,5,0,0,7,0,0,0,0,0,0,0,0,0,0,0,4,0,0,0,4,5,2,0,0,0,0,0,0,0,0,0,0,0,0,0,0,0,0,0,0,0,0,0,0,0,5,3,0,0,0,0,0,0,0,3,0,0,0,0,0,0,0,0,0,0,0,0,0,0,ATCTCAGG,CTGTCTCTTATACACATCT,2026,5,0.8% Mucin (S-KUHIMM),HS-02-08MUC-48h,HS-02,S-KUHIMM
PL-032,11767,122,0,0,12972,121,9756,5,17369,2940,16,2065,330,3376,0,3,2060,1881,0,0,10,2283,1126,341,0,140,2896,0,8,1098,0,0,1478,0,0,200,134,42,449,0,54,0,18,0,0,0,0,0,0,0,702,0,0,0,20,0,32,559,0,0,0,0,0,0,52,0,29,525,51,0,0,0,152,9,55,0,0,5,0,95,97,0,0,0,0,0,0,0,0,0,0,70,23,0,0,0,0,25,129,0,0,34,0,0,0,0,0,34,0,0,0,0,14,0,0,0,0,0,6,0,0,0,4,9,0,0,2,0,0,0,0,0,0,0,0,0,12,0,0,0,0,7,0,0,18,0,7,0,0,0,5,0,0,0,0,0,0,0,0,0,0,0,0,0,0,0,0,0,0,0,0,0,0,0,0,0,0,0,0,0,0,0,0,0,0,0,0,0,0,0,0,0,0,0,0,0,0,0,0,0,0,0,0,0,0,0,4,0,0,0,0,0,0,0,0,0,0,0,0,0,0,0,0,ATCTCAGG,CTGTCTCTTATACACATCT,2026,5,4.0% Mucin,HS-02-4MUC-48h,HS-02,S-KUHIMM
PL-033,0,0,12,22247,14739,239,949,3604,1874,0,3713,9582,3387,203,6,3,1966,691,439,2019,3829,71,989,21,0,4924,0,0,17,0,0,0,0,1675,0,63,523,163,381,2311,32,263,355,229,0,51,46,595,1694,240,167,0,68,66,0,7,860,0,0,4,238,49,465,0,0,520,59,0,6,68,0,0,5,0,0,0,0,18,0,0,5,55,133,0,3,33,0,92,64,0,24,0,0,17,12,0,0,0,0,0,0,0,11,0,0,0,0,0,0,6,0,0,0,0,0,164,0,13,0,0,0,0,0,0,0,0,0,12,0,2,23,0,5,25,0,2,0,0,0,0,0,0,0,0,0,0,0,0,0,0,0,0,0,0,0,0,0,0,0,0,0,0,0,0,0,0,0,0,0,3,0,0,0,0,0,0,0,0,0,0,0,0,0,0,0,0,0,0,0,0,0,0,0,0,0,0,0,0,0,0,5,0,0,0,0,0,0,0,0,0,0,0,0,0,0,0,0,0,0,0,0,0,0,ATCTCAGG,CTGTCTCTTATACACATCT,2026,5,0.0% Mucin (KUHIMM),HS-03-CUL-48h,HS-03,S-KUHIMM
PL-034,1585,0,6,18147,11850,19,647,11598,1116,1583,5186,7117,4370,272,0,6,1757,1771,470,1760,2132,128,875,11,0,726,0,12,0,0,0,0,0,2809,0,69,469,296,189,1668,45,247,326,389,0,360,81,355,1280,275,161,0,131,430,0,23,30,0,0,11,313,18,197,0,0,1398,102,4,20,156,0,0,10,0,0,0,0,208,0,0,0,100,405,33,15,93,0,74,86,0,0,3,0,13,25,22,0,0,0,4,0,0,23,0,0,0,0,3,0,16,15,2,0,26,0,17,0,16,0,0,0,0,0,0,0,0,0,18,0,0,5,0,7,35,10,5,0,0,0,8,0,0,0,0,0,0,0,0,0,0,0,0,0,0,0,0,0,0,0,0,0,0,0,0,0,0,0,0,0,0,0,0,0,0,0,2,0,0,0,0,0,0,0,0,0,0,0,0,0,0,0,2,0,0,0,0,0,0,0,0,0,0,0,0,0,0,0,0,0,0,0,0,0,0,0,0,0,0,0,0,0,0,0,ATCTCAGG,CTGTCTCTTATACACATCT,2026,5,0.4% Mucin,HS-03-04MUC-48h,HS-03,S-KUHIMM
PL-035,2111,0,0,14958,9581,7,661,12453,1911,1803,4839,8224,3571,360,0,0,1454,1786,1004,1242,2848,76,924,8,0,795,0,0,16,0,0,0,0,2329,0,133,396,210,217,1573,72,258,368,388,0,254,62,303,1164,174,168,0,155,556,0,0,23,0,0,6,241,13,251,0,0,914,139,54,28,175,0,0,23,0,0,0,8,214,0,4,0,77,434,16,12,57,0,78,75,0,0,4,0,19,14,20,0,0,0,0,0,0,33,0,0,0,0,0,0,21,9,0,4,12,0,12,0,15,0,0,0,7,0,0,0,0,0,30,5,0,4,0,6,48,21,3,0,0,0,0,0,0,0,0,0,0,0,0,0,0,0,0,0,0,0,0,0,0,0,0,0,4,0,0,0,0,0,0,0,0,0,0,0,0,0,0,0,0,0,0,0,0,0,0,0,0,0,0,0,0,0,2,0,0,0,0,0,0,0,0,0,0,0,0,0,0,0,0,0,0,0,0,0,0,0,0,0,0,0,0,0,0,0,ATCTCAGG,CTGTCTCTTATACACATCT,2026,5,0.8% Mucin (S-KUHIMM),HS-03-08MUC-48h,HS-03,S-KUHIMM
PL-036,4044,0,7,12695,2942,7,779,25996,5196,1347,1612,9382,263,116,0,12,249,1141,1524,508,810,141,919,6,0,340,3,0,10,0,0,0,0,94,0,326,38,10,90,2673,1555,538,146,733,0,9,21,0,1938,38,144,0,155,767,0,0,0,0,0,0,188,6,10,0,0,0,23,446,0,298,0,0,0,4,11,0,0,0,0,48,2,0,0,0,9,8,0,143,0,0,0,62,0,0,0,0,0,19,0,2,0,24,8,0,0,0,0,14,0,0,0,0,0,0,0,0,0,10,0,0,0,0,0,2,0,0,0,2,0,5,0,0,0,0,8,0,0,0,0,0,0,0,0,0,0,0,7,0,0,0,4,0,0,0,0,0,0,0,0,0,0,0,0,0,0,0,0,0,0,0,0,0,0,0,0,16,0,0,0,0,0,0,0,0,0,0,0,0,0,0,0,0,0,0,0,0,0,0,0,0,0,0,0,0,0,0,0,0,0,0,0,0,0,0,0,0,0,0,0,0,0,0,0,ATCTCAGG,CTGTCTCTTATACACATCT,2026,5,4.0% Mucin,HS-03-4MUC-48h,HS-03,S-KUHIMM
PL-037,0,6756,19164,5349,12516,2785,5950,0,471,0,141,0,3336,1259,196,0,1583,326,713,685,311,159,284,454,0,1063,0,0,0,0,1548,0,290,0,0,261,1548,811,40,7,3,14,36,498,0,0,44,197,0,52,0,56,105,0,0,0,910,238,0,0,0,27,0,0,0,0,17,0,89,0,0,0,0,0,0,0,58,28,0,0,0,77,43,0,0,0,0,0,0,0,15,0,0,0,0,0,0,0,0,0,0,0,0,0,0,0,0,0,0,16,0,0,47,0,0,0,0,0,0,0,0,4,0,34,0,0,0,0,0,0,0,4,0,0,0,0,0,0,0,6,0,0,0,0,0,0,0,0,0,0,0,0,0,0,0,0,0,0,0,0,0,0,0,0,0,0,0,0,0,0,0,0,0,0,0,0,0,0,0,0,0,0,0,0,0,0,0,0,0,0,0,0,0,0,0,0,0,0,0,0,0,0,0,0,0,0,0,0,0,0,0,0,0,0,0,0,0,0,0,0,0,0,0,ATCTCAGG,CTGTCTCTTATACACATCT,2026,5,0.0% Mucin (KUHIMM),HS-04-CUL-48h,HS-04,S-KUHIMM
PL-038,517,6033,16077,3995,15199,617,5646,0,892,5034,0,43,2995,423,94,0,2763,456,490,1272,1140,325,307,420,0,572,0,0,0,6,2992,0,0,0,0,347,1099,1089,66,0,0,13,25,896,0,0,67,769,0,31,0,88,292,0,0,0,271,136,0,0,0,2,0,0,10,0,10,4,58,0,0,0,0,0,0,0,0,17,0,0,0,79,163,0,0,2,0,0,0,0,0,0,0,13,7,5,0,0,0,0,0,0,0,0,0,0,0,0,0,12,0,0,10,0,0,0,0,0,0,0,0,0,0,30,0,0,0,0,0,0,0,6,0,0,0,0,0,0,0,6,0,0,0,0,0,0,0,0,0,0,0,0,0,0,0,0,0,0,0,0,0,0,0,0,0,0,0,0,0,3,0,0,0,0,0,0,0,0,0,0,2,0,0,0,0,0,0,0,0,0,0,0,0,0,0,0,0,0,0,0,0,0,0,0,0,0,0,0,0,0,0,0,0,0,0,0,0,0,0,0,0,0,0,ATCTCAGG,CTGTCTCTTATACACATCT,2026,5,0.4% Mucin,HS-04-04MUC-48h,HS-04,S-KUHIMM
PL-039,2359,5673,16373,4130,16167,387,6443,43,2142,660,0,30,2350,672,52,0,2772,585,567,938,820,482,1368,246,0,1322,0,0,0,0,4201,0,3,0,0,711,1267,1029,53,0,0,26,14,829,3,0,84,852,0,10,0,122,285,0,0,0,946,186,0,0,6,8,0,0,5,0,14,19,45,0,0,0,0,0,0,0,4,15,0,0,4,52,131,0,0,0,0,0,0,0,0,10,0,0,8,2,0,8,0,0,0,0,0,0,0,0,0,0,0,9,0,0,8,0,0,0,0,0,0,0,0,3,0,26,0,0,0,0,0,5,0,10,0,0,0,0,0,0,0,0,0,0,0,0,0,0,0,0,0,0,0,0,0,0,0,0,0,0,0,0,0,0,0,0,0,0,0,0,0,0,0,0,0,0,0,0,0,0,0,0,0,0,0,0,0,0,0,0,0,0,0,0,0,0,0,0,0,0,0,0,0,0,0,0,0,0,0,0,0,0,0,0,0,0,0,0,0,0,0,0,0,0,0,ATCTCAGG,CTGTCTCTTATACACATCT,2026,5,0.8% Mucin (S-KUHIMM),HS-04-08MUC-48h,HS-04,S-KUHIMM
PL-040,16244,5173,8728,3741,9372,48,13687,0,2354,3424,0,5,904,230,32,0,1314,284,7677,1209,16,665,43,72,0,16,5,0,0,0,2167,0,14,0,0,19,125,26,15,10,8,37,0,386,0,0,8,0,0,4,0,0,33,0,15,0,0,18,0,0,0,8,0,0,0,0,17,713,13,0,0,0,0,5,12,0,0,4,0,118,5,0,0,0,0,0,0,0,0,0,652,159,0,0,0,0,0,36,0,0,0,49,0,0,0,0,0,34,0,0,0,0,9,0,0,0,0,0,0,0,0,0,0,2,0,0,0,0,0,0,0,37,0,0,0,0,0,0,0,0,0,3,0,0,0,0,8,0,0,0,7,0,0,0,0,0,0,0,0,0,0,0,0,0,0,0,0,0,0,0,0,0,0,0,0,0,0,0,2,0,0,0,0,6,0,0,0,0,0,0,0,0,0,0,0,0,0,0,0,0,0,0,0,0,0,0,0,0,0,3,0,0,0,0,0,0,0,0,0,0,0,2,0,ATCTCAGG,CTGTCTCTTATACACATCT,2026,5,4.0% Mucin,HS-04-4MUC-48h,HS-04,S-KUHIMM
PL-041,0,0,16810,15851,10905,2391,4149,11033,73,0,0,4,3865,1093,11803,2710,5,154,144,437,10,409,5160,0,793,0,0,62,0,0,0,0,16,0,13,9,442,91,84,1227,12,81,290,410,0,476,0,17,0,94,0,0,36,0,0,0,0,0,705,0,0,4,0,6,0,0,5,0,12,0,265,0,0,0,0,89,47,0,46,0,0,17,0,0,0,0,0,0,0,0,0,0,0,0,0,0,0,0,0,0,0,0,12,0,8,0,0,0,10,27,0,5,0,0,73,0,0,0,0,19,0,0,0,0,0,0,20,0,0,11,4,0,0,0,0,0,0,10,0,0,14,0,0,0,0,0,0,0,0,0,0,0,10,0,8,0,0,0,0,0,0,0,0,0,0,0,0,0,0,0,0,0,0,0,0,0,0,0,0,0,0,0,4,0,0,0,0,0,0,0,0,2,0,0,0,0,0,0,0,0,0,0,0,0,0,0,0,0,0,0,0,0,0,0,0,0,0,0,0,0,0,0,0,ATCTCAGG,CTGTCTCTTATACACATCT,2026,5,0.0% Mucin (KUHIMM),HS-05-CUL-48h,HS-05,S-KUHIMM
PL-042,1054,4,13769,16817,9687,193,3156,9001,1016,4148,0,54,4555,935,6034,1190,3,918,257,277,107,431,5765,0,1521,36,0,179,31,0,0,0,25,57,786,176,297,444,65,1554,0,610,69,324,0,42,62,650,0,178,2,22,30,0,0,16,90,0,703,22,0,0,0,17,0,0,26,8,9,4,211,0,0,3,0,113,4,0,89,0,0,9,5,3,4,48,0,73,54,0,0,9,0,66,0,5,0,0,0,0,0,0,31,0,16,0,0,0,23,26,38,38,0,0,20,0,65,7,0,79,0,28,0,0,0,0,9,0,0,17,0,0,15,48,12,3,0,0,74,11,0,0,4,7,0,0,0,0,8,0,2,0,0,0,18,0,0,0,0,0,0,17,0,0,0,0,3,0,0,6,0,0,0,2,0,2,0,0,0,0,0,0,0,0,0,0,0,0,0,0,0,0,0,0,0,0,0,0,0,0,0,5,0,0,0,0,0,0,2,0,3,0,0,0,2,0,0,0,0,0,0,0,0,ATCTCAGG,CTGTCTCTTATACACATCT,2026,5,0.4% Mucin,HS-05-04MUC-48h,HS-05,S-KUHIMM
PL-043,674,17,12639,15508,9926,98,3335,11042,1960,2189,0,66,3680,732,4739,1326,0,1218,387,225,87,212,5289,0,1697,30,0,303,0,0,0,0,11,86,1105,189,298,335,33,1701,5,589,79,347,0,75,48,778,0,119,0,129,45,0,6,17,496,0,723,11,7,3,0,32,0,0,31,23,4,0,173,0,0,4,3,154,32,0,182,4,0,0,0,28,6,22,0,66,13,0,0,8,0,62,0,5,0,0,0,0,0,0,64,0,13,0,0,0,35,14,32,40,0,0,88,0,27,8,0,42,0,25,0,0,0,0,5,4,0,6,3,0,0,6,0,0,9,5,20,13,3,0,0,11,0,0,0,0,8,0,0,0,5,0,0,0,0,0,0,0,0,6,0,0,0,0,0,0,0,0,0,0,0,0,0,0,0,0,0,0,0,0,2,0,0,0,0,0,0,0,0,0,0,0,0,6,0,0,0,0,0,0,0,0,0,0,0,0,0,0,0,0,0,0,0,0,0,0,0,0,0,0,0,ATCTCAGG,CTGTCTCTTATACACATCT,2026,5,0.8% Mucin (S-KUHIMM),HS-05-08MUC-48h,HS-05,S-KUHIMM
PL-044,14788,10,8313,5870,700,32,3954,18023,1820,1427,0,5,108,97,2541,186,4,630,518,116,0,9,1038,0,12482,12,0,385,0,0,0,0,12,0,2630,19,0,3,15,115,19,141,0,182,0,11,0,0,0,7,0,117,0,0,0,0,0,0,1667,0,0,3,0,5,0,0,0,385,0,0,7,0,0,8,50,278,0,0,336,52,0,0,0,0,0,0,0,3,0,0,0,88,0,0,0,0,0,11,0,0,0,24,0,0,16,0,0,14,101,0,0,3,0,0,0,0,2,0,0,0,0,0,0,0,0,0,0,0,0,14,0,9,0,0,2,0,0,0,0,0,0,0,0,5,0,0,6,0,0,0,3,8,2,0,0,0,0,0,0,0,0,0,0,0,0,0,0,0,0,0,0,0,0,0,0,0,0,0,0,0,0,0,0,0,0,0,0,0,0,0,0,0,0,0,0,0,0,0,0,0,0,3,0,0,0,0,0,0,0,0,0,0,0,0,0,0,0,0,0,0,0,0,0,ATCTCAGG,CTGTCTCTTATACACATCT,2026,5,4.0% Mucin,HS-05-4MUC-48h,HS-05,S-KUHIMM
PL-045,0,15975,11,5,19661,14938,251,0,6464,0,0,0,6,2714,2214,0,2299,1004,0,615,4012,1199,0,1406,0,10,27,0,4478,0,0,742,145,0,0,99,2619,1117,380,5,0,0,5,5,136,15,37,0,0,44,0,0,310,0,6,40,0,0,0,618,0,9,0,0,0,3,26,0,64,0,0,0,0,4,0,0,4,177,0,0,0,4,0,951,0,8,0,0,0,56,0,0,0,71,514,7,0,48,0,0,0,0,0,0,0,0,116,0,0,16,0,0,9,0,0,0,0,0,0,0,78,0,0,0,0,0,0,0,0,14,0,0,0,0,0,0,0,27,0,0,0,0,0,0,0,0,0,0,0,4,0,0,0,0,0,0,0,0,15,0,0,0,0,0,0,0,0,0,0,2,0,0,0,0,0,0,0,0,0,0,0,0,0,0,0,0,0,0,0,0,0,0,0,0,0,0,0,0,0,0,0,0,0,0,0,0,0,0,0,0,0,0,0,0,0,0,0,0,0,0,0,0,0,ATCTCAGG,CTGTCTCTTATACACATCT,2026,5,0.0% Mucin (KUHIMM),HS-06-CUL-48h,HS-06,S-KUHIMM
PL-046,1169,16170,8,8,13481,5702,458,0,1902,5180,0,28,0,3581,74,0,4382,1442,0,882,4233,2028,0,3046,0,558,1865,0,2204,0,0,714,0,1616,0,10,2570,1689,562,0,11,0,265,32,1364,933,715,0,0,308,0,0,627,0,35,44,6,0,0,764,0,27,0,0,0,417,51,11,256,0,0,0,0,9,0,0,13,374,0,0,2,96,78,306,9,21,0,0,0,108,0,0,0,190,71,55,0,7,0,0,0,0,0,0,0,0,60,0,0,32,14,0,14,12,0,6,0,0,0,0,3,6,0,0,0,33,0,8,0,0,0,0,10,0,0,0,33,3,0,0,0,0,0,10,0,0,0,0,0,30,0,0,0,0,0,0,0,0,19,0,23,0,0,0,0,6,0,0,0,4,0,0,0,0,0,3,0,0,0,0,3,0,0,0,0,0,0,0,0,0,0,0,4,0,0,0,0,0,0,0,0,0,0,0,0,0,0,0,0,0,0,0,0,0,2,0,0,0,0,0,0,0,2,ATCTCAGG,CTGTCTCTTATACACATCT,2026,5,0.4% Mucin,HS-06-04MUC-48h,HS-06,S-KUHIMM
PL-047,1450,12904,0,3,19601,3361,380,0,3182,7995,0,29,0,3640,35,0,4678,1678,0,1113,2867,2332,0,2182,0,986,3416,0,1196,0,0,830,18,1468,0,29,1928,1254,690,4,26,0,239,32,809,704,667,0,0,124,0,0,499,0,16,31,0,0,0,588,0,11,0,0,0,344,41,91,193,0,0,0,0,7,0,0,10,242,0,8,0,107,45,136,6,14,0,0,0,67,0,7,0,121,107,35,0,8,0,0,0,0,0,0,0,0,36,0,0,20,26,0,24,12,0,0,0,0,0,0,76,13,0,0,0,23,0,14,0,2,0,0,0,0,7,0,43,6,0,7,0,0,0,0,0,0,0,0,0,22,0,0,0,0,0,0,0,0,7,0,6,0,0,0,0,0,0,0,0,2,0,0,0,0,0,0,0,0,0,0,7,0,0,3,0,0,0,0,0,0,0,3,0,0,0,0,0,0,0,0,0,0,0,0,0,0,0,0,0,0,0,3,0,0,0,0,0,0,0,0,0,0,0,ATCTCAGG,CTGTCTCTTATACACATCT,2026,5,0.8% Mucin (S-KUHIMM),HS-06-08MUC-48h,HS-06,S-KUHIMM
PL-048,12831,14970,5,5,11780,1115,3707,0,14319,2893,0,107,5,3124,28,0,1854,1618,0,2242,120,1772,0,1330,5,362,1453,0,489,0,0,692,15,90,0,1182,187,189,809,3,1094,0,15,7,56,221,69,0,0,24,0,0,220,0,49,0,0,0,0,0,0,7,0,0,0,7,12,657,36,0,0,0,0,6,15,0,12,11,0,121,3,0,8,0,8,3,0,0,0,28,2,107,0,18,4,0,0,57,0,0,0,41,0,0,0,0,0,25,0,0,0,0,27,0,0,0,0,0,0,0,0,0,0,0,0,7,0,0,0,3,0,0,0,0,0,0,5,21,0,0,0,13,0,0,0,0,8,0,0,0,8,7,0,0,0,0,0,0,0,0,0,0,0,0,0,0,0,0,0,0,0,0,0,0,0,0,3,0,2,0,0,0,5,0,0,0,0,0,0,0,0,0,0,0,0,0,0,0,0,0,0,0,0,0,0,0,0,0,0,0,0,0,0,0,0,0,0,0,0,0,0,0,0,ATCTCAGG,CTGTCTCTTATACACATCT,2026,5,4.0% Mucin,HS-06-4MUC-48h,HS-06,S-KUHIMM